#
# There is insufficient memory for the Java Runtime Environment to continue.
# Native memory allocation (mmap) failed to map 65011712 bytes. Error detail: G1 virtual space
# Possible reasons:
#   The system is out of physical RAM or swap space
#   This process is running with CompressedOops enabled, and the Java Heap may be blocking the growth of the native heap
# Possible solutions:
#   Reduce memory load on the system
#   Increase physical memory or swap space
#   Check if swap backing store is full
#   Decrease Java heap size (-Xmx/-Xms)
#   Decrease number of Java threads
#   Decrease Java thread stack sizes (-Xss)
#   Set larger code cache with -XX:ReservedCodeCacheSize=
#   JVM is running with Unscaled Compressed Oops mode in which the Java heap is
#     placed in the first 4GB address space. The Java Heap base address is the
#     maximum limit for the native heap growth. Please use -XX:HeapBaseMinAddress
#     to set the Java Heap base and to place the Java Heap above 4GB virtual address.
# This output file may be truncated or incomplete.
#
#  Out of Memory Error (os_windows.cpp:3732), pid=30260, tid=23872
#
# JRE version: OpenJDK Runtime Environment Temurin-21.0.12.1+1 (21.0.12.1+1) (build 21.0.12.1+1-LTS)
# Java VM: OpenJDK 64-Bit Server VM Temurin-21.0.12.1+1 (21.0.12.1+1-LTS, mixed mode, sharing, tiered, compressed oops, compressed class ptrs, g1 gc, windows-amd64)
# No core dump will be written. Minidumps are not enabled by default on client versions of Windows
#

---------------  S U M M A R Y ------------

Command Line: --add-opens=java.base/java.lang=ALL-UNNAMED --add-opens=java.base/java.lang.invoke=ALL-UNNAMED --add-opens=java.base/java.util=ALL-UNNAMED --add-opens=java.prefs/java.util.prefs=ALL-UNNAMED --add-exports=jdk.compiler/com.sun.tools.javac.api=ALL-UNNAMED --add-exports=jdk.compiler/com.sun.tools.javac.util=ALL-UNNAMED --add-opens=java.base/java.nio.charset=ALL-UNNAMED --add-opens=java.base/java.net=ALL-UNNAMED --add-opens=java.base/java.util.concurrent=ALL-UNNAMED --add-opens=java.base/java.util.concurrent.atomic=ALL-UNNAMED --add-opens=java.xml/javax.xml.namespace=ALL-UNNAMED --add-opens=java.base/java.time=ALL-UNNAMED -XX:MaxMetaspaceSize=384m -XX:+HeapDumpOnOutOfMemoryError -Xms256m -Xmx512m -Dfile.encoding=UTF-8 -Duser.country=KR -Duser.language=ko -Duser.variant -javaagent:C:\Users\pjoo6\.gradle\wrapper\dists\gradle-9.7.1-bin\1w1c7tv4s851m17nbqdsro2tv\gradle-9.7.1\lib\agents\gradle-instrumentation-agent-9.7.1.jar org.gradle.launcher.daemon.bootstrap.GradleDaemon 9.7.1

Host: 13th Gen Intel(R) Core(TM) i5-1335U, 12 cores, 15G,  Windows 11 , 64 bit Build 26100 (10.0.26100.9444)
Time: Tue Oct  6 02:09:27 2026 elapsed time: 15343.530620 seconds (0d 4h 15m 43s)

---------------  T H R E A D  ---------------

Current thread (0x000001bf022f6760):  VMThread "VM Thread"          [id=23872, stack(0x0000009acd900000,0x0000009acda00000) (1024K)]

Stack: [0x0000009acd900000,0x0000009acda00000]
Native frames: (J=compiled Java code, j=interpreted, Vv=VM code, C=native code)
V  [jvm.dll+0x6d83e9]
V  [jvm.dll+0x8b5736]
V  [jvm.dll+0x8b7cee]
V  [jvm.dll+0x8b83d3]
V  [jvm.dll+0x284596]
V  [jvm.dll+0x6d4d05]
V  [jvm.dll+0x6c898a]
V  [jvm.dll+0x35f2f8]
V  [jvm.dll+0x366f36]
V  [jvm.dll+0x3b804e]
V  [jvm.dll+0x3b82f8]
V  [jvm.dll+0x33320c]
V  [jvm.dll+0x33329a]
V  [jvm.dll+0x377382]
V  [jvm.dll+0x375b1a]
V  [jvm.dll+0x332951]
V  [jvm.dll+0x37517a]
V  [jvm.dll+0x8be0c0]
V  [jvm.dll+0x8bf434]
V  [jvm.dll+0x8bf960]
V  [jvm.dll+0x8bfc03]
V  [jvm.dll+0x8600cd]
V  [jvm.dll+0x6d6c1d]
C  [ucrtbase.dll+0x2cd30]
C  [KERNEL32.DLL+0x2cd87]
C  [ntdll.dll+0xacaec]

VM_Operation (0x0000009ace7fd540): G1CollectForAllocation, mode: safepoint, requested by thread 0x000001bf1d423610


---------------  P R O C E S S  ---------------

Threads class SMR info:
_java_thread_list=0x000001bf1d3bc100, length=29, elements={
0x000001bf6c431110, 0x000001bf0230e020, 0x000001bf02324090, 0x000001bf02328820,
0x000001bf02329280, 0x000001bf02329ce0, 0x000001bf0232a740, 0x000001bf0232b4d0,
0x000001bf0232bf70, 0x000001bf0247b260, 0x000001bf0251cd00, 0x000001bf1c0d7880,
0x000001bf0292e440, 0x000001bf1d423610, 0x000001bf1d722050, 0x000001bf6c43db00,
0x000001bf1e556ed0, 0x000001bf1d1b8e90, 0x000001bf1d1b8170, 0x000001bf1d1b8800,
0x000001bf1d1b7450, 0x000001bf1d1b9520, 0x000001bf1d1b9bb0, 0x000001bf1d1ba8d0,
0x000001bf1ee508a0, 0x000001bf1ee50f30, 0x000001bf1ee522e0, 0x000001bf1ee4fb80,
0x000001bf1ee52970
}

Java Threads: ( => current thread )
  0x000001bf6c431110 JavaThread "main"                              [_thread_blocked, id=30688, stack(0x0000009acd200000,0x0000009acd300000) (1024K)]
  0x000001bf0230e020 JavaThread "Reference Handler"          daemon [_thread_blocked, id=30792, stack(0x0000009acda00000,0x0000009acdb00000) (1024K)]
  0x000001bf02324090 JavaThread "Finalizer"                  daemon [_thread_blocked, id=30796, stack(0x0000009acdb00000,0x0000009acdc00000) (1024K)]
  0x000001bf02328820 JavaThread "Signal Dispatcher"          daemon [_thread_blocked, id=30800, stack(0x0000009acdc00000,0x0000009acdd00000) (1024K)]
  0x000001bf02329280 JavaThread "Attach Listener"            daemon [_thread_blocked, id=30804, stack(0x0000009acdd00000,0x0000009acde00000) (1024K)]
  0x000001bf02329ce0 JavaThread "Service Thread"             daemon [_thread_blocked, id=30808, stack(0x0000009acde00000,0x0000009acdf00000) (1024K)]
  0x000001bf0232a740 JavaThread "Monitor Deflation Thread"   daemon [_thread_blocked, id=30812, stack(0x0000009acdf00000,0x0000009ace000000) (1024K)]
  0x000001bf0232b4d0 JavaThread "C2 CompilerThread0"         daemon [_thread_blocked, id=30816, stack(0x0000009ace000000,0x0000009ace100000) (1024K)]
  0x000001bf0232bf70 JavaThread "C1 CompilerThread0"         daemon [_thread_blocked, id=30820, stack(0x0000009ace100000,0x0000009ace200000) (1024K)]
  0x000001bf0247b260 JavaThread "Common-Cleaner"             daemon [_thread_blocked, id=31036, stack(0x0000009ace200000,0x0000009ace300000) (1024K)]
  0x000001bf0251cd00 JavaThread "Notification Thread"        daemon [_thread_blocked, id=31208, stack(0x0000009ace300000,0x0000009ace400000) (1024K)]
  0x000001bf1c0d7880 JavaThread "Daemon health stats"               [_thread_blocked, id=26180, stack(0x0000009acea00000,0x0000009aceb00000) (1024K)]
  0x000001bf0292e440 JavaThread "Incoming local TCP Connector on port 49795"        [_thread_in_native, id=34880, stack(0x0000009acec00000,0x0000009aced00000) (1024K)]
  0x000001bf1d423610 JavaThread "Daemon periodic checks"            [_thread_blocked, id=9508, stack(0x0000009ace700000,0x0000009ace800000) (1024K)]
  0x000001bf1d722050 JavaThread "Daemon"                            [_thread_blocked, id=43312, stack(0x0000009acee00000,0x0000009acef00000) (1024K)]
  0x000001bf6c43db00 JavaThread "Handler for socket connection from /127.0.0.1:49795 to /127.0.0.1:61715"        [_thread_in_native, id=43364, stack(0x0000009acef00000,0x0000009acf000000) (1024K)]
  0x000001bf1e556ed0 JavaThread "Cancel handler"                    [_thread_blocked, id=43496, stack(0x0000009acf000000,0x0000009acf100000) (1024K)]
  0x000001bf1d1b8e90 JavaThread "Daemon worker"                     [_thread_blocked, id=40452, stack(0x0000009aceb00000,0x0000009acec00000) (1024K)]
  0x000001bf1d1b8170 JavaThread "Asynchronous log dispatcher for DefaultDaemonConnection: socket connection from /127.0.0.1:49795 to /127.0.0.1:61715"        [_thread_blocked, id=40840, stack(0x0000009aced00000,0x0000009acee00000) (1024K)]
  0x000001bf1d1b8800 JavaThread "Stdin handler"                     [_thread_blocked, id=39152, stack(0x0000009acf100000,0x0000009acf200000) (1024K)]
  0x000001bf1d1b7450 JavaThread "Daemon client event forwarder"        [_thread_blocked, id=43772, stack(0x0000009acf200000,0x0000009acf300000) (1024K)]
  0x000001bf1d1b9520 JavaThread "Cache worker for journal cache (C:\Users\pjoo6\.gradle\caches\journal-1)"        [_thread_blocked, id=36736, stack(0x0000009acf600000,0x0000009acf700000) (1024K)]
  0x000001bf1d1b9bb0 JavaThread "File lock request listener"        [_thread_in_native, id=39448, stack(0x0000009acf700000,0x0000009acf800000) (1024K)]
  0x000001bf1d1ba8d0 JavaThread "Cache worker for file hash cache (C:\Users\pjoo6\.gradle\caches\9.7.1\fileHashes)"        [_thread_blocked, id=24376, stack(0x0000009acf900000,0x0000009acfa00000) (1024K)]
  0x000001bf1ee508a0 JavaThread "Cache worker for file hash cache (C:\RegularProject1\oncare_backend\.gradle\9.7.1\fileHashes)"        [_thread_blocked, id=44372, stack(0x0000009acfc00000,0x0000009acfd00000) (1024K)]
  0x000001bf1ee50f30 JavaThread "File watcher server"        daemon [_thread_in_native, id=45956, stack(0x0000009acfe00000,0x0000009acff00000) (1024K)]
  0x000001bf1ee522e0 JavaThread "File watcher consumer"      daemon [_thread_blocked, id=45960, stack(0x0000009acff00000,0x0000009ad0000000) (1024K)]
  0x000001bf1ee4fb80 JavaThread "Cache worker for file content cache (C:\Users\pjoo6\.gradle\caches\9.7.1\fileContent)"        [_thread_blocked, id=36668, stack(0x0000009ad0000000,0x0000009ad0100000) (1024K)]
  0x000001bf1ee52970 JavaThread "Cache worker for checksums cache (C:\RegularProject1\oncare_backend\.gradle\9.7.1\checksums)"        [_thread_blocked, id=45984, stack(0x0000009ad0100000,0x0000009ad0200000) (1024K)]
Total: 29

Other Threads:
=>0x000001bf022f6760 VMThread "VM Thread"                           [id=23872, stack(0x0000009acd900000,0x0000009acda00000) (1024K)]
  0x000001bf022e0450 WatcherThread "VM Periodic Task Thread"        [id=15016, stack(0x0000009acd800000,0x0000009acd900000) (1024K)]
  0x000001bf6c45bf40 WorkerThread "GC Thread#0"                     [id=22248, stack(0x0000009acd300000,0x0000009acd400000) (1024K)]
  0x000001bf026e17c0 WorkerThread "GC Thread#1"                     [id=34540, stack(0x0000009acd000000,0x0000009acd100000) (1024K)]
  0x000001bf026e1b70 WorkerThread "GC Thread#2"                     [id=34596, stack(0x0000009acd100000,0x0000009acd200000) (1024K)]
  0x000001bf026e1f20 WorkerThread "GC Thread#3"                     [id=10080, stack(0x0000009ace400000,0x0000009ace500000) (1024K)]
  0x000001bf02863f90 WorkerThread "GC Thread#4"                     [id=11020, stack(0x0000009ace500000,0x0000009ace600000) (1024K)]
  0x000001bf02864340 WorkerThread "GC Thread#5"                     [id=7836, stack(0x0000009ace600000,0x0000009ace700000) (1024K)]
  0x000001bf1dbe0510 WorkerThread "GC Thread#6"                     [id=35948, stack(0x0000009ace900000,0x0000009acea00000) (1024K)]
  0x000001bf1dbdfdb0 WorkerThread "GC Thread#7"                     [id=38856, stack(0x0000009acf300000,0x0000009acf400000) (1024K)]
  0x000001bf1dbdeb40 WorkerThread "GC Thread#8"                     [id=42216, stack(0x0000009acf400000,0x0000009acf500000) (1024K)]
  0x000001bf1dbe0160 WorkerThread "GC Thread#9"                     [id=38996, stack(0x0000009acf500000,0x0000009acf600000) (1024K)]
  0x000001bf6c460e40 ConcurrentGCThread "G1 Main Marker"            [id=15396, stack(0x0000009acd400000,0x0000009acd500000) (1024K)]
  0x000001bf6c461860 WorkerThread "G1 Conc#0"                       [id=8616, stack(0x0000009acd500000,0x0000009acd600000) (1024K)]
  0x000001bf1d9f03b0 WorkerThread "G1 Conc#1"                       [id=44980, stack(0x0000009acfa00000,0x0000009acfb00000) (1024K)]
  0x000001bf1d9eed90 WorkerThread "G1 Conc#2"                       [id=44984, stack(0x0000009acfb00000,0x0000009acfc00000) (1024K)]
  0x000001bf021ac230 ConcurrentGCThread "G1 Refine#0"               [id=22652, stack(0x0000009acd600000,0x0000009acd700000) (1024K)]
  0x000001bf021aca60 ConcurrentGCThread "G1 Service"                [id=21012, stack(0x0000009acd700000,0x0000009acd800000) (1024K)]
Total: 18

Threads with active compile tasks:
C2 CompilerThread0  15350592 4759   !   4       java.lang.Thread::sleep (82 bytes)
C1 CompilerThread0  15350592 4761       3       java.io.File::getCanonicalFile (38 bytes)
Total: 2

VM state: at safepoint (normal execution)

VM Mutex/Monitor currently owned by a thread:  ([mutex/lock_event])
[0x00007ffdabbdf5b0] Threads_lock - owner thread: 0x000001bf022f6760
[0x00007ffdabbdf6b0] Heap_lock - owner thread: 0x000001bf1d423610

Heap address: 0x00000000e0000000, size: 512 MB, Compressed Oops mode: 32-bit

CDS archive(s) mapped at: [0x000001bf03000000-0x000001bf03ba0000-0x000001bf03ba0000), size 12189696, SharedBaseAddress: 0x000001bf03000000, ArchiveRelocationMode: 1.
Compressed class space mapped at: 0x000001bf04000000-0x000001bf18000000, reserved size: 335544320
Narrow klass base: 0x000001bf03000000, Narrow klass shift: 0, Narrow klass range: 0x100000000

GC Precious Log:
 CardTable entry size: 512
 Card Set container configuration: InlinePtr #cards 5 size 8 Array Of Cards #cards 12 size 40 Howl #buckets 4 coarsen threshold 1843 Howl Bitmap #cards 512 size 80 coarsen threshold 460 Card regions per heap region 1 cards per card region 2048
 CPUs: 12 total, 12 available
 Memory: 16027M
 Large Page Support: Disabled
 NUMA Support: Disabled
 Compressed Oops: Enabled (32-bit)
 Heap Region Size: 1M
 Heap Min Capacity: 256M
 Heap Initial Capacity: 256M
 Heap Max Capacity: 512M
 Pre-touch: Disabled
 Parallel Workers: 10
 Concurrent Workers: 3
 Concurrent Refinement Workers: 10
 Periodic GC: Disabled

Heap:
 garbage-first heap   total 367616K, used 29153K [0x00000000e0000000, 0x0000000100000000)
  region size 1024K, 1 young (1024K), 1 survivors (1024K)
 Metaspace       used 32480K, committed 33920K, reserved 393216K
  class space    used 4878K, committed 5568K, reserved 327680K

Heap Regions: E=young(eden), S=young(survivor), O=old, HS=humongous(starts), HC=humongous(continues), CS=collection set, F=free, TAMS=top-at-mark-start, PB=parsable bottom
|   0|0x00000000e0000000, 0x00000000e0100000, 0x00000000e0100000|100%|HS|  |TAMS 0x00000000e0000000| PB 0x00000000e0000000| Complete 
|   1|0x00000000e0100000, 0x00000000e0200000, 0x00000000e0200000|100%|HC|  |TAMS 0x00000000e0100000| PB 0x00000000e0100000| Complete 
|   2|0x00000000e0200000, 0x00000000e0300000, 0x00000000e0300000|100%|HC|  |TAMS 0x00000000e0200000| PB 0x00000000e0200000| Complete 
|   3|0x00000000e0300000, 0x00000000e0400000, 0x00000000e0400000|100%|HC|  |TAMS 0x00000000e0300000| PB 0x00000000e0300000| Complete 
|   4|0x00000000e0400000, 0x00000000e0500000, 0x00000000e0500000|100%| O|  |TAMS 0x00000000e0400000| PB 0x00000000e0400000| Untracked 
|   5|0x00000000e0500000, 0x00000000e0600000, 0x00000000e0600000|100%| O|  |TAMS 0x00000000e0500000| PB 0x00000000e0500000| Untracked 
|   6|0x00000000e0600000, 0x00000000e0700000, 0x00000000e0700000|100%| O|  |TAMS 0x00000000e0600000| PB 0x00000000e0600000| Untracked 
|   7|0x00000000e0700000, 0x00000000e0800000, 0x00000000e0800000|100%| O|  |TAMS 0x00000000e0700000| PB 0x00000000e0700000| Untracked 
|   8|0x00000000e0800000, 0x00000000e0900000, 0x00000000e0900000|100%| O|  |TAMS 0x00000000e0800000| PB 0x00000000e0800000| Untracked 
|   9|0x00000000e0900000, 0x00000000e0a00000, 0x00000000e0a00000|100%| O|  |TAMS 0x00000000e0900000| PB 0x00000000e0900000| Untracked 
|  10|0x00000000e0a00000, 0x00000000e0b00000, 0x00000000e0b00000|100%| O|  |TAMS 0x00000000e0a00000| PB 0x00000000e0a00000| Untracked 
|  11|0x00000000e0b00000, 0x00000000e0c00000, 0x00000000e0c00000|100%| O|  |TAMS 0x00000000e0b00000| PB 0x00000000e0b00000| Untracked 
|  12|0x00000000e0c00000, 0x00000000e0d00000, 0x00000000e0d00000|100%|HS|  |TAMS 0x00000000e0c00000| PB 0x00000000e0c00000| Complete 
|  13|0x00000000e0d00000, 0x00000000e0e00000, 0x00000000e0e00000|100%| O|  |TAMS 0x00000000e0d00000| PB 0x00000000e0d00000| Untracked 
|  14|0x00000000e0e00000, 0x00000000e0f00000, 0x00000000e0f00000|100%| O|  |TAMS 0x00000000e0e00000| PB 0x00000000e0e00000| Untracked 
|  15|0x00000000e0f00000, 0x00000000e1000000, 0x00000000e1000000|100%| O|  |TAMS 0x00000000e0f00000| PB 0x00000000e0f00000| Untracked 
|  16|0x00000000e1000000, 0x00000000e1100000, 0x00000000e1100000|100%| O|  |TAMS 0x00000000e1000000| PB 0x00000000e1000000| Untracked 
|  17|0x00000000e1100000, 0x00000000e1200000, 0x00000000e1200000|100%| O|  |TAMS 0x00000000e1100000| PB 0x00000000e1100000| Untracked 
|  18|0x00000000e1200000, 0x00000000e1300000, 0x00000000e1300000|100%| O|  |TAMS 0x00000000e1200000| PB 0x00000000e1200000| Untracked 
|  19|0x00000000e1300000, 0x00000000e1400000, 0x00000000e1400000|100%| O|  |TAMS 0x00000000e1300000| PB 0x00000000e1300000| Untracked 
|  20|0x00000000e1400000, 0x00000000e1500000, 0x00000000e1500000|100%| O|  |TAMS 0x00000000e1400000| PB 0x00000000e1400000| Untracked 
|  21|0x00000000e1500000, 0x00000000e1600000, 0x00000000e1600000|100%| O|  |TAMS 0x00000000e1500000| PB 0x00000000e1500000| Untracked 
|  22|0x00000000e1600000, 0x00000000e1700000, 0x00000000e1700000|100%| O|  |TAMS 0x00000000e1600000| PB 0x00000000e1600000| Untracked 
|  23|0x00000000e1700000, 0x00000000e1800000, 0x00000000e1800000|100%| O|  |TAMS 0x00000000e1700000| PB 0x00000000e1700000| Untracked 
|  24|0x00000000e1800000, 0x00000000e1900000, 0x00000000e1900000|100%| O|  |TAMS 0x00000000e1800000| PB 0x00000000e1800000| Untracked 
|  25|0x00000000e1900000, 0x00000000e1a00000, 0x00000000e1a00000|100%| O|  |TAMS 0x00000000e1900000| PB 0x00000000e1900000| Untracked 
|  26|0x00000000e1a00000, 0x00000000e1b00000, 0x00000000e1b00000|100%| O|  |TAMS 0x00000000e1a00000| PB 0x00000000e1a00000| Untracked 
|  27|0x00000000e1b00000, 0x00000000e1c00000, 0x00000000e1c00000|100%| O|  |TAMS 0x00000000e1b00000| PB 0x00000000e1b00000| Untracked 
|  28|0x00000000e1c00000, 0x00000000e1c471e8, 0x00000000e1d00000| 27%| O|  |TAMS 0x00000000e1c00000| PB 0x00000000e1c00000| Untracked 
|  29|0x00000000e1d00000, 0x00000000e1d00000, 0x00000000e1e00000|  0%| F|  |TAMS 0x00000000e1d00000| PB 0x00000000e1d00000| Untracked 
|  30|0x00000000e1e00000, 0x00000000e1e00000, 0x00000000e1f00000|  0%| F|  |TAMS 0x00000000e1e00000| PB 0x00000000e1e00000| Untracked 
|  31|0x00000000e1f00000, 0x00000000e1f00000, 0x00000000e2000000|  0%| F|  |TAMS 0x00000000e1f00000| PB 0x00000000e1f00000| Untracked 
|  32|0x00000000e2000000, 0x00000000e2000000, 0x00000000e2100000|  0%| F|  |TAMS 0x00000000e2000000| PB 0x00000000e2000000| Untracked 
|  33|0x00000000e2100000, 0x00000000e2100000, 0x00000000e2200000|  0%| F|  |TAMS 0x00000000e2100000| PB 0x00000000e2100000| Untracked 
|  34|0x00000000e2200000, 0x00000000e2200000, 0x00000000e2300000|  0%| F|  |TAMS 0x00000000e2200000| PB 0x00000000e2200000| Untracked 
|  35|0x00000000e2300000, 0x00000000e2300000, 0x00000000e2400000|  0%| F|  |TAMS 0x00000000e2300000| PB 0x00000000e2300000| Untracked 
|  36|0x00000000e2400000, 0x00000000e2400000, 0x00000000e2500000|  0%| F|  |TAMS 0x00000000e2400000| PB 0x00000000e2400000| Untracked 
|  37|0x00000000e2500000, 0x00000000e2500000, 0x00000000e2600000|  0%| F|  |TAMS 0x00000000e2500000| PB 0x00000000e2500000| Untracked 
|  38|0x00000000e2600000, 0x00000000e2600000, 0x00000000e2700000|  0%| F|  |TAMS 0x00000000e2600000| PB 0x00000000e2600000| Untracked 
|  39|0x00000000e2700000, 0x00000000e2700000, 0x00000000e2800000|  0%| F|  |TAMS 0x00000000e2700000| PB 0x00000000e2700000| Untracked 
|  40|0x00000000e2800000, 0x00000000e2800000, 0x00000000e2900000|  0%| F|  |TAMS 0x00000000e2800000| PB 0x00000000e2800000| Untracked 
|  41|0x00000000e2900000, 0x00000000e2900000, 0x00000000e2a00000|  0%| F|  |TAMS 0x00000000e2900000| PB 0x00000000e2900000| Untracked 
|  42|0x00000000e2a00000, 0x00000000e2a00000, 0x00000000e2b00000|  0%| F|  |TAMS 0x00000000e2a00000| PB 0x00000000e2a00000| Untracked 
|  43|0x00000000e2b00000, 0x00000000e2b00000, 0x00000000e2c00000|  0%| F|  |TAMS 0x00000000e2b00000| PB 0x00000000e2b00000| Untracked 
|  44|0x00000000e2c00000, 0x00000000e2c00000, 0x00000000e2d00000|  0%| F|  |TAMS 0x00000000e2c00000| PB 0x00000000e2c00000| Untracked 
|  45|0x00000000e2d00000, 0x00000000e2d00000, 0x00000000e2e00000|  0%| F|  |TAMS 0x00000000e2d00000| PB 0x00000000e2d00000| Untracked 
|  46|0x00000000e2e00000, 0x00000000e2e00000, 0x00000000e2f00000|  0%| F|  |TAMS 0x00000000e2e00000| PB 0x00000000e2e00000| Untracked 
|  47|0x00000000e2f00000, 0x00000000e2f00000, 0x00000000e3000000|  0%| F|  |TAMS 0x00000000e2f00000| PB 0x00000000e2f00000| Untracked 
|  48|0x00000000e3000000, 0x00000000e3000000, 0x00000000e3100000|  0%| F|  |TAMS 0x00000000e3000000| PB 0x00000000e3000000| Untracked 
|  49|0x00000000e3100000, 0x00000000e3100000, 0x00000000e3200000|  0%| F|  |TAMS 0x00000000e3100000| PB 0x00000000e3100000| Untracked 
|  50|0x00000000e3200000, 0x00000000e3200000, 0x00000000e3300000|  0%| F|  |TAMS 0x00000000e3200000| PB 0x00000000e3200000| Untracked 
|  51|0x00000000e3300000, 0x00000000e3300000, 0x00000000e3400000|  0%| F|  |TAMS 0x00000000e3300000| PB 0x00000000e3300000| Untracked 
|  52|0x00000000e3400000, 0x00000000e3400000, 0x00000000e3500000|  0%| F|  |TAMS 0x00000000e3400000| PB 0x00000000e3400000| Untracked 
|  53|0x00000000e3500000, 0x00000000e3500000, 0x00000000e3600000|  0%| F|  |TAMS 0x00000000e3500000| PB 0x00000000e3500000| Untracked 
|  54|0x00000000e3600000, 0x00000000e3600000, 0x00000000e3700000|  0%| F|  |TAMS 0x00000000e3600000| PB 0x00000000e3600000| Untracked 
|  55|0x00000000e3700000, 0x00000000e3700000, 0x00000000e3800000|  0%| F|  |TAMS 0x00000000e3700000| PB 0x00000000e3700000| Untracked 
|  56|0x00000000e3800000, 0x00000000e3800000, 0x00000000e3900000|  0%| F|  |TAMS 0x00000000e3800000| PB 0x00000000e3800000| Untracked 
|  57|0x00000000e3900000, 0x00000000e3900000, 0x00000000e3a00000|  0%| F|  |TAMS 0x00000000e3900000| PB 0x00000000e3900000| Untracked 
|  58|0x00000000e3a00000, 0x00000000e3a00000, 0x00000000e3b00000|  0%| F|  |TAMS 0x00000000e3a00000| PB 0x00000000e3a00000| Untracked 
|  59|0x00000000e3b00000, 0x00000000e3b00000, 0x00000000e3c00000|  0%| F|  |TAMS 0x00000000e3b00000| PB 0x00000000e3b00000| Untracked 
|  60|0x00000000e3c00000, 0x00000000e3c00000, 0x00000000e3d00000|  0%| F|  |TAMS 0x00000000e3c00000| PB 0x00000000e3c00000| Untracked 
|  61|0x00000000e3d00000, 0x00000000e3d00000, 0x00000000e3e00000|  0%| F|  |TAMS 0x00000000e3d00000| PB 0x00000000e3d00000| Untracked 
|  62|0x00000000e3e00000, 0x00000000e3e00000, 0x00000000e3f00000|  0%| F|  |TAMS 0x00000000e3e00000| PB 0x00000000e3e00000| Untracked 
|  63|0x00000000e3f00000, 0x00000000e3f00000, 0x00000000e4000000|  0%| F|  |TAMS 0x00000000e3f00000| PB 0x00000000e3f00000| Untracked 
|  64|0x00000000e4000000, 0x00000000e4000000, 0x00000000e4100000|  0%| F|  |TAMS 0x00000000e4000000| PB 0x00000000e4000000| Untracked 
|  65|0x00000000e4100000, 0x00000000e4100000, 0x00000000e4200000|  0%| F|  |TAMS 0x00000000e4100000| PB 0x00000000e4100000| Untracked 
|  66|0x00000000e4200000, 0x00000000e4200000, 0x00000000e4300000|  0%| F|  |TAMS 0x00000000e4200000| PB 0x00000000e4200000| Untracked 
|  67|0x00000000e4300000, 0x00000000e4300000, 0x00000000e4400000|  0%| F|  |TAMS 0x00000000e4300000| PB 0x00000000e4300000| Untracked 
|  68|0x00000000e4400000, 0x00000000e4400000, 0x00000000e4500000|  0%| F|  |TAMS 0x00000000e4400000| PB 0x00000000e4400000| Untracked 
|  69|0x00000000e4500000, 0x00000000e4500000, 0x00000000e4600000|  0%| F|  |TAMS 0x00000000e4500000| PB 0x00000000e4500000| Untracked 
|  70|0x00000000e4600000, 0x00000000e4600000, 0x00000000e4700000|  0%| F|  |TAMS 0x00000000e4600000| PB 0x00000000e4600000| Untracked 
|  71|0x00000000e4700000, 0x00000000e4700000, 0x00000000e4800000|  0%| F|  |TAMS 0x00000000e4700000| PB 0x00000000e4700000| Untracked 
|  72|0x00000000e4800000, 0x00000000e4800000, 0x00000000e4900000|  0%| F|  |TAMS 0x00000000e4800000| PB 0x00000000e4800000| Untracked 
|  73|0x00000000e4900000, 0x00000000e4900000, 0x00000000e4a00000|  0%| F|  |TAMS 0x00000000e4900000| PB 0x00000000e4900000| Untracked 
|  74|0x00000000e4a00000, 0x00000000e4a00000, 0x00000000e4b00000|  0%| F|  |TAMS 0x00000000e4a00000| PB 0x00000000e4a00000| Untracked 
|  75|0x00000000e4b00000, 0x00000000e4b00000, 0x00000000e4c00000|  0%| F|  |TAMS 0x00000000e4b00000| PB 0x00000000e4b00000| Untracked 
|  76|0x00000000e4c00000, 0x00000000e4c00000, 0x00000000e4d00000|  0%| F|  |TAMS 0x00000000e4c00000| PB 0x00000000e4c00000| Untracked 
|  77|0x00000000e4d00000, 0x00000000e4d00000, 0x00000000e4e00000|  0%| F|  |TAMS 0x00000000e4d00000| PB 0x00000000e4d00000| Untracked 
|  78|0x00000000e4e00000, 0x00000000e4e00000, 0x00000000e4f00000|  0%| F|  |TAMS 0x00000000e4e00000| PB 0x00000000e4e00000| Untracked 
|  79|0x00000000e4f00000, 0x00000000e4f00000, 0x00000000e5000000|  0%| F|  |TAMS 0x00000000e4f00000| PB 0x00000000e4f00000| Untracked 
|  80|0x00000000e5000000, 0x00000000e5000000, 0x00000000e5100000|  0%| F|  |TAMS 0x00000000e5000000| PB 0x00000000e5000000| Untracked 
|  81|0x00000000e5100000, 0x00000000e5100000, 0x00000000e5200000|  0%| F|  |TAMS 0x00000000e5100000| PB 0x00000000e5100000| Untracked 
|  82|0x00000000e5200000, 0x00000000e5200000, 0x00000000e5300000|  0%| F|  |TAMS 0x00000000e5200000| PB 0x00000000e5200000| Untracked 
|  83|0x00000000e5300000, 0x00000000e5300000, 0x00000000e5400000|  0%| F|  |TAMS 0x00000000e5300000| PB 0x00000000e5300000| Untracked 
|  84|0x00000000e5400000, 0x00000000e5400000, 0x00000000e5500000|  0%| F|  |TAMS 0x00000000e5400000| PB 0x00000000e5400000| Untracked 
|  85|0x00000000e5500000, 0x00000000e5500000, 0x00000000e5600000|  0%| F|  |TAMS 0x00000000e5500000| PB 0x00000000e5500000| Untracked 
|  86|0x00000000e5600000, 0x00000000e5600000, 0x00000000e5700000|  0%| F|  |TAMS 0x00000000e5600000| PB 0x00000000e5600000| Untracked 
|  87|0x00000000e5700000, 0x00000000e5700000, 0x00000000e5800000|  0%| F|  |TAMS 0x00000000e5700000| PB 0x00000000e5700000| Untracked 
|  88|0x00000000e5800000, 0x00000000e5800000, 0x00000000e5900000|  0%| F|  |TAMS 0x00000000e5800000| PB 0x00000000e5800000| Untracked 
|  89|0x00000000e5900000, 0x00000000e5900000, 0x00000000e5a00000|  0%| F|  |TAMS 0x00000000e5900000| PB 0x00000000e5900000| Untracked 
|  90|0x00000000e5a00000, 0x00000000e5a00000, 0x00000000e5b00000|  0%| F|  |TAMS 0x00000000e5a00000| PB 0x00000000e5a00000| Untracked 
|  91|0x00000000e5b00000, 0x00000000e5b00000, 0x00000000e5c00000|  0%| F|  |TAMS 0x00000000e5b00000| PB 0x00000000e5b00000| Untracked 
|  92|0x00000000e5c00000, 0x00000000e5c00000, 0x00000000e5d00000|  0%| F|  |TAMS 0x00000000e5c00000| PB 0x00000000e5c00000| Untracked 
|  93|0x00000000e5d00000, 0x00000000e5d00000, 0x00000000e5e00000|  0%| F|  |TAMS 0x00000000e5d00000| PB 0x00000000e5d00000| Untracked 
|  94|0x00000000e5e00000, 0x00000000e5e00000, 0x00000000e5f00000|  0%| F|  |TAMS 0x00000000e5e00000| PB 0x00000000e5e00000| Untracked 
|  95|0x00000000e5f00000, 0x00000000e5f00000, 0x00000000e6000000|  0%| F|  |TAMS 0x00000000e5f00000| PB 0x00000000e5f00000| Untracked 
|  96|0x00000000e6000000, 0x00000000e6000000, 0x00000000e6100000|  0%| F|  |TAMS 0x00000000e6000000| PB 0x00000000e6000000| Untracked 
|  97|0x00000000e6100000, 0x00000000e6100000, 0x00000000e6200000|  0%| F|  |TAMS 0x00000000e6100000| PB 0x00000000e6100000| Untracked 
|  98|0x00000000e6200000, 0x00000000e6200000, 0x00000000e6300000|  0%| F|  |TAMS 0x00000000e6200000| PB 0x00000000e6200000| Untracked 
|  99|0x00000000e6300000, 0x00000000e6300000, 0x00000000e6400000|  0%| F|  |TAMS 0x00000000e6300000| PB 0x00000000e6300000| Untracked 
| 100|0x00000000e6400000, 0x00000000e6400000, 0x00000000e6500000|  0%| F|  |TAMS 0x00000000e6400000| PB 0x00000000e6400000| Untracked 
| 101|0x00000000e6500000, 0x00000000e6500000, 0x00000000e6600000|  0%| F|  |TAMS 0x00000000e6500000| PB 0x00000000e6500000| Untracked 
| 102|0x00000000e6600000, 0x00000000e6600000, 0x00000000e6700000|  0%| F|  |TAMS 0x00000000e6600000| PB 0x00000000e6600000| Untracked 
| 103|0x00000000e6700000, 0x00000000e6700000, 0x00000000e6800000|  0%| F|  |TAMS 0x00000000e6700000| PB 0x00000000e6700000| Untracked 
| 104|0x00000000e6800000, 0x00000000e6800000, 0x00000000e6900000|  0%| F|  |TAMS 0x00000000e6800000| PB 0x00000000e6800000| Untracked 
| 105|0x00000000e6900000, 0x00000000e6900000, 0x00000000e6a00000|  0%| F|  |TAMS 0x00000000e6900000| PB 0x00000000e6900000| Untracked 
| 106|0x00000000e6a00000, 0x00000000e6a00000, 0x00000000e6b00000|  0%| F|  |TAMS 0x00000000e6a00000| PB 0x00000000e6a00000| Untracked 
| 107|0x00000000e6b00000, 0x00000000e6b00000, 0x00000000e6c00000|  0%| F|  |TAMS 0x00000000e6b00000| PB 0x00000000e6b00000| Untracked 
| 108|0x00000000e6c00000, 0x00000000e6c00000, 0x00000000e6d00000|  0%| F|  |TAMS 0x00000000e6c00000| PB 0x00000000e6c00000| Untracked 
| 109|0x00000000e6d00000, 0x00000000e6d00000, 0x00000000e6e00000|  0%| F|  |TAMS 0x00000000e6d00000| PB 0x00000000e6d00000| Untracked 
| 110|0x00000000e6e00000, 0x00000000e6e00000, 0x00000000e6f00000|  0%| F|  |TAMS 0x00000000e6e00000| PB 0x00000000e6e00000| Untracked 
| 111|0x00000000e6f00000, 0x00000000e6f00000, 0x00000000e7000000|  0%| F|  |TAMS 0x00000000e6f00000| PB 0x00000000e6f00000| Untracked 
| 112|0x00000000e7000000, 0x00000000e7000000, 0x00000000e7100000|  0%| F|  |TAMS 0x00000000e7000000| PB 0x00000000e7000000| Untracked 
| 113|0x00000000e7100000, 0x00000000e7100000, 0x00000000e7200000|  0%| F|  |TAMS 0x00000000e7100000| PB 0x00000000e7100000| Untracked 
| 114|0x00000000e7200000, 0x00000000e7200000, 0x00000000e7300000|  0%| F|  |TAMS 0x00000000e7200000| PB 0x00000000e7200000| Untracked 
| 115|0x00000000e7300000, 0x00000000e7300000, 0x00000000e7400000|  0%| F|  |TAMS 0x00000000e7300000| PB 0x00000000e7300000| Untracked 
| 116|0x00000000e7400000, 0x00000000e7400000, 0x00000000e7500000|  0%| F|  |TAMS 0x00000000e7400000| PB 0x00000000e7400000| Untracked 
| 117|0x00000000e7500000, 0x00000000e7500000, 0x00000000e7600000|  0%| F|  |TAMS 0x00000000e7500000| PB 0x00000000e7500000| Untracked 
| 118|0x00000000e7600000, 0x00000000e7600000, 0x00000000e7700000|  0%| F|  |TAMS 0x00000000e7600000| PB 0x00000000e7600000| Untracked 
| 119|0x00000000e7700000, 0x00000000e7700000, 0x00000000e7800000|  0%| F|  |TAMS 0x00000000e7700000| PB 0x00000000e7700000| Untracked 
| 120|0x00000000e7800000, 0x00000000e7800000, 0x00000000e7900000|  0%| F|  |TAMS 0x00000000e7800000| PB 0x00000000e7800000| Untracked 
| 121|0x00000000e7900000, 0x00000000e7900000, 0x00000000e7a00000|  0%| F|  |TAMS 0x00000000e7900000| PB 0x00000000e7900000| Untracked 
| 122|0x00000000e7a00000, 0x00000000e7a00000, 0x00000000e7b00000|  0%| F|  |TAMS 0x00000000e7a00000| PB 0x00000000e7a00000| Untracked 
| 123|0x00000000e7b00000, 0x00000000e7b00000, 0x00000000e7c00000|  0%| F|  |TAMS 0x00000000e7b00000| PB 0x00000000e7b00000| Untracked 
| 124|0x00000000e7c00000, 0x00000000e7c00000, 0x00000000e7d00000|  0%| F|  |TAMS 0x00000000e7c00000| PB 0x00000000e7c00000| Untracked 
| 125|0x00000000e7d00000, 0x00000000e7d00000, 0x00000000e7e00000|  0%| F|  |TAMS 0x00000000e7d00000| PB 0x00000000e7d00000| Untracked 
| 126|0x00000000e7e00000, 0x00000000e7e00000, 0x00000000e7f00000|  0%| F|  |TAMS 0x00000000e7e00000| PB 0x00000000e7e00000| Untracked 
| 127|0x00000000e7f00000, 0x00000000e7f00000, 0x00000000e8000000|  0%| F|  |TAMS 0x00000000e7f00000| PB 0x00000000e7f00000| Untracked 
| 128|0x00000000e8000000, 0x00000000e8000000, 0x00000000e8100000|  0%| F|  |TAMS 0x00000000e8000000| PB 0x00000000e8000000| Untracked 
| 129|0x00000000e8100000, 0x00000000e8100000, 0x00000000e8200000|  0%| F|  |TAMS 0x00000000e8100000| PB 0x00000000e8100000| Untracked 
| 130|0x00000000e8200000, 0x00000000e8200000, 0x00000000e8300000|  0%| F|  |TAMS 0x00000000e8200000| PB 0x00000000e8200000| Untracked 
| 131|0x00000000e8300000, 0x00000000e8300000, 0x00000000e8400000|  0%| F|  |TAMS 0x00000000e8300000| PB 0x00000000e8300000| Untracked 
| 132|0x00000000e8400000, 0x00000000e8400000, 0x00000000e8500000|  0%| F|  |TAMS 0x00000000e8400000| PB 0x00000000e8400000| Untracked 
| 133|0x00000000e8500000, 0x00000000e8500000, 0x00000000e8600000|  0%| F|  |TAMS 0x00000000e8500000| PB 0x00000000e8500000| Untracked 
| 134|0x00000000e8600000, 0x00000000e8600000, 0x00000000e8700000|  0%| F|  |TAMS 0x00000000e8600000| PB 0x00000000e8600000| Untracked 
| 135|0x00000000e8700000, 0x00000000e8700000, 0x00000000e8800000|  0%| F|  |TAMS 0x00000000e8700000| PB 0x00000000e8700000| Untracked 
| 136|0x00000000e8800000, 0x00000000e8800000, 0x00000000e8900000|  0%| F|  |TAMS 0x00000000e8800000| PB 0x00000000e8800000| Untracked 
| 137|0x00000000e8900000, 0x00000000e8900000, 0x00000000e8a00000|  0%| F|  |TAMS 0x00000000e8900000| PB 0x00000000e8900000| Untracked 
| 138|0x00000000e8a00000, 0x00000000e8a00000, 0x00000000e8b00000|  0%| F|  |TAMS 0x00000000e8a00000| PB 0x00000000e8a00000| Untracked 
| 139|0x00000000e8b00000, 0x00000000e8b00000, 0x00000000e8c00000|  0%| F|  |TAMS 0x00000000e8b00000| PB 0x00000000e8b00000| Untracked 
| 140|0x00000000e8c00000, 0x00000000e8c00000, 0x00000000e8d00000|  0%| F|  |TAMS 0x00000000e8c00000| PB 0x00000000e8c00000| Untracked 
| 141|0x00000000e8d00000, 0x00000000e8d00000, 0x00000000e8e00000|  0%| F|  |TAMS 0x00000000e8d00000| PB 0x00000000e8d00000| Untracked 
| 142|0x00000000e8e00000, 0x00000000e8e00000, 0x00000000e8f00000|  0%| F|  |TAMS 0x00000000e8e00000| PB 0x00000000e8e00000| Untracked 
| 143|0x00000000e8f00000, 0x00000000e8f00000, 0x00000000e9000000|  0%| F|  |TAMS 0x00000000e8f00000| PB 0x00000000e8f00000| Untracked 
| 144|0x00000000e9000000, 0x00000000e9000000, 0x00000000e9100000|  0%| F|  |TAMS 0x00000000e9000000| PB 0x00000000e9000000| Untracked 
| 145|0x00000000e9100000, 0x00000000e9100000, 0x00000000e9200000|  0%| F|  |TAMS 0x00000000e9100000| PB 0x00000000e9100000| Untracked 
| 146|0x00000000e9200000, 0x00000000e9200000, 0x00000000e9300000|  0%| F|  |TAMS 0x00000000e9200000| PB 0x00000000e9200000| Untracked 
| 147|0x00000000e9300000, 0x00000000e9300000, 0x00000000e9400000|  0%| F|  |TAMS 0x00000000e9300000| PB 0x00000000e9300000| Untracked 
| 148|0x00000000e9400000, 0x00000000e9400000, 0x00000000e9500000|  0%| F|  |TAMS 0x00000000e9400000| PB 0x00000000e9400000| Untracked 
| 149|0x00000000e9500000, 0x00000000e9500000, 0x00000000e9600000|  0%| F|  |TAMS 0x00000000e9500000| PB 0x00000000e9500000| Untracked 
| 150|0x00000000e9600000, 0x00000000e9600000, 0x00000000e9700000|  0%| F|  |TAMS 0x00000000e9600000| PB 0x00000000e9600000| Untracked 
| 151|0x00000000e9700000, 0x00000000e9700000, 0x00000000e9800000|  0%| F|  |TAMS 0x00000000e9700000| PB 0x00000000e9700000| Untracked 
| 152|0x00000000e9800000, 0x00000000e9800000, 0x00000000e9900000|  0%| F|  |TAMS 0x00000000e9800000| PB 0x00000000e9800000| Untracked 
| 153|0x00000000e9900000, 0x00000000e9900000, 0x00000000e9a00000|  0%| F|  |TAMS 0x00000000e9900000| PB 0x00000000e9900000| Untracked 
| 154|0x00000000e9a00000, 0x00000000e9a00000, 0x00000000e9b00000|  0%| F|  |TAMS 0x00000000e9a00000| PB 0x00000000e9a00000| Untracked 
| 155|0x00000000e9b00000, 0x00000000e9b00000, 0x00000000e9c00000|  0%| F|  |TAMS 0x00000000e9b00000| PB 0x00000000e9b00000| Untracked 
| 156|0x00000000e9c00000, 0x00000000e9c00000, 0x00000000e9d00000|  0%| F|  |TAMS 0x00000000e9c00000| PB 0x00000000e9c00000| Untracked 
| 157|0x00000000e9d00000, 0x00000000e9d00000, 0x00000000e9e00000|  0%| F|  |TAMS 0x00000000e9d00000| PB 0x00000000e9d00000| Untracked 
| 158|0x00000000e9e00000, 0x00000000e9e00000, 0x00000000e9f00000|  0%| F|  |TAMS 0x00000000e9e00000| PB 0x00000000e9e00000| Untracked 
| 159|0x00000000e9f00000, 0x00000000e9f00000, 0x00000000ea000000|  0%| F|  |TAMS 0x00000000e9f00000| PB 0x00000000e9f00000| Untracked 
| 160|0x00000000ea000000, 0x00000000ea000000, 0x00000000ea100000|  0%| F|  |TAMS 0x00000000ea000000| PB 0x00000000ea000000| Untracked 
| 161|0x00000000ea100000, 0x00000000ea100000, 0x00000000ea200000|  0%| F|  |TAMS 0x00000000ea100000| PB 0x00000000ea100000| Untracked 
| 162|0x00000000ea200000, 0x00000000ea200000, 0x00000000ea300000|  0%| F|  |TAMS 0x00000000ea200000| PB 0x00000000ea200000| Untracked 
| 163|0x00000000ea300000, 0x00000000ea300000, 0x00000000ea400000|  0%| F|  |TAMS 0x00000000ea300000| PB 0x00000000ea300000| Untracked 
| 164|0x00000000ea400000, 0x00000000ea400000, 0x00000000ea500000|  0%| F|  |TAMS 0x00000000ea400000| PB 0x00000000ea400000| Untracked 
| 165|0x00000000ea500000, 0x00000000ea500000, 0x00000000ea600000|  0%| F|  |TAMS 0x00000000ea500000| PB 0x00000000ea500000| Untracked 
| 166|0x00000000ea600000, 0x00000000ea600000, 0x00000000ea700000|  0%| F|  |TAMS 0x00000000ea600000| PB 0x00000000ea600000| Untracked 
| 167|0x00000000ea700000, 0x00000000ea700000, 0x00000000ea800000|  0%| F|  |TAMS 0x00000000ea700000| PB 0x00000000ea700000| Untracked 
| 168|0x00000000ea800000, 0x00000000ea800000, 0x00000000ea900000|  0%| F|  |TAMS 0x00000000ea800000| PB 0x00000000ea800000| Untracked 
| 169|0x00000000ea900000, 0x00000000ea900000, 0x00000000eaa00000|  0%| F|  |TAMS 0x00000000ea900000| PB 0x00000000ea900000| Untracked 
| 170|0x00000000eaa00000, 0x00000000eaa00000, 0x00000000eab00000|  0%| F|  |TAMS 0x00000000eaa00000| PB 0x00000000eaa00000| Untracked 
| 171|0x00000000eab00000, 0x00000000eab00000, 0x00000000eac00000|  0%| F|  |TAMS 0x00000000eab00000| PB 0x00000000eab00000| Untracked 
| 172|0x00000000eac00000, 0x00000000eac00000, 0x00000000ead00000|  0%| F|  |TAMS 0x00000000eac00000| PB 0x00000000eac00000| Untracked 
| 173|0x00000000ead00000, 0x00000000ead00000, 0x00000000eae00000|  0%| F|  |TAMS 0x00000000ead00000| PB 0x00000000ead00000| Untracked 
| 174|0x00000000eae00000, 0x00000000eae00000, 0x00000000eaf00000|  0%| F|  |TAMS 0x00000000eae00000| PB 0x00000000eae00000| Untracked 
| 175|0x00000000eaf00000, 0x00000000eaf00000, 0x00000000eb000000|  0%| F|  |TAMS 0x00000000eaf00000| PB 0x00000000eaf00000| Untracked 
| 176|0x00000000eb000000, 0x00000000eb000000, 0x00000000eb100000|  0%| F|  |TAMS 0x00000000eb000000| PB 0x00000000eb000000| Untracked 
| 177|0x00000000eb100000, 0x00000000eb100000, 0x00000000eb200000|  0%| F|  |TAMS 0x00000000eb100000| PB 0x00000000eb100000| Untracked 
| 178|0x00000000eb200000, 0x00000000eb200000, 0x00000000eb300000|  0%| F|  |TAMS 0x00000000eb200000| PB 0x00000000eb200000| Untracked 
| 179|0x00000000eb300000, 0x00000000eb300000, 0x00000000eb400000|  0%| F|  |TAMS 0x00000000eb300000| PB 0x00000000eb300000| Untracked 
| 180|0x00000000eb400000, 0x00000000eb400000, 0x00000000eb500000|  0%| F|  |TAMS 0x00000000eb400000| PB 0x00000000eb400000| Untracked 
| 181|0x00000000eb500000, 0x00000000eb500000, 0x00000000eb600000|  0%| F|  |TAMS 0x00000000eb500000| PB 0x00000000eb500000| Untracked 
| 182|0x00000000eb600000, 0x00000000eb600000, 0x00000000eb700000|  0%| F|  |TAMS 0x00000000eb600000| PB 0x00000000eb600000| Untracked 
| 183|0x00000000eb700000, 0x00000000eb700000, 0x00000000eb800000|  0%| F|  |TAMS 0x00000000eb700000| PB 0x00000000eb700000| Untracked 
| 184|0x00000000eb800000, 0x00000000eb800000, 0x00000000eb900000|  0%| F|  |TAMS 0x00000000eb800000| PB 0x00000000eb800000| Untracked 
| 185|0x00000000eb900000, 0x00000000eb900000, 0x00000000eba00000|  0%| F|  |TAMS 0x00000000eb900000| PB 0x00000000eb900000| Untracked 
| 186|0x00000000eba00000, 0x00000000eba00000, 0x00000000ebb00000|  0%| F|  |TAMS 0x00000000eba00000| PB 0x00000000eba00000| Untracked 
| 187|0x00000000ebb00000, 0x00000000ebb00000, 0x00000000ebc00000|  0%| F|  |TAMS 0x00000000ebb00000| PB 0x00000000ebb00000| Untracked 
| 188|0x00000000ebc00000, 0x00000000ebc00000, 0x00000000ebd00000|  0%| F|  |TAMS 0x00000000ebc00000| PB 0x00000000ebc00000| Untracked 
| 189|0x00000000ebd00000, 0x00000000ebd00000, 0x00000000ebe00000|  0%| F|  |TAMS 0x00000000ebd00000| PB 0x00000000ebd00000| Untracked 
| 190|0x00000000ebe00000, 0x00000000ebe00000, 0x00000000ebf00000|  0%| F|  |TAMS 0x00000000ebe00000| PB 0x00000000ebe00000| Untracked 
| 191|0x00000000ebf00000, 0x00000000ebf00000, 0x00000000ec000000|  0%| F|  |TAMS 0x00000000ebf00000| PB 0x00000000ebf00000| Untracked 
| 192|0x00000000ec000000, 0x00000000ec000000, 0x00000000ec100000|  0%| F|  |TAMS 0x00000000ec000000| PB 0x00000000ec000000| Untracked 
| 193|0x00000000ec100000, 0x00000000ec100000, 0x00000000ec200000|  0%| F|  |TAMS 0x00000000ec100000| PB 0x00000000ec100000| Untracked 
| 194|0x00000000ec200000, 0x00000000ec200000, 0x00000000ec300000|  0%| F|  |TAMS 0x00000000ec200000| PB 0x00000000ec200000| Untracked 
| 195|0x00000000ec300000, 0x00000000ec300000, 0x00000000ec400000|  0%| F|  |TAMS 0x00000000ec300000| PB 0x00000000ec300000| Untracked 
| 196|0x00000000ec400000, 0x00000000ec400000, 0x00000000ec500000|  0%| F|  |TAMS 0x00000000ec400000| PB 0x00000000ec400000| Untracked 
| 197|0x00000000ec500000, 0x00000000ec500000, 0x00000000ec600000|  0%| F|  |TAMS 0x00000000ec500000| PB 0x00000000ec500000| Untracked 
| 198|0x00000000ec600000, 0x00000000ec600000, 0x00000000ec700000|  0%| F|  |TAMS 0x00000000ec600000| PB 0x00000000ec600000| Untracked 
| 199|0x00000000ec700000, 0x00000000ec700000, 0x00000000ec800000|  0%| F|  |TAMS 0x00000000ec700000| PB 0x00000000ec700000| Untracked 
| 200|0x00000000ec800000, 0x00000000ec800000, 0x00000000ec900000|  0%| F|  |TAMS 0x00000000ec800000| PB 0x00000000ec800000| Untracked 
| 201|0x00000000ec900000, 0x00000000ec900000, 0x00000000eca00000|  0%| F|  |TAMS 0x00000000ec900000| PB 0x00000000ec900000| Untracked 
| 202|0x00000000eca00000, 0x00000000eca00000, 0x00000000ecb00000|  0%| F|  |TAMS 0x00000000eca00000| PB 0x00000000eca00000| Untracked 
| 203|0x00000000ecb00000, 0x00000000ecb00000, 0x00000000ecc00000|  0%| F|  |TAMS 0x00000000ecb00000| PB 0x00000000ecb00000| Untracked 
| 204|0x00000000ecc00000, 0x00000000ecc00000, 0x00000000ecd00000|  0%| F|  |TAMS 0x00000000ecc00000| PB 0x00000000ecc00000| Untracked 
| 205|0x00000000ecd00000, 0x00000000ecd00000, 0x00000000ece00000|  0%| F|  |TAMS 0x00000000ecd00000| PB 0x00000000ecd00000| Untracked 
| 206|0x00000000ece00000, 0x00000000ece00000, 0x00000000ecf00000|  0%| F|  |TAMS 0x00000000ece00000| PB 0x00000000ece00000| Untracked 
| 207|0x00000000ecf00000, 0x00000000ecf00000, 0x00000000ed000000|  0%| F|  |TAMS 0x00000000ecf00000| PB 0x00000000ecf00000| Untracked 
| 208|0x00000000ed000000, 0x00000000ed000000, 0x00000000ed100000|  0%| F|  |TAMS 0x00000000ed000000| PB 0x00000000ed000000| Untracked 
| 209|0x00000000ed100000, 0x00000000ed100000, 0x00000000ed200000|  0%| F|  |TAMS 0x00000000ed100000| PB 0x00000000ed100000| Untracked 
| 210|0x00000000ed200000, 0x00000000ed200000, 0x00000000ed300000|  0%| F|  |TAMS 0x00000000ed200000| PB 0x00000000ed200000| Untracked 
| 211|0x00000000ed300000, 0x00000000ed300000, 0x00000000ed400000|  0%| F|  |TAMS 0x00000000ed300000| PB 0x00000000ed300000| Untracked 
| 212|0x00000000ed400000, 0x00000000ed400000, 0x00000000ed500000|  0%| F|  |TAMS 0x00000000ed400000| PB 0x00000000ed400000| Untracked 
| 213|0x00000000ed500000, 0x00000000ed500000, 0x00000000ed600000|  0%| F|  |TAMS 0x00000000ed500000| PB 0x00000000ed500000| Untracked 
| 214|0x00000000ed600000, 0x00000000ed600000, 0x00000000ed700000|  0%| F|  |TAMS 0x00000000ed600000| PB 0x00000000ed600000| Untracked 
| 215|0x00000000ed700000, 0x00000000ed700000, 0x00000000ed800000|  0%| F|  |TAMS 0x00000000ed700000| PB 0x00000000ed700000| Untracked 
| 216|0x00000000ed800000, 0x00000000ed800000, 0x00000000ed900000|  0%| F|  |TAMS 0x00000000ed800000| PB 0x00000000ed800000| Untracked 
| 217|0x00000000ed900000, 0x00000000ed900000, 0x00000000eda00000|  0%| F|  |TAMS 0x00000000ed900000| PB 0x00000000ed900000| Untracked 
| 218|0x00000000eda00000, 0x00000000eda00000, 0x00000000edb00000|  0%| F|  |TAMS 0x00000000eda00000| PB 0x00000000eda00000| Untracked 
| 219|0x00000000edb00000, 0x00000000edb00000, 0x00000000edc00000|  0%| F|  |TAMS 0x00000000edb00000| PB 0x00000000edb00000| Untracked 
| 220|0x00000000edc00000, 0x00000000edc00000, 0x00000000edd00000|  0%| F|  |TAMS 0x00000000edc00000| PB 0x00000000edc00000| Untracked 
| 221|0x00000000edd00000, 0x00000000edd00000, 0x00000000ede00000|  0%| F|  |TAMS 0x00000000edd00000| PB 0x00000000edd00000| Untracked 
| 222|0x00000000ede00000, 0x00000000ede00000, 0x00000000edf00000|  0%| F|  |TAMS 0x00000000ede00000| PB 0x00000000ede00000| Untracked 
| 223|0x00000000edf00000, 0x00000000edf00000, 0x00000000ee000000|  0%| F|  |TAMS 0x00000000edf00000| PB 0x00000000edf00000| Untracked 
| 224|0x00000000ee000000, 0x00000000ee000000, 0x00000000ee100000|  0%| F|  |TAMS 0x00000000ee000000| PB 0x00000000ee000000| Untracked 
| 225|0x00000000ee100000, 0x00000000ee100000, 0x00000000ee200000|  0%| F|  |TAMS 0x00000000ee100000| PB 0x00000000ee100000| Untracked 
| 226|0x00000000ee200000, 0x00000000ee200000, 0x00000000ee300000|  0%| F|  |TAMS 0x00000000ee200000| PB 0x00000000ee200000| Untracked 
| 227|0x00000000ee300000, 0x00000000ee300000, 0x00000000ee400000|  0%| F|  |TAMS 0x00000000ee300000| PB 0x00000000ee300000| Untracked 
| 228|0x00000000ee400000, 0x00000000ee400000, 0x00000000ee500000|  0%| F|  |TAMS 0x00000000ee400000| PB 0x00000000ee400000| Untracked 
| 229|0x00000000ee500000, 0x00000000ee500000, 0x00000000ee600000|  0%| F|  |TAMS 0x00000000ee500000| PB 0x00000000ee500000| Untracked 
| 230|0x00000000ee600000, 0x00000000ee600000, 0x00000000ee700000|  0%| F|  |TAMS 0x00000000ee600000| PB 0x00000000ee600000| Untracked 
| 231|0x00000000ee700000, 0x00000000ee700000, 0x00000000ee800000|  0%| F|  |TAMS 0x00000000ee700000| PB 0x00000000ee700000| Untracked 
| 232|0x00000000ee800000, 0x00000000ee800000, 0x00000000ee900000|  0%| F|  |TAMS 0x00000000ee800000| PB 0x00000000ee800000| Untracked 
| 233|0x00000000ee900000, 0x00000000ee900000, 0x00000000eea00000|  0%| F|  |TAMS 0x00000000ee900000| PB 0x00000000ee900000| Untracked 
| 234|0x00000000eea00000, 0x00000000eea00000, 0x00000000eeb00000|  0%| F|  |TAMS 0x00000000eea00000| PB 0x00000000eea00000| Untracked 
| 235|0x00000000eeb00000, 0x00000000eeb00000, 0x00000000eec00000|  0%| F|  |TAMS 0x00000000eeb00000| PB 0x00000000eeb00000| Untracked 
| 236|0x00000000eec00000, 0x00000000eec00000, 0x00000000eed00000|  0%| F|  |TAMS 0x00000000eec00000| PB 0x00000000eec00000| Untracked 
| 237|0x00000000eed00000, 0x00000000eed00000, 0x00000000eee00000|  0%| F|  |TAMS 0x00000000eed00000| PB 0x00000000eed00000| Untracked 
| 238|0x00000000eee00000, 0x00000000eee00000, 0x00000000eef00000|  0%| F|  |TAMS 0x00000000eee00000| PB 0x00000000eee00000| Untracked 
| 239|0x00000000eef00000, 0x00000000eef00000, 0x00000000ef000000|  0%| F|  |TAMS 0x00000000eef00000| PB 0x00000000eef00000| Untracked 
| 240|0x00000000ef000000, 0x00000000ef000000, 0x00000000ef100000|  0%| F|  |TAMS 0x00000000ef000000| PB 0x00000000ef000000| Untracked 
| 241|0x00000000ef100000, 0x00000000ef100000, 0x00000000ef200000|  0%| F|  |TAMS 0x00000000ef100000| PB 0x00000000ef100000| Untracked 
| 242|0x00000000ef200000, 0x00000000ef200000, 0x00000000ef300000|  0%| F|  |TAMS 0x00000000ef200000| PB 0x00000000ef200000| Untracked 
| 243|0x00000000ef300000, 0x00000000ef300000, 0x00000000ef400000|  0%| F|  |TAMS 0x00000000ef300000| PB 0x00000000ef300000| Untracked 
| 244|0x00000000ef400000, 0x00000000ef400000, 0x00000000ef500000|  0%| F|  |TAMS 0x00000000ef400000| PB 0x00000000ef400000| Untracked 
| 245|0x00000000ef500000, 0x00000000ef500000, 0x00000000ef600000|  0%| F|  |TAMS 0x00000000ef500000| PB 0x00000000ef500000| Untracked 
| 246|0x00000000ef600000, 0x00000000ef600000, 0x00000000ef700000|  0%| F|  |TAMS 0x00000000ef600000| PB 0x00000000ef600000| Untracked 
| 247|0x00000000ef700000, 0x00000000ef700000, 0x00000000ef800000|  0%| F|  |TAMS 0x00000000ef700000| PB 0x00000000ef700000| Untracked 
| 248|0x00000000ef800000, 0x00000000ef800000, 0x00000000ef900000|  0%| F|  |TAMS 0x00000000ef800000| PB 0x00000000ef800000| Untracked 
| 249|0x00000000ef900000, 0x00000000ef900000, 0x00000000efa00000|  0%| F|  |TAMS 0x00000000ef900000| PB 0x00000000ef900000| Untracked 
| 250|0x00000000efa00000, 0x00000000efa00000, 0x00000000efb00000|  0%| F|  |TAMS 0x00000000efa00000| PB 0x00000000efa00000| Untracked 
| 251|0x00000000efb00000, 0x00000000efb00000, 0x00000000efc00000|  0%| F|  |TAMS 0x00000000efb00000| PB 0x00000000efb00000| Untracked 
| 252|0x00000000efc00000, 0x00000000efc00000, 0x00000000efd00000|  0%| F|  |TAMS 0x00000000efc00000| PB 0x00000000efc00000| Untracked 
| 253|0x00000000efd00000, 0x00000000efd00000, 0x00000000efe00000|  0%| F|  |TAMS 0x00000000efd00000| PB 0x00000000efd00000| Untracked 
| 254|0x00000000efe00000, 0x00000000efe00000, 0x00000000eff00000|  0%| F|  |TAMS 0x00000000efe00000| PB 0x00000000efe00000| Untracked 
| 255|0x00000000eff00000, 0x00000000eff00000, 0x00000000f0000000|  0%| F|  |TAMS 0x00000000eff00000| PB 0x00000000eff00000| Untracked 
| 256|0x00000000f0000000, 0x00000000f0000000, 0x00000000f0100000|  0%| F|  |TAMS 0x00000000f0000000| PB 0x00000000f0000000| Untracked 
| 257|0x00000000f0100000, 0x00000000f0100000, 0x00000000f0200000|  0%| F|  |TAMS 0x00000000f0100000| PB 0x00000000f0100000| Untracked 
| 258|0x00000000f0200000, 0x00000000f0200000, 0x00000000f0300000|  0%| F|  |TAMS 0x00000000f0200000| PB 0x00000000f0200000| Untracked 
| 259|0x00000000f0300000, 0x00000000f0300000, 0x00000000f0400000|  0%| F|  |TAMS 0x00000000f0300000| PB 0x00000000f0300000| Untracked 
| 260|0x00000000f0400000, 0x00000000f0400000, 0x00000000f0500000|  0%| F|  |TAMS 0x00000000f0400000| PB 0x00000000f0400000| Untracked 
| 261|0x00000000f0500000, 0x00000000f0500000, 0x00000000f0600000|  0%| F|  |TAMS 0x00000000f0500000| PB 0x00000000f0500000| Untracked 
| 262|0x00000000f0600000, 0x00000000f0600000, 0x00000000f0700000|  0%| F|  |TAMS 0x00000000f0600000| PB 0x00000000f0600000| Untracked 
| 263|0x00000000f0700000, 0x00000000f0700000, 0x00000000f0800000|  0%| F|  |TAMS 0x00000000f0700000| PB 0x00000000f0700000| Untracked 
| 264|0x00000000f0800000, 0x00000000f0800000, 0x00000000f0900000|  0%| F|  |TAMS 0x00000000f0800000| PB 0x00000000f0800000| Untracked 
| 265|0x00000000f0900000, 0x00000000f0900000, 0x00000000f0a00000|  0%| F|  |TAMS 0x00000000f0900000| PB 0x00000000f0900000| Untracked 
| 266|0x00000000f0a00000, 0x00000000f0a00000, 0x00000000f0b00000|  0%| F|  |TAMS 0x00000000f0a00000| PB 0x00000000f0a00000| Untracked 
| 267|0x00000000f0b00000, 0x00000000f0b00000, 0x00000000f0c00000|  0%| F|  |TAMS 0x00000000f0b00000| PB 0x00000000f0b00000| Untracked 
| 268|0x00000000f0c00000, 0x00000000f0c00000, 0x00000000f0d00000|  0%| F|  |TAMS 0x00000000f0c00000| PB 0x00000000f0c00000| Untracked 
| 269|0x00000000f0d00000, 0x00000000f0d00000, 0x00000000f0e00000|  0%| F|  |TAMS 0x00000000f0d00000| PB 0x00000000f0d00000| Untracked 
| 270|0x00000000f0e00000, 0x00000000f0e00000, 0x00000000f0f00000|  0%| F|  |TAMS 0x00000000f0e00000| PB 0x00000000f0e00000| Untracked 
| 271|0x00000000f0f00000, 0x00000000f0f00000, 0x00000000f1000000|  0%| F|  |TAMS 0x00000000f0f00000| PB 0x00000000f0f00000| Untracked 
| 272|0x00000000f1000000, 0x00000000f1000000, 0x00000000f1100000|  0%| F|  |TAMS 0x00000000f1000000| PB 0x00000000f1000000| Untracked 
| 273|0x00000000f1100000, 0x00000000f1100000, 0x00000000f1200000|  0%| F|  |TAMS 0x00000000f1100000| PB 0x00000000f1100000| Untracked 
| 274|0x00000000f1200000, 0x00000000f1200000, 0x00000000f1300000|  0%| F|  |TAMS 0x00000000f1200000| PB 0x00000000f1200000| Untracked 
| 275|0x00000000f1300000, 0x00000000f1300000, 0x00000000f1400000|  0%| F|  |TAMS 0x00000000f1300000| PB 0x00000000f1300000| Untracked 
| 276|0x00000000f1400000, 0x00000000f1400000, 0x00000000f1500000|  0%| F|  |TAMS 0x00000000f1400000| PB 0x00000000f1400000| Untracked 
| 277|0x00000000f1500000, 0x00000000f1500000, 0x00000000f1600000|  0%| F|  |TAMS 0x00000000f1500000| PB 0x00000000f1500000| Untracked 
| 278|0x00000000f1600000, 0x00000000f1600000, 0x00000000f1700000|  0%| F|  |TAMS 0x00000000f1600000| PB 0x00000000f1600000| Untracked 
| 279|0x00000000f1700000, 0x00000000f1700000, 0x00000000f1800000|  0%| F|  |TAMS 0x00000000f1700000| PB 0x00000000f1700000| Untracked 
| 280|0x00000000f1800000, 0x00000000f1800000, 0x00000000f1900000|  0%| F|  |TAMS 0x00000000f1800000| PB 0x00000000f1800000| Untracked 
| 281|0x00000000f1900000, 0x00000000f1900000, 0x00000000f1a00000|  0%| F|  |TAMS 0x00000000f1900000| PB 0x00000000f1900000| Untracked 
| 282|0x00000000f1a00000, 0x00000000f1a00000, 0x00000000f1b00000|  0%| F|  |TAMS 0x00000000f1a00000| PB 0x00000000f1a00000| Untracked 
| 283|0x00000000f1b00000, 0x00000000f1b00000, 0x00000000f1c00000|  0%| F|  |TAMS 0x00000000f1b00000| PB 0x00000000f1b00000| Untracked 
| 284|0x00000000f1c00000, 0x00000000f1c00000, 0x00000000f1d00000|  0%| F|  |TAMS 0x00000000f1c00000| PB 0x00000000f1c00000| Untracked 
| 285|0x00000000f1d00000, 0x00000000f1d00000, 0x00000000f1e00000|  0%| F|  |TAMS 0x00000000f1d00000| PB 0x00000000f1d00000| Untracked 
| 286|0x00000000f1e00000, 0x00000000f1e00000, 0x00000000f1f00000|  0%| F|  |TAMS 0x00000000f1e00000| PB 0x00000000f1e00000| Untracked 
| 287|0x00000000f1f00000, 0x00000000f1f00000, 0x00000000f2000000|  0%| F|  |TAMS 0x00000000f1f00000| PB 0x00000000f1f00000| Untracked 
| 288|0x00000000f2000000, 0x00000000f2000000, 0x00000000f2100000|  0%| F|  |TAMS 0x00000000f2000000| PB 0x00000000f2000000| Untracked 
| 289|0x00000000f2100000, 0x00000000f2100000, 0x00000000f2200000|  0%| F|  |TAMS 0x00000000f2100000| PB 0x00000000f2100000| Untracked 
| 290|0x00000000f2200000, 0x00000000f2200000, 0x00000000f2300000|  0%| F|  |TAMS 0x00000000f2200000| PB 0x00000000f2200000| Untracked 
| 291|0x00000000f2300000, 0x00000000f2300000, 0x00000000f2400000|  0%| F|  |TAMS 0x00000000f2300000| PB 0x00000000f2300000| Untracked 
| 292|0x00000000f2400000, 0x00000000f2400000, 0x00000000f2500000|  0%| F|  |TAMS 0x00000000f2400000| PB 0x00000000f2400000| Untracked 
| 293|0x00000000f2500000, 0x00000000f2500000, 0x00000000f2600000|  0%| F|  |TAMS 0x00000000f2500000| PB 0x00000000f2500000| Untracked 
| 294|0x00000000f2600000, 0x00000000f2600000, 0x00000000f2700000|  0%| F|  |TAMS 0x00000000f2600000| PB 0x00000000f2600000| Untracked 
| 295|0x00000000f2700000, 0x00000000f2700000, 0x00000000f2800000|  0%| F|  |TAMS 0x00000000f2700000| PB 0x00000000f2700000| Untracked 
| 296|0x00000000f2800000, 0x00000000f2800000, 0x00000000f2900000|  0%| F|  |TAMS 0x00000000f2800000| PB 0x00000000f2800000| Untracked 
| 297|0x00000000f2900000, 0x00000000f2900000, 0x00000000f2a00000|  0%| F|  |TAMS 0x00000000f2900000| PB 0x00000000f2900000| Untracked 
| 298|0x00000000f2a00000, 0x00000000f2a00000, 0x00000000f2b00000|  0%| F|  |TAMS 0x00000000f2a00000| PB 0x00000000f2a00000| Untracked 
| 299|0x00000000f2b00000, 0x00000000f2b00000, 0x00000000f2c00000|  0%| F|  |TAMS 0x00000000f2b00000| PB 0x00000000f2b00000| Untracked 
| 300|0x00000000f2c00000, 0x00000000f2c00000, 0x00000000f2d00000|  0%| F|  |TAMS 0x00000000f2c00000| PB 0x00000000f2c00000| Untracked 
| 301|0x00000000f2d00000, 0x00000000f2d00000, 0x00000000f2e00000|  0%| F|  |TAMS 0x00000000f2d00000| PB 0x00000000f2d00000| Untracked 
| 302|0x00000000f2e00000, 0x00000000f2e00000, 0x00000000f2f00000|  0%| F|  |TAMS 0x00000000f2e00000| PB 0x00000000f2e00000| Untracked 
| 303|0x00000000f2f00000, 0x00000000f2f00000, 0x00000000f3000000|  0%| F|  |TAMS 0x00000000f2f00000| PB 0x00000000f2f00000| Untracked 
| 304|0x00000000f3000000, 0x00000000f3000000, 0x00000000f3100000|  0%| F|  |TAMS 0x00000000f3000000| PB 0x00000000f3000000| Untracked 
| 305|0x00000000f3100000, 0x00000000f3100000, 0x00000000f3200000|  0%| F|  |TAMS 0x00000000f3100000| PB 0x00000000f3100000| Untracked 
| 306|0x00000000f3200000, 0x00000000f3200000, 0x00000000f3300000|  0%| F|  |TAMS 0x00000000f3200000| PB 0x00000000f3200000| Untracked 
| 307|0x00000000f3300000, 0x00000000f3300000, 0x00000000f3400000|  0%| F|  |TAMS 0x00000000f3300000| PB 0x00000000f3300000| Untracked 
| 308|0x00000000f3400000, 0x00000000f3400000, 0x00000000f3500000|  0%| F|  |TAMS 0x00000000f3400000| PB 0x00000000f3400000| Untracked 
| 309|0x00000000f3500000, 0x00000000f3500000, 0x00000000f3600000|  0%| F|  |TAMS 0x00000000f3500000| PB 0x00000000f3500000| Untracked 
| 310|0x00000000f3600000, 0x00000000f3600000, 0x00000000f3700000|  0%| F|  |TAMS 0x00000000f3600000| PB 0x00000000f3600000| Untracked 
| 311|0x00000000f3700000, 0x00000000f3700000, 0x00000000f3800000|  0%| F|  |TAMS 0x00000000f3700000| PB 0x00000000f3700000| Untracked 
| 312|0x00000000f3800000, 0x00000000f3800000, 0x00000000f3900000|  0%| F|  |TAMS 0x00000000f3800000| PB 0x00000000f3800000| Untracked 
| 313|0x00000000f3900000, 0x00000000f3900000, 0x00000000f3a00000|  0%| F|  |TAMS 0x00000000f3900000| PB 0x00000000f3900000| Untracked 
| 314|0x00000000f3a00000, 0x00000000f3a00000, 0x00000000f3b00000|  0%| F|  |TAMS 0x00000000f3a00000| PB 0x00000000f3a00000| Untracked 
| 315|0x00000000f3b00000, 0x00000000f3b00000, 0x00000000f3c00000|  0%| F|  |TAMS 0x00000000f3b00000| PB 0x00000000f3b00000| Untracked 
| 316|0x00000000f3c00000, 0x00000000f3c00000, 0x00000000f3d00000|  0%| F|  |TAMS 0x00000000f3c00000| PB 0x00000000f3c00000| Untracked 
| 317|0x00000000f3d00000, 0x00000000f3d00000, 0x00000000f3e00000|  0%| F|  |TAMS 0x00000000f3d00000| PB 0x00000000f3d00000| Untracked 
| 318|0x00000000f3e00000, 0x00000000f3e00000, 0x00000000f3f00000|  0%| F|  |TAMS 0x00000000f3e00000| PB 0x00000000f3e00000| Untracked 
| 319|0x00000000f3f00000, 0x00000000f3f00000, 0x00000000f4000000|  0%| F|  |TAMS 0x00000000f3f00000| PB 0x00000000f3f00000| Untracked 
| 320|0x00000000f4000000, 0x00000000f4000000, 0x00000000f4100000|  0%| F|  |TAMS 0x00000000f4000000| PB 0x00000000f4000000| Untracked 
| 321|0x00000000f4100000, 0x00000000f4100000, 0x00000000f4200000|  0%| F|  |TAMS 0x00000000f4100000| PB 0x00000000f4100000| Untracked 
| 322|0x00000000f4200000, 0x00000000f4200000, 0x00000000f4300000|  0%| F|  |TAMS 0x00000000f4200000| PB 0x00000000f4200000| Untracked 
| 323|0x00000000f4300000, 0x00000000f4300000, 0x00000000f4400000|  0%| F|  |TAMS 0x00000000f4300000| PB 0x00000000f4300000| Untracked 
| 324|0x00000000f4400000, 0x00000000f4400000, 0x00000000f4500000|  0%| F|  |TAMS 0x00000000f4400000| PB 0x00000000f4400000| Untracked 
| 325|0x00000000f4500000, 0x00000000f4500000, 0x00000000f4600000|  0%| F|  |TAMS 0x00000000f4500000| PB 0x00000000f4500000| Untracked 
| 326|0x00000000f4600000, 0x00000000f4600000, 0x00000000f4700000|  0%| F|  |TAMS 0x00000000f4600000| PB 0x00000000f4600000| Untracked 
| 327|0x00000000f4700000, 0x00000000f4700000, 0x00000000f4800000|  0%| F|  |TAMS 0x00000000f4700000| PB 0x00000000f4700000| Untracked 
| 328|0x00000000f4800000, 0x00000000f4800000, 0x00000000f4900000|  0%| F|  |TAMS 0x00000000f4800000| PB 0x00000000f4800000| Untracked 
| 329|0x00000000f4900000, 0x00000000f4900000, 0x00000000f4a00000|  0%| F|  |TAMS 0x00000000f4900000| PB 0x00000000f4900000| Untracked 
| 330|0x00000000f4a00000, 0x00000000f4a00000, 0x00000000f4b00000|  0%| F|  |TAMS 0x00000000f4a00000| PB 0x00000000f4a00000| Untracked 
| 331|0x00000000f4b00000, 0x00000000f4b00000, 0x00000000f4c00000|  0%| F|  |TAMS 0x00000000f4b00000| PB 0x00000000f4b00000| Untracked 
| 332|0x00000000f4c00000, 0x00000000f4c00000, 0x00000000f4d00000|  0%| F|  |TAMS 0x00000000f4c00000| PB 0x00000000f4c00000| Untracked 
| 333|0x00000000f4d00000, 0x00000000f4d00000, 0x00000000f4e00000|  0%| F|  |TAMS 0x00000000f4d00000| PB 0x00000000f4d00000| Untracked 
| 334|0x00000000f4e00000, 0x00000000f4e00000, 0x00000000f4f00000|  0%| F|  |TAMS 0x00000000f4e00000| PB 0x00000000f4e00000| Untracked 
| 335|0x00000000f4f00000, 0x00000000f4f00000, 0x00000000f5000000|  0%| F|  |TAMS 0x00000000f4f00000| PB 0x00000000f4f00000| Untracked 
| 336|0x00000000f5000000, 0x00000000f5000000, 0x00000000f5100000|  0%| F|  |TAMS 0x00000000f5000000| PB 0x00000000f5000000| Untracked 
| 337|0x00000000f5100000, 0x00000000f5100000, 0x00000000f5200000|  0%| F|  |TAMS 0x00000000f5100000| PB 0x00000000f5100000| Untracked 
| 338|0x00000000f5200000, 0x00000000f5200000, 0x00000000f5300000|  0%| F|  |TAMS 0x00000000f5200000| PB 0x00000000f5200000| Untracked 
| 339|0x00000000f5300000, 0x00000000f5300000, 0x00000000f5400000|  0%| F|  |TAMS 0x00000000f5300000| PB 0x00000000f5300000| Untracked 
| 340|0x00000000f5400000, 0x00000000f5400000, 0x00000000f5500000|  0%| F|  |TAMS 0x00000000f5400000| PB 0x00000000f5400000| Untracked 
| 341|0x00000000f5500000, 0x00000000f5531260, 0x00000000f5600000| 19%| S|CS|TAMS 0x00000000f5500000| PB 0x00000000f5500000| Complete 
| 342|0x00000000f5600000, 0x00000000f5600000, 0x00000000f5700000|  0%| F|  |TAMS 0x00000000f5600000| PB 0x00000000f5600000| Untracked 
| 343|0x00000000f5700000, 0x00000000f5700000, 0x00000000f5800000|  0%| F|  |TAMS 0x00000000f5700000| PB 0x00000000f5700000| Untracked 
| 344|0x00000000f5800000, 0x00000000f5800000, 0x00000000f5900000|  0%| F|  |TAMS 0x00000000f5800000| PB 0x00000000f5800000| Untracked 
| 345|0x00000000f5900000, 0x00000000f5900000, 0x00000000f5a00000|  0%| F|  |TAMS 0x00000000f5900000| PB 0x00000000f5900000| Untracked 
| 346|0x00000000f5a00000, 0x00000000f5a00000, 0x00000000f5b00000|  0%| F|  |TAMS 0x00000000f5a00000| PB 0x00000000f5a00000| Untracked 
| 347|0x00000000f5b00000, 0x00000000f5b00000, 0x00000000f5c00000|  0%| F|  |TAMS 0x00000000f5b00000| PB 0x00000000f5b00000| Untracked 
| 348|0x00000000f5c00000, 0x00000000f5c00000, 0x00000000f5d00000|  0%| F|  |TAMS 0x00000000f5c00000| PB 0x00000000f5c00000| Untracked 
| 349|0x00000000f5d00000, 0x00000000f5d00000, 0x00000000f5e00000|  0%| F|  |TAMS 0x00000000f5d00000| PB 0x00000000f5d00000| Untracked 
| 350|0x00000000f5e00000, 0x00000000f5e00000, 0x00000000f5f00000|  0%| F|  |TAMS 0x00000000f5e00000| PB 0x00000000f5e00000| Untracked 
| 351|0x00000000f5f00000, 0x00000000f5f00000, 0x00000000f6000000|  0%| F|  |TAMS 0x00000000f5f00000| PB 0x00000000f5f00000| Untracked 
| 352|0x00000000f6000000, 0x00000000f6000000, 0x00000000f6100000|  0%| F|  |TAMS 0x00000000f6000000| PB 0x00000000f6000000| Untracked 
| 353|0x00000000f6100000, 0x00000000f6100000, 0x00000000f6200000|  0%| F|  |TAMS 0x00000000f6100000| PB 0x00000000f6100000| Untracked 
| 354|0x00000000f6200000, 0x00000000f6200000, 0x00000000f6300000|  0%| F|  |TAMS 0x00000000f6200000| PB 0x00000000f6200000| Untracked 
| 355|0x00000000f6300000, 0x00000000f6300000, 0x00000000f6400000|  0%| F|  |TAMS 0x00000000f6300000| PB 0x00000000f6300000| Untracked 
| 356|0x00000000f6400000, 0x00000000f6400000, 0x00000000f6500000|  0%| F|  |TAMS 0x00000000f6400000| PB 0x00000000f6400000| Untracked 
| 357|0x00000000f6500000, 0x00000000f6500000, 0x00000000f6600000|  0%| F|  |TAMS 0x00000000f6500000| PB 0x00000000f6500000| Untracked 
| 358|0x00000000f6600000, 0x00000000f6600000, 0x00000000f6700000|  0%| F|  |TAMS 0x00000000f6600000| PB 0x00000000f6600000| Untracked 

Card table byte_map: [0x000001bf7ec80000,0x000001bf7ed80000] _byte_map_base: 0x000001bf7e580000

Marking Bits: (CMBitMap*) 0x000001bf6c45c560
 Bits: [0x000001bf7ed80000, 0x000001bf7f580000)

Polling page: 0x000001bf6a520000

Metaspace:

Usage:
  Non-class:     26.95 MB used.
      Class:      4.76 MB used.
       Both:     31.72 MB used.

Virtual space:
  Non-class space:       64.00 MB reserved,      27.69 MB ( 43%) committed,  1 nodes.
      Class space:      320.00 MB reserved,       5.44 MB (  2%) committed,  1 nodes.
             Both:      384.00 MB reserved,      33.12 MB (  9%) committed. 

Chunk freelists:
   Non-Class:  4.16 MB
       Class:  10.61 MB
        Both:  14.77 MB

MaxMetaspaceSize: 384.00 MB
CompressedClassSpaceSize: 320.00 MB
Initial GC threshold: 21.00 MB
Current GC threshold: 35.25 MB
CDS: on
 - commit_granule_bytes: 65536.
 - commit_granule_words: 8192.
 - virtual_space_node_default_size: 8388608.
 - enlarge_chunks_in_place: 1.
 - use_allocation_guard: 0.


Internal statistics:

num_allocs_failed_limit: 3.
num_arena_births: 2436.
num_arena_deaths: 4.
num_vsnodes_births: 2.
num_vsnodes_deaths: 0.
num_space_committed: 530.
num_space_uncommitted: 0.
num_chunks_returned_to_freelist: 7.
num_chunks_taken_from_freelist: 4074.
num_chunk_merges: 3.
num_chunk_splits: 2588.
num_chunks_enlarged: 1513.
num_inconsistent_stats: 0.

CodeHeap 'non-profiled nmethods': size=120000Kb used=2865Kb max_used=2865Kb free=117134Kb
 bounds [0x000001bf77100000, 0x000001bf773d0000, 0x000001bf7e630000]
CodeHeap 'profiled nmethods': size=120000Kb used=9197Kb max_used=9197Kb free=110802Kb
 bounds [0x000001bf6f630000, 0x000001bf6ff30000, 0x000001bf76b60000]
CodeHeap 'non-nmethods': size=5760Kb used=1448Kb max_used=1483Kb free=4311Kb
 bounds [0x000001bf76b60000, 0x000001bf76dd0000, 0x000001bf77100000]
CodeCache: size=245760Kb, used=13510Kb, max_used=13545Kb, free=232247Kb
 total_blobs=5326, nmethods=4728, adapters=502, full_count=0
Compilation: enabled, stopped_count=0, restarted_count=0

Compilation events (20 events):
Event: 15331.836 Thread 0x000001bf0232b4d0 nmethod 4749% 0x000001bf773c7890 code [0x000001bf773c7a20, 0x000001bf773c7d00]
Event: 15331.836 Thread 0x000001bf0232b4d0 4750       4       java.io.RandomAccessFile::read (8 bytes)
Event: 15332.535 Thread 0x000001bf0232b4d0 nmethod 4750 0x000001bf773c7e10 code [0x000001bf773c7fc0, 0x000001bf773c8120]
Event: 15332.535 Thread 0x000001bf0232b4d0 4751 %     4       java.util.LinkedList::addAll @ 68 (182 bytes)
Event: 15332.641 Thread 0x000001bf0232b4d0 nmethod 4751% 0x000001bf773c8310 code [0x000001bf773c84e0, 0x000001bf773c8bf8]
Event: 15332.760 Thread 0x000001bf0232b4d0 4752       4       java.util.HashSet::iterator (13 bytes)
Event: 15333.443 Thread 0x000001bf0232b4d0 nmethod 4752 0x000001bf773c8e90 code [0x000001bf773c9080, 0x000001bf773c9878]
Event: 15334.320 Thread 0x000001bf0232b4d0 4754 % !   4       org.gradle.launcher.daemon.registry.PersistentDaemonRegistry::getDaemonsMatching @ 30 (104 bytes)
Event: 15335.336 Thread 0x000001bf0232b4d0 nmethod 4754% 0x000001bf773c9c10 code [0x000001bf773c9e20, 0x000001bf773ca4a0]
Event: 15335.336 Thread 0x000001bf0232b4d0 4755       4       java.util.concurrent.ConcurrentLinkedQueue::poll (84 bytes)
Event: 15335.963 Thread 0x000001bf0232b4d0 nmethod 4755 0x000001bf773ca910 code [0x000001bf773caac0, 0x000001bf773cae80]
Event: 15335.963 Thread 0x000001bf0232b4d0 4756   !   4       java.util.concurrent.LinkedBlockingDeque$AbstractItr::next (100 bytes)
Event: 15336.826 Thread 0x000001bf0232b4d0 nmethod 4756 0x000001bf773cb090 code [0x000001bf773cb2a0, 0x000001bf773cbd18]
Event: 15336.826 Thread 0x000001bf0232bf70 4758       3       org.gradle.internal.time.ExponentialBackoff::<init> (35 bytes)
Event: 15336.827 Thread 0x000001bf0232b4d0 4753   !   4       java.util.concurrent.locks.AbstractQueuedSynchronizer::tryInitializeHead (66 bytes)
Event: 15336.831 Thread 0x000001bf0232b4d0 nmethod 4753 0x000001bf773cc190 code [0x000001bf773cc340, 0x000001bf773cc638]
Event: 15336.837 Thread 0x000001bf0232b4d0 4759   !   4       java.lang.Thread::sleep (82 bytes)
Event: 15337.050 Thread 0x000001bf0232bf70 nmethod 4758 0x000001bf6ff2a610 code [0x000001bf6ff2a7e0, 0x000001bf6ff2abc8]
Event: 15337.050 Thread 0x000001bf0232bf70 4761       3       java.io.File::getCanonicalFile (38 bytes)
Event: 15337.213 Thread 0x000001bf0232bf70 nmethod 4761 0x000001bf6ff2ad10 code [0x000001bf6ff2af40, 0x000001bf6ff2b530]

GC Heap History (20 events):
Event: 762.034 GC heap after
{Heap after GC invocations=9 (full 0):
 garbage-first heap   total 262144K, used 28404K [0x00000000e0000000, 0x0000000100000000)
  region size 1024K, 1 young (1024K), 1 survivors (1024K)
 Metaspace       used 29094K, committed 30208K, reserved 393216K
  class space    used 4308K, committed 4864K, reserved 327680K
}
Event: 15228.230 GC heap before
{Heap before GC invocations=9 (full 0):
 garbage-first heap   total 262144K, used 94964K [0x00000000e0000000, 0x0000000100000000)
  region size 1024K, 66 young (67584K), 1 survivors (1024K)
 Metaspace       used 32152K, committed 33536K, reserved 393216K
  class space    used 4831K, committed 5504K, reserved 327680K
}
Event: 15228.253 GC heap after
{Heap after GC invocations=10 (full 0):
 garbage-first heap   total 262144K, used 29381K [0x00000000e0000000, 0x0000000100000000)
  region size 1024K, 2 young (2048K), 2 survivors (2048K)
 Metaspace       used 32152K, committed 33536K, reserved 393216K
  class space    used 4831K, committed 5504K, reserved 327680K
}
Event: 15286.621 GC heap before
{Heap before GC invocations=10 (full 0):
 garbage-first heap   total 262144K, used 117445K [0x00000000e0000000, 0x0000000100000000)
  region size 1024K, 88 young (90112K), 2 survivors (2048K)
 Metaspace       used 32367K, committed 33664K, reserved 393216K
  class space    used 4868K, committed 5504K, reserved 327680K
}
Event: 15288.357 GC heap after
{Heap after GC invocations=11 (full 0):
 garbage-first heap   total 262144K, used 29245K [0x00000000e0000000, 0x0000000100000000)
  region size 1024K, 2 young (2048K), 2 survivors (2048K)
 Metaspace       used 32367K, committed 33664K, reserved 393216K
  class space    used 4868K, committed 5504K, reserved 327680K
}
Event: 15297.302 GC heap before
{Heap before GC invocations=11 (full 0):
 garbage-first heap   total 262144K, used 39485K [0x00000000e0000000, 0x0000000100000000)
  region size 1024K, 12 young (12288K), 2 survivors (2048K)
 Metaspace       used 32404K, committed 33728K, reserved 393216K
  class space    used 4869K, committed 5504K, reserved 327680K
}
Event: 15300.336 GC heap after
{Heap after GC invocations=12 (full 0):
 garbage-first heap   total 262144K, used 29516K [0x00000000e0000000, 0x0000000100000000)
  region size 1024K, 1 young (1024K), 1 survivors (1024K)
 Metaspace       used 32404K, committed 33728K, reserved 393216K
  class space    used 4869K, committed 5504K, reserved 327680K
}
Event: 15305.678 GC heap before
{Heap before GC invocations=12 (full 0):
 garbage-first heap   total 262144K, used 40780K [0x00000000e0000000, 0x0000000100000000)
  region size 1024K, 12 young (12288K), 1 survivors (1024K)
 Metaspace       used 32408K, committed 33728K, reserved 393216K
  class space    used 4869K, committed 5504K, reserved 327680K
}
Event: 15308.483 GC heap after
{Heap after GC invocations=13 (full 0):
 garbage-first heap   total 262144K, used 29178K [0x00000000e0000000, 0x0000000100000000)
  region size 1024K, 1 young (1024K), 1 survivors (1024K)
 Metaspace       used 32408K, committed 33728K, reserved 393216K
  class space    used 4869K, committed 5504K, reserved 327680K
}
Event: 15310.785 GC heap before
{Heap before GC invocations=13 (full 0):
 garbage-first heap   total 262144K, used 40442K [0x00000000e0000000, 0x0000000100000000)
  region size 1024K, 12 young (12288K), 1 survivors (1024K)
 Metaspace       used 32411K, committed 33728K, reserved 393216K
  class space    used 4869K, committed 5504K, reserved 327680K
}
Event: 15313.674 GC heap after
{Heap after GC invocations=14 (full 0):
 garbage-first heap   total 262144K, used 29362K [0x00000000e0000000, 0x0000000100000000)
  region size 1024K, 1 young (1024K), 1 survivors (1024K)
 Metaspace       used 32411K, committed 33728K, reserved 393216K
  class space    used 4869K, committed 5504K, reserved 327680K
}
Event: 15313.967 GC heap before
{Heap before GC invocations=14 (full 0):
 garbage-first heap   total 262144K, used 40626K [0x00000000e0000000, 0x0000000100000000)
  region size 1024K, 12 young (12288K), 1 survivors (1024K)
 Metaspace       used 32412K, committed 33728K, reserved 393216K
  class space    used 4869K, committed 5504K, reserved 327680K
}
Event: 15317.182 GC heap after
{Heap after GC invocations=15 (full 0):
 garbage-first heap   total 367616K, used 29124K [0x00000000e0000000, 0x0000000100000000)
  region size 1024K, 1 young (1024K), 1 survivors (1024K)
 Metaspace       used 32412K, committed 33728K, reserved 393216K
  class space    used 4869K, committed 5504K, reserved 327680K
}
Event: 15318.043 GC heap before
{Heap before GC invocations=15 (full 0):
 garbage-first heap   total 367616K, used 45508K [0x00000000e0000000, 0x0000000100000000)
  region size 1024K, 17 young (17408K), 1 survivors (1024K)
 Metaspace       used 32413K, committed 33728K, reserved 393216K
  class space    used 4869K, committed 5504K, reserved 327680K
}
Event: 15321.346 GC heap after
{Heap after GC invocations=16 (full 0):
 garbage-first heap   total 367616K, used 29127K [0x00000000e0000000, 0x0000000100000000)
  region size 1024K, 1 young (1024K), 1 survivors (1024K)
 Metaspace       used 32413K, committed 33728K, reserved 393216K
  class space    used 4869K, committed 5504K, reserved 327680K
}
Event: 15321.496 GC heap before
{Heap before GC invocations=16 (full 0):
 garbage-first heap   total 367616K, used 45511K [0x00000000e0000000, 0x0000000100000000)
  region size 1024K, 17 young (17408K), 1 survivors (1024K)
 Metaspace       used 32413K, committed 33728K, reserved 393216K
  class space    used 4869K, committed 5504K, reserved 327680K
}
Event: 15324.468 GC heap after
{Heap after GC invocations=17 (full 0):
 garbage-first heap   total 367616K, used 29125K [0x00000000e0000000, 0x0000000100000000)
  region size 1024K, 1 young (1024K), 1 survivors (1024K)
 Metaspace       used 32413K, committed 33728K, reserved 393216K
  class space    used 4869K, committed 5504K, reserved 327680K
}
Event: 15329.565 GC heap before
{Heap before GC invocations=17 (full 0):
 garbage-first heap   total 367616K, used 45509K [0x00000000e0000000, 0x0000000100000000)
  region size 1024K, 17 young (17408K), 1 survivors (1024K)
 Metaspace       used 32461K, committed 33856K, reserved 393216K
  class space    used 4877K, committed 5568K, reserved 327680K
}
Event: 15331.672 GC heap after
{Heap after GC invocations=18 (full 0):
 garbage-first heap   total 367616K, used 29187K [0x00000000e0000000, 0x0000000100000000)
  region size 1024K, 1 young (1024K), 1 survivors (1024K)
 Metaspace       used 32461K, committed 33856K, reserved 393216K
  class space    used 4877K, committed 5568K, reserved 327680K
}
Event: 15337.247 GC heap before
{Heap before GC invocations=18 (full 0):
 garbage-first heap   total 367616K, used 45571K [0x00000000e0000000, 0x0000000100000000)
  region size 1024K, 17 young (17408K), 1 survivors (1024K)
 Metaspace       used 32480K, committed 33920K, reserved 393216K
  class space    used 4878K, committed 5568K, reserved 327680K
}

Dll operation events (20 events):
Event: 1.448 Attempting to load shared library C:\Users\pjoo6\.vscode\extensions\redhat.java-1.56.0-win32-x64\jre\21.0.12.1-win32-x86_64\bin\nio.dll
Event: 1.451 Loaded shared library C:\Users\pjoo6\.vscode\extensions\redhat.java-1.56.0-win32-x64\jre\21.0.12.1-win32-x86_64\bin\nio.dll
Event: 1.464 Attempting to load shared library C:\Users\pjoo6\.vscode\extensions\redhat.java-1.56.0-win32-x64\jre\21.0.12.1-win32-x86_64\bin\zip.dll
Event: 1.464 Loaded shared library C:\Users\pjoo6\.vscode\extensions\redhat.java-1.56.0-win32-x64\jre\21.0.12.1-win32-x86_64\bin\zip.dll
Event: 12.347 Attempting to load shared library C:\Users\pjoo6\.vscode\extensions\redhat.java-1.56.0-win32-x64\jre\21.0.12.1-win32-x86_64\bin\jimage.dll
Event: 12.347 Loaded shared library C:\Users\pjoo6\.vscode\extensions\redhat.java-1.56.0-win32-x64\jre\21.0.12.1-win32-x86_64\bin\jimage.dll
Event: 89.399 Attempting to load shared library C:\Users\pjoo6\.vscode\extensions\redhat.java-1.56.0-win32-x64\jre\21.0.12.1-win32-x86_64\bin\verify.dll
Event: 89.420 Loaded shared library C:\Users\pjoo6\.vscode\extensions\redhat.java-1.56.0-win32-x64\jre\21.0.12.1-win32-x86_64\bin\verify.dll
Event: 94.285 Attempting to load shared library C:\Users\pjoo6\.gradle\native\660c5614fbf4a5f2a75b1949f50a0caf5cd603558e7d8a26e50b933a0cfb79d1\windows-amd64\native-platform.dll
Event: 94.303 Loaded shared library C:\Users\pjoo6\.gradle\native\660c5614fbf4a5f2a75b1949f50a0caf5cd603558e7d8a26e50b933a0cfb79d1\windows-amd64\native-platform.dll
Event: 96.045 Attempting to load shared library C:\Users\pjoo6\.gradle\native\0.2.8\x86_64-windows-gnu\gradle-fileevents.dll
Event: 96.063 Loaded shared library C:\Users\pjoo6\.gradle\native\0.2.8\x86_64-windows-gnu\gradle-fileevents.dll
Event: 351.618 Attempting to load shared library C:\Users\pjoo6\.vscode\extensions\redhat.java-1.56.0-win32-x64\jre\21.0.12.1-win32-x86_64\bin\management.dll
Event: 351.620 Loaded shared library C:\Users\pjoo6\.vscode\extensions\redhat.java-1.56.0-win32-x64\jre\21.0.12.1-win32-x86_64\bin\management.dll
Event: 351.628 Attempting to load shared library C:\Users\pjoo6\.vscode\extensions\redhat.java-1.56.0-win32-x64\jre\21.0.12.1-win32-x86_64\bin\management_ext.dll
Event: 351.631 Loaded shared library C:\Users\pjoo6\.vscode\extensions\redhat.java-1.56.0-win32-x64\jre\21.0.12.1-win32-x86_64\bin\management_ext.dll
Event: 360.385 Attempting to load shared library C:\Users\pjoo6\.vscode\extensions\redhat.java-1.56.0-win32-x64\jre\21.0.12.1-win32-x86_64\bin\extnet.dll
Event: 360.386 Loaded shared library C:\Users\pjoo6\.vscode\extensions\redhat.java-1.56.0-win32-x64\jre\21.0.12.1-win32-x86_64\bin\extnet.dll
Event: 594.963 Attempting to load shared library C:\Users\pjoo6\.vscode\extensions\redhat.java-1.56.0-win32-x64\jre\21.0.12.1-win32-x86_64\bin\sunmscapi.dll
Event: 595.509 Loaded shared library C:\Users\pjoo6\.vscode\extensions\redhat.java-1.56.0-win32-x64\jre\21.0.12.1-win32-x86_64\bin\sunmscapi.dll

Deoptimization events (20 events):
Event: 15258.522 Thread 0x000001bf1ee53000 DEOPT PACKING pc=0x000001bf77375ef8 sp=0x0000009ad02fedc0
Event: 15258.522 Thread 0x000001bf1ee53000 DEOPT UNPACKING pc=0x000001bf76bb4422 sp=0x0000009ad02fecf8 mode 2
Event: 15258.714 Thread 0x000001bf1ee53000 Uncommon trap: trap_request=0xffffff45 fr.pc=0x000001bf773bd364 relative=0x0000000000000964
Event: 15258.714 Thread 0x000001bf1ee53000 Uncommon trap: reason=unstable_if action=reinterpret pc=0x000001bf773bd364 method=java.util.concurrent.ThreadPoolExecutor.runStateAtLeast(II)Z @ 2 c2
Event: 15258.714 Thread 0x000001bf1ee53000 DEOPT PACKING pc=0x000001bf773bd364 sp=0x0000009ad02fee80
Event: 15258.714 Thread 0x000001bf1ee53000 DEOPT UNPACKING pc=0x000001bf76bb4422 sp=0x0000009ad02fedd8 mode 2
Event: 15260.754 Thread 0x000001bf1ee51c50 Uncommon trap: trap_request=0xffffffde fr.pc=0x000001bf772903c4 relative=0x0000000000000184
Event: 15260.754 Thread 0x000001bf1ee51c50 Uncommon trap: reason=class_check action=maybe_recompile pc=0x000001bf772903c4 method=java.util.concurrent.locks.ReentrantLock$Sync.lock()V @ 1 c2
Event: 15260.754 Thread 0x000001bf1ee51c50 DEOPT PACKING pc=0x000001bf772903c4 sp=0x0000009acfdfeed0
Event: 15260.754 Thread 0x000001bf1ee51c50 DEOPT UNPACKING pc=0x000001bf76bb4422 sp=0x0000009acfdfee30 mode 2
Event: 15262.300 Thread 0x000001bf1ee53690 Uncommon trap: trap_request=0xffffffde fr.pc=0x000001bf772903c4 relative=0x0000000000000184
Event: 15262.300 Thread 0x000001bf1ee53690 Uncommon trap: reason=class_check action=maybe_recompile pc=0x000001bf772903c4 method=java.util.concurrent.locks.ReentrantLock$Sync.lock()V @ 1 c2
Event: 15262.300 Thread 0x000001bf1ee53690 DEOPT PACKING pc=0x000001bf772903c4 sp=0x0000009ad03ff040
Event: 15262.301 Thread 0x000001bf1ee53690 DEOPT UNPACKING pc=0x000001bf76bb4422 sp=0x0000009ad03fefa0 mode 2
Event: 15273.602 Thread 0x000001bf1d1b8e90 Uncommon trap: trap_request=0xffffffde fr.pc=0x000001bf772d5090 relative=0x00000000000002d0
Event: 15273.602 Thread 0x000001bf1d1b8e90 Uncommon trap: reason=class_check action=maybe_recompile pc=0x000001bf772d5090 method=java.util.Collections$SetFromMap.remove(Ljava/lang/Object;)Z @ 5 c2
Event: 15273.602 Thread 0x000001bf1d1b8e90 DEOPT PACKING pc=0x000001bf772d5090 sp=0x0000009acebfd670
Event: 15273.602 Thread 0x000001bf1d1b8e90 DEOPT UNPACKING pc=0x000001bf76bb4422 sp=0x0000009acebfd648 mode 2
Event: 15335.202 Thread 0x000001bf1d423610 DEOPT PACKING pc=0x000001bf6fedbf90 sp=0x0000009ace7fef60
Event: 15335.254 Thread 0x000001bf1d423610 DEOPT UNPACKING pc=0x000001bf76bb4bc2 sp=0x0000009ace7fe3f0 mode 0

Classes loaded (20 events):
Event: 15205.623 Loading class java/util/logging/LogRecord
Event: 15205.623 Loading class java/util/logging/LogRecord done
Event: 15208.051 Loading class sun/invoke/util/ValueConversions$1
Event: 15208.085 Loading class sun/invoke/util/ValueConversions$1 done
Event: 15209.114 Loading class java/lang/invoke/BoundMethodHandle$Species_LI
Event: 15209.114 Loading class java/lang/invoke/BoundMethodHandle$Species_LI done
Event: 15209.986 Loading class java/nio/file/AccessMode
Event: 15209.986 Loading class java/nio/file/AccessMode done
Event: 15210.097 Loading class sun/nio/fs/WindowsException
Event: 15210.097 Loading class sun/nio/fs/WindowsException done
Event: 15215.408 Loading class java/util/ArrayList$ListItr
Event: 15215.410 Loading class java/util/ArrayList$ListItr done
Event: 15215.681 Loading class java/util/stream/DistinctOps
Event: 15215.682 Loading class java/util/stream/DistinctOps done
Event: 15215.682 Loading class java/util/stream/DistinctOps$1
Event: 15215.683 Loading class java/util/stream/DistinctOps$1 done
Event: 15218.555 Loading class java/util/stream/DistinctOps$1$2
Event: 15218.556 Loading class java/util/stream/DistinctOps$1$2 done
Event: 15252.757 Loading class java/util/concurrent/ConcurrentLinkedQueue$Itr
Event: 15253.741 Loading class java/util/concurrent/ConcurrentLinkedQueue$Itr done

Classes unloaded (2 events):
Event: 701.680 Thread 0x000001bf022f6760 Unloading class 0x000001bf04002000 'java/lang/invoke/LambdaForm$MH+0x000001bf04002000'
Event: 701.680 Thread 0x000001bf022f6760 Unloading class 0x000001bf04001c00 'java/lang/invoke/LambdaForm$MH+0x000001bf04001c00'

Classes redefined (0 events):
No events

Internal exceptions (20 events):
Event: 763.652 Thread 0x000001bf1d1b8e90 Exception <a 'java/lang/NoSuchMethodError'{0x00000000eeda7a40}: 'java.lang.Object java.lang.invoke.DirectMethodHandle$Holder.newInvokeSpecial(java.lang.Object, java.lang.Object, java.lang.Object, java.lang.Object, java.lang.Object, java.lang.Object, java.lang.Object, java.lang.Object, java.lang.Object, java.lang.Object, java.lang.Object, java.lang.Object, java.lang.Object)'> (0x00000000eeda7a40) 
thrown [s\src\hotspot\share\interpreter\linkResolver.cpp, line 773]
Event: 763.895 Thread 0x000001bf1d1b8e90 Exception <a 'java/lang/IncompatibleClassChangeError'{0x00000000ee842d60}: Found class java.lang.Object, but interface was expected> (0x00000000ee842d60) 
thrown [s\src\hotspot\share\interpreter\linkResolver.cpp, line 840]
Event: 15207.525 Thread 0x000001bf1d1b8e90 Exception <a 'java/lang/NoSuchMethodError'{0x00000000edc69788}: 'java.lang.Object java.lang.invoke.DirectMethodHandle$Holder.newInvokeSpecial(java.lang.Object, int, java.lang.Object)'> (0x00000000edc69788) 
thrown [s\src\hotspot\share\interpreter\linkResolver.cpp, line 773]
Event: 15207.961 Thread 0x000001bf1d1b8e90 Exception <a 'java/lang/IncompatibleClassChangeError'{0x00000000ed896700}: Found class java.lang.Object, but interface was expected> (0x00000000ed896700) 
thrown [s\src\hotspot\share\interpreter\linkResolver.cpp, line 840]
Event: 15207.961 Thread 0x000001bf1d1b8e90 Implicit null exception at 0x000001bf772c5cf2 to 0x000001bf772c5f70
Event: 15209.049 Thread 0x000001bf1d1b8e90 Exception <a 'java/lang/NoSuchMethodError'{0x00000000ed8982e0}: 'int java.lang.invoke.DirectMethodHandle$Holder.invokeSpecial(java.lang.Object, java.lang.Object, java.lang.Object, int)'> (0x00000000ed8982e0) 
thrown [s\src\hotspot\share\interpreter\linkResolver.cpp, line 773]
Event: 15209.296 Thread 0x000001bf1d1b8e90 Exception <a 'java/lang/NoSuchMethodError'{0x00000000ed8a9088}: 'java.lang.Object java.lang.invoke.DirectMethodHandle$Holder.invokeStatic(java.lang.Object, java.lang.Object, java.lang.Object, java.lang.Object, int)'> (0x00000000ed8a9088) 
thrown [s\src\hotspot\share\interpreter\linkResolver.cpp, line 773]
Event: 15209.407 Thread 0x000001bf1d1b8e90 Exception <a 'java/lang/NoSuchMethodError'{0x00000000ed60db88}: 'void java.lang.invoke.DelegatingMethodHandle$Holder.reinvoke_L(java.lang.Object, java.lang.Object, java.lang.Object, int)'> (0x00000000ed60db88) 
thrown [s\src\hotspot\share\interpreter\linkResolver.cpp, line 773]
Event: 15210.098 Thread 0x000001bf1d1b8e90 Exception <a 'sun/nio/fs/WindowsException'{0x00000000ed62c8e8}> (0x00000000ed62c8e8) 
thrown [s\src\hotspot\share\prims\jni.cpp, line 520]
Event: 15210.671 Thread 0x000001bf1d1b8e90 Implicit null exception at 0x000001bf7737cd79 to 0x000001bf7737cda4
Event: 15218.816 Thread 0x000001bf1d1b8e90 Exception <a 'java/lang/NoSuchMethodError'{0x00000000ec9c36f8}: 'void java.lang.invoke.DirectMethodHandle$Holder.invokeStatic(java.lang.Object, int, java.lang.Object)'> (0x00000000ec9c36f8) 
thrown [s\src\hotspot\share\interpreter\linkResolver.cpp, line 773]
Event: 15226.713 Thread 0x000001bf1d1b8e90 Implicit null exception at 0x000001bf772d7a2f to 0x000001bf772dd64c
Event: 15238.762 Thread 0x000001bf1d1b8e90 Exception <a 'java/lang/NoSuchMethodError'{0x00000000eff233d0}: 'java.lang.Object java.lang.invoke.Invokers$Holder.linkToTargetMethod(java.lang.Object, java.lang.Object, java.lang.Object, int, java.lang.Object, java.lang.Object)'> (0x00000000eff233d0) 
thrown [s\src\hotspot\share\interpreter\linkResolver.cpp, line 773]
Event: 15242.150 Thread 0x000001bf1d1b8e90 Exception <a 'java/lang/NoSuchMethodError'{0x00000000eff41520}: 'java.lang.Object java.lang.invoke.DirectMethodHandle$Holder.newInvokeSpecial(java.lang.Object, java.lang.Object, java.lang.Object, int)'> (0x00000000eff41520) 
thrown [s\src\hotspot\share\interpreter\linkResolver.cpp, line 773]
Event: 15242.190 Thread 0x000001bf1d1b8e90 Exception <a 'java/lang/NoSuchMethodError'{0x00000000eff455e0}: 'java.lang.Object java.lang.invoke.DirectMethodHandle$Holder.invokeSpecial(java.lang.Object, java.lang.Object, java.lang.Object, java.lang.Object, int)'> (0x00000000eff455e0) 
thrown [s\src\hotspot\share\interpreter\linkResolver.cpp, line 773]
Event: 15242.196 Thread 0x000001bf1d1b8e90 Exception <a 'java/lang/NoSuchMethodError'{0x00000000eff48f68}: 'java.lang.Object java.lang.invoke.Invokers$Holder.linkToTargetMethod(java.lang.Object, java.lang.Object, int, java.lang.Object)'> (0x00000000eff48f68) 
thrown [s\src\hotspot\share\interpreter\linkResolver.cpp, line 773]
Event: 15244.621 Thread 0x000001bf1d1b8e90 Exception <a 'java/lang/NoSuchMethodError'{0x00000000eff5da50}: 'void java.lang.invoke.DirectMethodHandle$Holder.invokeVirtual(java.lang.Object, java.lang.Object)'> (0x00000000eff5da50) 
thrown [s\src\hotspot\share\interpreter\linkResolver.cpp, line 773]
Event: 15251.054 Thread 0x000001bf1d1b8e90 Exception <a 'java/lang/IncompatibleClassChangeError'{0x00000000ee151878}: Found class java.lang.Object, but interface was expected> (0x00000000ee151878) 
thrown [s\src\hotspot\share\interpreter\linkResolver.cpp, line 840]
Event: 15251.155 Thread 0x000001bf1d1b8e90 Exception <a 'java/lang/IncompatibleClassChangeError'{0x00000000ee152d48}: Found class java.lang.Object, but interface was expected> (0x00000000ee152d48) 
thrown [s\src\hotspot\share\interpreter\linkResolver.cpp, line 840]
Event: 15277.975 Thread 0x000001bf1d1b8e90 Exception <a 'java/lang/IncompatibleClassChangeError'{0x00000000ee197e78}: Found class java.lang.Object, but interface was expected> (0x00000000ee197e78) 
thrown [s\src\hotspot\share\interpreter\linkResolver.cpp, line 840]

ZGC Phase Switch (0 events):
No events

VM Operations (20 events):
Event: 15300.366 Executing safepoint VM operation: G1CollectForAllocation (G1 Evacuation Pause) done
Event: 15301.377 Executing safepoint VM operation: Cleanup
Event: 15305.389 Executing safepoint VM operation: Cleanup done
Event: 15305.625 Executing safepoint VM operation: G1CollectForAllocation (G1 Evacuation Pause)
Event: 15308.611 Executing safepoint VM operation: G1CollectForAllocation (G1 Evacuation Pause) done
Event: 15309.037 Executing safepoint VM operation: G1CollectForAllocation (G1 Evacuation Pause)
Event: 15313.696 Executing safepoint VM operation: G1CollectForAllocation (G1 Evacuation Pause) done
Event: 15313.854 Executing safepoint VM operation: G1CollectForAllocation (G1 Evacuation Pause)
Event: 15317.248 Executing safepoint VM operation: G1CollectForAllocation (G1 Evacuation Pause) done
Event: 15317.938 Executing safepoint VM operation: G1CollectForAllocation (G1 Evacuation Pause)
Event: 15321.365 Executing safepoint VM operation: G1CollectForAllocation (G1 Evacuation Pause) done
Event: 15321.463 Executing safepoint VM operation: G1CollectForAllocation (G1 Evacuation Pause)
Event: 15324.531 Executing safepoint VM operation: G1CollectForAllocation (G1 Evacuation Pause) done
Event: 15326.539 Executing safepoint VM operation: Cleanup
Event: 15327.309 Executing safepoint VM operation: Cleanup done
Event: 15329.508 Executing safepoint VM operation: G1CollectForAllocation (G1 Evacuation Pause)
Event: 15331.696 Executing safepoint VM operation: G1CollectForAllocation (G1 Evacuation Pause) done
Event: 15333.714 Executing safepoint VM operation: Cleanup
Event: 15334.320 Executing safepoint VM operation: Cleanup done
Event: 15337.148 Executing safepoint VM operation: G1CollectForAllocation (G1 Evacuation Pause)

Memory protections (0 events):
No events

Nmethod flushes (0 events):
No events

Events (20 events):
Event: 685.374 Thread 0x000001bf1ebe6ff0 Thread exited: 0x000001bf1ebe6ff0
Event: 686.169 Thread 0x000001bf1d8ce7d0 Thread exited: 0x000001bf1d8ce7d0
Event: 687.817 Thread 0x000001bf1d1b9bb0 Thread added: 0x000001bf1d1ba240
Event: 690.682 Thread 0x000001bf1d1b8e90 Thread added: 0x000001bf1d1ba8d0
Event: 708.811 Thread 0x000001bf1d1b8e90 Thread added: 0x000001bf1ee508a0
Event: 709.426 Thread 0x000001bf1d1b8e90 Thread added: 0x000001bf1ee51c50
Event: 715.363 Thread 0x000001bf1d1b8e90 Thread added: 0x000001bf1ee50f30
Event: 715.394 Thread 0x000001bf1d1b8e90 Thread added: 0x000001bf1ee522e0
Event: 719.001 Thread 0x000001bf1d1b8e90 Thread added: 0x000001bf1ee4fb80
Event: 721.302 Thread 0x000001bf1d1b8e90 Thread added: 0x000001bf1ee52970
Event: 762.953 Thread 0x000001bf1d1b8e90 Thread added: 0x000001bf1ee53000
Event: 763.131 Thread 0x000001bf1d1b8e90 Thread added: 0x000001bf1ee53690
Event: 763.737 Thread 0x000001bf0232bf70 Thread added: 0x000001bf1d9dd220
Event: 15200.596 Thread 0x000001bf1d9dd220 Thread added: 0x000001bf1dc55050
Event: 15204.418 Thread 0x000001bf1d9dd220 Thread exited: 0x000001bf1d9dd220
Event: 15204.418 Thread 0x000001bf1dc55050 Thread exited: 0x000001bf1dc55050
Event: 15258.802 Thread 0x000001bf1ee53000 Thread exited: 0x000001bf1ee53000
Event: 15260.828 Thread 0x000001bf1ee51c50 Thread exited: 0x000001bf1ee51c50
Event: 15262.521 Thread 0x000001bf1ee53690 Thread exited: 0x000001bf1ee53690
Event: 15273.089 Thread 0x000001bf1d1ba240 Thread exited: 0x000001bf1d1ba240


Dynamic libraries:
0x00007ff7ad5d0000 - 0x00007ff7ad5de000 	C:\Users\pjoo6\.vscode\extensions\redhat.java-1.56.0-win32-x64\jre\21.0.12.1-win32-x86_64\bin\java.exe
0x00007ffe85b40000 - 0x00007ffe85da7000 	C:\WINDOWS\SYSTEM32\ntdll.dll
0x00007ffe83fa0000 - 0x00007ffe8406b000 	C:\WINDOWS\System32\KERNEL32.DLL
0x00007ffe83450000 - 0x00007ffe83852000 	C:\WINDOWS\System32\KERNELBASE.dll
0x00007ffe831a0000 - 0x00007ffe832ec000 	C:\WINDOWS\System32\ucrtbase.dll
0x00007ffe63b40000 - 0x00007ffe63b58000 	C:\Users\pjoo6\.vscode\extensions\redhat.java-1.56.0-win32-x64\jre\21.0.12.1-win32-x86_64\bin\jli.dll
0x00007ffe84370000 - 0x00007ffe8453f000 	C:\WINDOWS\System32\USER32.dll
0x00007ffe83170000 - 0x00007ffe83197000 	C:\WINDOWS\System32\win32u.dll
0x00007ffe84190000 - 0x00007ffe841bb000 	C:\WINDOWS\System32\GDI32.dll
0x00007ffe82eb0000 - 0x00007ffe82fd9000 	C:\WINDOWS\System32\gdi32full.dll
0x00007ffe82d40000 - 0x00007ffe82de3000 	C:\WINDOWS\System32\msvcp_win.dll
0x00007ffe63b60000 - 0x00007ffe63b7e000 	C:\Users\pjoo6\.vscode\extensions\redhat.java-1.56.0-win32-x64\jre\21.0.12.1-win32-x86_64\bin\VCRUNTIME140.dll
0x00007ffe59f50000 - 0x00007ffe5a1e0000 	C:\WINDOWS\WinSxS\amd64_microsoft.windows.common-controls_6595b64144ccf1df_6.0.26100.9278_none_3e0d1ba8e3303201\COMCTL32.dll
0x00007ffe847b0000 - 0x00007ffe84859000 	C:\WINDOWS\System32\msvcrt.dll
0x00007ffe841c0000 - 0x00007ffe841f1000 	C:\WINDOWS\System32\IMM32.DLL
0x00007ffe63b30000 - 0x00007ffe63b3c000 	C:\Users\pjoo6\.vscode\extensions\redhat.java-1.56.0-win32-x64\jre\21.0.12.1-win32-x86_64\bin\vcruntime140_1.dll
0x00007ffe63aa0000 - 0x00007ffe63b2d000 	C:\Users\pjoo6\.vscode\extensions\redhat.java-1.56.0-win32-x64\jre\21.0.12.1-win32-x86_64\bin\msvcp140.dll
0x00007ffdaaf20000 - 0x00007ffdabcc2000 	C:\Users\pjoo6\.vscode\extensions\redhat.java-1.56.0-win32-x64\jre\21.0.12.1-win32-x86_64\bin\server\jvm.dll
0x00007ffe83a90000 - 0x00007ffe83b4c000 	C:\WINDOWS\System32\ADVAPI32.dll
0x00007ffe84630000 - 0x00007ffe846d9000 	C:\WINDOWS\System32\sechost.dll
0x00007ffe84070000 - 0x00007ffe84188000 	C:\WINDOWS\System32\RPCRT4.dll
0x00007ffe849b0000 - 0x00007ffe84a30000 	C:\WINDOWS\System32\WS2_32.dll
0x00007ffe82ba0000 - 0x00007ffe82bfe000 	C:\WINDOWS\SYSTEM32\POWRPROF.dll
0x00007ffe77900000 - 0x00007ffe77936000 	C:\WINDOWS\SYSTEM32\WINMM.dll
0x00007ffe6dff0000 - 0x00007ffe6dffb000 	C:\WINDOWS\SYSTEM32\VERSION.dll
0x00007ffe82b80000 - 0x00007ffe82b95000 	C:\WINDOWS\SYSTEM32\UMPDC.dll
0x00007ffe81a10000 - 0x00007ffe81a2b000 	C:\WINDOWS\SYSTEM32\kernel.appcore.dll
0x00007ffe63a90000 - 0x00007ffe63a9a000 	C:\Users\pjoo6\.vscode\extensions\redhat.java-1.56.0-win32-x64\jre\21.0.12.1-win32-x86_64\bin\jimage.dll
0x00007ffe80280000 - 0x00007ffe804cc000 	C:\WINDOWS\SYSTEM32\DBGHELP.DLL
0x00007ffe83b60000 - 0x00007ffe83ee5000 	C:\WINDOWS\System32\combase.dll
0x00007ffe84550000 - 0x00007ffe84629000 	C:\WINDOWS\System32\OLEAUT32.dll
0x00007ffe58920000 - 0x00007ffe5895b000 	C:\WINDOWS\SYSTEM32\dbgcore.DLL
0x00007ffe83300000 - 0x00007ffe833ac000 	C:\WINDOWS\System32\bcryptPrimitives.dll
0x00007ffe5c060000 - 0x00007ffe5c06f000 	C:\Users\pjoo6\.vscode\extensions\redhat.java-1.56.0-win32-x64\jre\21.0.12.1-win32-x86_64\bin\instrument.dll
0x00007ffe638f0000 - 0x00007ffe63910000 	C:\Users\pjoo6\.vscode\extensions\redhat.java-1.56.0-win32-x64\jre\21.0.12.1-win32-x86_64\bin\java.dll
0x00007ffe84ba0000 - 0x00007ffe85338000 	C:\WINDOWS\System32\SHELL32.dll
0x00007ffe80770000 - 0x00007ffe8101e000 	C:\WINDOWS\SYSTEM32\windows.storage.dll
0x00007ffe84200000 - 0x00007ffe842fb000 	C:\WINDOWS\System32\SHCORE.dll
0x00007ffe84300000 - 0x00007ffe84366000 	C:\WINDOWS\System32\shlwapi.dll
0x00007ffe82c60000 - 0x00007ffe82c89000 	C:\WINDOWS\SYSTEM32\profapi.dll
0x00007ffe638d0000 - 0x00007ffe638e8000 	C:\Users\pjoo6\.vscode\extensions\redhat.java-1.56.0-win32-x64\jre\21.0.12.1-win32-x86_64\bin\zip.dll
0x00007ffe63a80000 - 0x00007ffe63a90000 	C:\Users\pjoo6\.vscode\extensions\redhat.java-1.56.0-win32-x64\jre\21.0.12.1-win32-x86_64\bin\net.dll
0x00007ffe76d70000 - 0x00007ffe76e9a000 	C:\WINDOWS\SYSTEM32\WINHTTP.dll
0x00007ffe81fd0000 - 0x00007ffe8203c000 	C:\WINDOWS\system32\mswsock.dll
0x00007ffe63820000 - 0x00007ffe63836000 	C:\Users\pjoo6\.vscode\extensions\redhat.java-1.56.0-win32-x64\jre\21.0.12.1-win32-x86_64\bin\nio.dll
0x00007ffe5c1d0000 - 0x00007ffe5c1e0000 	C:\Users\pjoo6\.vscode\extensions\redhat.java-1.56.0-win32-x64\jre\21.0.12.1-win32-x86_64\bin\verify.dll
0x00007ffe5c1f0000 - 0x00007ffe5c217000 	C:\Users\pjoo6\.gradle\native\660c5614fbf4a5f2a75b1949f50a0caf5cd603558e7d8a26e50b933a0cfb79d1\windows-amd64\native-platform.dll
0x00007ffe25f70000 - 0x00007ffe25fe7000 	C:\Users\pjoo6\.gradle\native\0.2.8\x86_64-windows-gnu\gradle-fileevents.dll
0x00007ffe5c1e0000 - 0x00007ffe5c1ea000 	C:\Users\pjoo6\.vscode\extensions\redhat.java-1.56.0-win32-x64\jre\21.0.12.1-win32-x86_64\bin\management.dll
0x00007ffe5c130000 - 0x00007ffe5c13c000 	C:\Users\pjoo6\.vscode\extensions\redhat.java-1.56.0-win32-x64\jre\21.0.12.1-win32-x86_64\bin\management_ext.dll
0x00007ffe85400000 - 0x00007ffe85408000 	C:\WINDOWS\System32\PSAPI.DLL
0x00007ffe81390000 - 0x00007ffe813c3000 	C:\WINDOWS\SYSTEM32\IPHLPAPI.DLL
0x00007ffe847a0000 - 0x00007ffe847aa000 	C:\WINDOWS\System32\NSI.dll
0x00007ffe63d20000 - 0x00007ffe63d29000 	C:\Users\pjoo6\.vscode\extensions\redhat.java-1.56.0-win32-x64\jre\21.0.12.1-win32-x86_64\bin\extnet.dll
0x00007ffe822e0000 - 0x00007ffe822fb000 	C:\WINDOWS\SYSTEM32\CRYPTSP.dll
0x00007ffe81970000 - 0x00007ffe819a9000 	C:\WINDOWS\system32\rsaenh.dll
0x00007ffe82080000 - 0x00007ffe820b4000 	C:\WINDOWS\SYSTEM32\USERENV.dll
0x00007ffe82c30000 - 0x00007ffe82c5a000 	C:\WINDOWS\SYSTEM32\bcrypt.dll
0x00007ffe822c0000 - 0x00007ffe822cc000 	C:\WINDOWS\SYSTEM32\CRYPTBASE.dll
0x00007ffe3a480000 - 0x00007ffe3a48e000 	C:\Users\pjoo6\.vscode\extensions\redhat.java-1.56.0-win32-x64\jre\21.0.12.1-win32-x86_64\bin\sunmscapi.dll
0x00007ffe82fe0000 - 0x00007ffe8315e000 	C:\WINDOWS\System32\CRYPT32.dll
0x00007ffe82500000 - 0x00007ffe82530000 	C:\WINDOWS\SYSTEM32\ncrypt.dll
0x00007ffe824b0000 - 0x00007ffe824ef000 	C:\WINDOWS\SYSTEM32\NTASN1.dll
0x00007ffe50a60000 - 0x00007ffe50a68000 	C:\WINDOWS\system32\wshunix.dll

JVMTI agents:
C:\Users\pjoo6\.gradle\wrapper\dists\gradle-9.7.1-bin\1w1c7tv4s851m17nbqdsro2tv\gradle-9.7.1\lib\agents\gradle-instrumentation-agent-9.7.1.jar path:C:\Users\pjoo6\.vscode\extensions\redhat.java-1.56.0-win32-x64\jre\21.0.12.1-win32-x86_64\bin\instrument.dll, loaded, initialized, instrumentlib options:none

dbghelp: loaded successfully - version: 4.0.5 - missing functions: none
symbol engine: initialized successfully - sym options: 0x614 - pdb path: .;C:\Users\pjoo6\.vscode\extensions\redhat.java-1.56.0-win32-x64\jre\21.0.12.1-win32-x86_64\bin;C:\WINDOWS\SYSTEM32;C:\WINDOWS\WinSxS\amd64_microsoft.windows.common-controls_6595b64144ccf1df_6.0.26100.9278_none_3e0d1ba8e3303201;C:\Users\pjoo6\.vscode\extensions\redhat.java-1.56.0-win32-x64\jre\21.0.12.1-win32-x86_64\bin\server;C:\Users\pjoo6\.gradle\native\660c5614fbf4a5f2a75b1949f50a0caf5cd603558e7d8a26e50b933a0cfb79d1\windows-amd64;C:\Users\pjoo6\.gradle\native\0.2.8\x86_64-windows-gnu

VM Arguments:
jvm_args: --add-opens=java.base/java.lang=ALL-UNNAMED --add-opens=java.base/java.lang.invoke=ALL-UNNAMED --add-opens=java.base/java.util=ALL-UNNAMED --add-opens=java.prefs/java.util.prefs=ALL-UNNAMED --add-exports=jdk.compiler/com.sun.tools.javac.api=ALL-UNNAMED --add-exports=jdk.compiler/com.sun.tools.javac.util=ALL-UNNAMED --add-opens=java.base/java.nio.charset=ALL-UNNAMED --add-opens=java.base/java.net=ALL-UNNAMED --add-opens=java.base/java.util.concurrent=ALL-UNNAMED --add-opens=java.base/java.util.concurrent.atomic=ALL-UNNAMED --add-opens=java.xml/javax.xml.namespace=ALL-UNNAMED --add-opens=java.base/java.time=ALL-UNNAMED -XX:MaxMetaspaceSize=384m -XX:+HeapDumpOnOutOfMemoryError -Xms256m -Xmx512m -Dfile.encoding=UTF-8 -Duser.country=KR -Duser.language=ko -Duser.variant -javaagent:C:\Users\pjoo6\.gradle\wrapper\dists\gradle-9.7.1-bin\1w1c7tv4s851m17nbqdsro2tv\gradle-9.7.1\lib\agents\gradle-instrumentation-agent-9.7.1.jar 
java_command: org.gradle.launcher.daemon.bootstrap.GradleDaemon 9.7.1
java_class_path (initial): C:\Users\pjoo6\.gradle\wrapper\dists\gradle-9.7.1-bin\1w1c7tv4s851m17nbqdsro2tv\gradle-9.7.1\lib\gradle-daemon-main-9.7.1.jar
Launcher Type: SUN_STANDARD

[Global flags]
     intx CICompilerCount                          = 4                                         {product} {ergonomic}
   size_t CompressedClassSpaceSize                 = 335544320                                 {product} {ergonomic}
     uint ConcGCThreads                            = 3                                         {product} {ergonomic}
     uint G1ConcRefinementThreads                  = 10                                        {product} {ergonomic}
   size_t G1HeapRegionSize                         = 1048576                                   {product} {ergonomic}
    uintx GCDrainStackTargetSize                   = 64                                        {product} {ergonomic}
     bool HeapDumpOnOutOfMemoryError               = true                                   {manageable} {command line}
   size_t InitialHeapSize                          = 268435456                                 {product} {command line}
   size_t MarkStackSize                            = 4194304                                   {product} {ergonomic}
   size_t MaxHeapSize                              = 536870912                                 {product} {command line}
   size_t MaxMetaspaceSize                         = 402653184                                 {product} {command line}
   size_t MaxNewSize                               = 321912832                                 {product} {ergonomic}
   size_t MinHeapDeltaBytes                        = 1048576                                   {product} {ergonomic}
   size_t MinHeapSize                              = 268435456                                 {product} {command line}
    uintx NonNMethodCodeHeapSize                   = 5839372                                {pd product} {ergonomic}
    uintx NonProfiledCodeHeapSize                  = 122909434                              {pd product} {ergonomic}
    uintx ProfiledCodeHeapSize                     = 122909434                              {pd product} {ergonomic}
    uintx ReservedCodeCacheSize                    = 251658240                              {pd product} {ergonomic}
     bool SegmentedCodeCache                       = true                                      {product} {ergonomic}
   size_t SoftMaxHeapSize                          = 536870912                              {manageable} {ergonomic}
     bool UseCompressedOops                        = true                           {product lp64_product} {ergonomic}
     bool UseG1GC                                  = true                                      {product} {ergonomic}
     bool UseLargePagesIndividualAllocation        = false                                  {pd product} {ergonomic}

Logging:
Log output configuration:
 #0: stdout all=warning uptime,level,tags foldmultilines=false
 #1: stderr all=off uptime,level,tags foldmultilines=false

Release file:
JAVA_VERSION="21.0.12.1" 
MODULES="java.base java.compiler java.datatransfer java.xml java.prefs java.desktop java.instrument java.logging java.management java.security.sasl java.naming java.rmi java.management.rmi java.net.http java.scripting java.security.jgss java.transaction.xa java.sql java.sql.rowset java.xml.crypto java.se java.smartcardio jdk.accessibility jdk.internal.jvmstat jdk.attach jdk.charsets jdk.internal.opt jdk.zipfs jdk.compiler jdk.crypto.ec jdk.crypto.cryptoki jdk.crypto.mscapi jdk.dynalink jdk.internal.ed jdk.editpad jdk.hotspot.agent jdk.httpserver jdk.internal.le jdk.internal.vm.ci jdk.internal.vm.compiler jdk.internal.vm.compiler.management jdk.jartool jdk.javadoc jdk.jcmd jdk.management jdk.management.agent jdk.jconsole jdk.jdeps jdk.jdwp.agent jdk.jdi jdk.jfr jdk.jshell jdk.jsobject jdk.jstatd jdk.localedata jdk.management.jfr jdk.naming.dns jdk.naming.rmi jdk.net jdk.nio.mapmode jdk.random jdk.sctp jdk.security.auth jdk.security.jgss jdk.unsupported jdk.unsupported.desktop jdk.xml.dom" 

Environment Variables:
JAVA_HOME=C:\Program Files\Eclipse Adoptium\jdk-21.0.12.101-hotspot\
PATH=C:\Program Files\Eclipse Adoptium\jdk-21.0.12.101-hotspot\bin;C:\Program Files\Common Files\Oracle\Java\javapath;C:\windows\system32;C:\windows;C:\windows\System32\Wbem;C:\windows\System32\WindowsPowerShell\v1.0\;C:\windows\System32\OpenSSH\;C:\WINDOWS\system32;C:\WINDOWS;C:\WINDOWS\System32\Wbem;C:\WINDOWS\System32\WindowsPowerShell\v1.0\;C:\WINDOWS\System32\OpenSSH\;C:\Program Files (x86)\IncrediBuild;C:\Program Files\Git\cmd;C:\Program Files\dotnet\;C:\Program Files\nodejs\;C:\Program Files (x86)\cloudflared\;C:\Users\pjoo6\AppData\Local\Programs\Python\Python39\Scripts\;C:\Users\pjoo6\AppData\Local\Programs\Python\Python39\;C:\Users\pjoo6\AppData\Local\Microsoft\WindowsApps;C:\Users\pjoo6\OneDrive\πŸ≈¡ »≠∏È\opencv\build\x64\vc15\bin;C:\Users\pjoo6\AppData\Local\Programs\Microsoft VS Code\bin;C:\Users\pjoo6\AppData\Roaming\npm
USERNAME=pjoo6
OS=Windows_NT
PROCESSOR_IDENTIFIER=Intel64 Family 6 Model 186 Stepping 3, GenuineIntel
TMP=C:\Users\pjoo6\AppData\Local\Temp
TEMP=C:\Users\pjoo6\AppData\Local\Temp




Periodic native trim disabled

---------------  S Y S T E M  ---------------

OS:
 Windows 11 , 64 bit Build 26100 (10.0.26100.9444)
OS uptime: 0 days 5:12 hours
Hyper-V role detected

CPU: total 12 (initial active 12) (6 cores per cpu, 2 threads per core) family 6 model 186 stepping 3 microcode 0x6134, cx8, cmov, fxsr, ht, mmx, 3dnowpref, sse, sse2, sse3, ssse3, sse4.1, sse4.2, popcnt, lzcnt, tsc, tscinvbit, avx, avx2, aes, erms, clmul, bmi1, bmi2, adx, sha, fma, vzeroupper, clflush, clflushopt, clwb, hv, serialize, rdtscp, rdpid, fsrm, f16c, cet_ibt, cet_ss
Processor Information for the first 12 processors :
  Max Mhz: 1300, Current Mhz: 1300, Mhz Limit: 1300

Memory: 4k page, system-wide physical 16027M (180M free)
TotalPageFile size 65179M (AvailPageFile size 3M)
current process WorkingSet (physical memory assigned to process): 14M, peak: 168M
current process commit charge ("private bytes"): 540M, peak: 602M

vm_info: OpenJDK 64-Bit Server VM (21.0.12.1+1-LTS) for windows-amd64 JRE (21.0.12.1+1-LTS), built on 2026-08-18T00:00:00Z by "admin" with MS VC++ 17.12 (VS2022)

END.
