#
# There is insufficient memory for the Java Runtime Environment to continue.
# Native memory allocation (malloc) failed to allocate 1348000 bytes. Error detail: Chunk::new
# Possible reasons:
#   The system is out of physical RAM or swap space
#   This process is running with CompressedOops enabled, and the Java Heap may be blocking the growth of the native heap
# Possible solutions:
#   Reduce memory load on the system
#   Increase physical memory or swap space
#   Check if swap backing store is full
#   Decrease Java heap size (-Xmx/-Xms)
#   Decrease number of Java threads
#   Decrease Java thread stack sizes (-Xss)
#   Set larger code cache with -XX:ReservedCodeCacheSize=
#   JVM is running with Unscaled Compressed Oops mode in which the Java heap is
#     placed in the first 4GB address space. The Java Heap base address is the
#     maximum limit for the native heap growth. Please use -XX:HeapBaseMinAddress
#     to set the Java Heap base and to place the Java Heap above 4GB virtual address.
# This output file may be truncated or incomplete.
#
#  Out of Memory Error (arena.cpp:168), pid=25472, tid=17200
#
# JRE version: OpenJDK Runtime Environment Temurin-21.0.12.1+1 (21.0.12.1+1) (build 21.0.12.1+1-LTS)
# Java VM: OpenJDK 64-Bit Server VM Temurin-21.0.12.1+1 (21.0.12.1+1-LTS, mixed mode, sharing, tiered, compressed oops, compressed class ptrs, parallel gc, windows-amd64)
# No core dump will be written. Minidumps are not enabled by default on client versions of Windows
#

---------------  S U M M A R Y ------------

Command Line: --add-modules=ALL-SYSTEM --add-opens=java.base/java.util=ALL-UNNAMED --add-opens=java.base/java.lang=ALL-UNNAMED --add-opens=java.base/sun.nio.fs=ALL-UNNAMED -Declipse.application=org.eclipse.jdt.ls.core.id1 -Dosgi.bundles.defaultStartLevel=4 -Declipse.product=org.eclipse.jdt.ls.core.product -Djava.import.generatesMetadataFilesAtProjectRoot=false -Dm2e.project.cache.size=50 -DDetectVMInstallationsJob.disabled=true -Dfile.encoding=utf8 -XX:+UseParallelGC -XX:GCTimeRatio=4 -XX:AdaptiveSizePolicyWeight=90 -Dsun.zip.disableMemoryMapping=true -Xmx2G -Xms100m -Xlog:disable -javaagent:c:\Users\pjoo6\.vscode\extensions\redhat.java-1.56.0-win32-x64\lombok\lombok-1.18.39-4050.jar -XX:+HeapDumpOnOutOfMemoryError -XX:HeapDumpPath=c:\Users\pjoo6\AppData\Roaming\Code\User\workspaceStorage\d72f17bb453e5d29a6faf1777e04c918\redhat.java -Daether.dependencyCollector.impl=bf c:\Users\pjoo6\.vscode\extensions\redhat.java-1.56.0-win32-x64\server\plugins\org.eclipse.equinox.launcher_1.8.0.v20260804-1928.jar -configuration c:\Users\pjoo6\AppData\Roaming\Code\User\globalStorage\redhat.java\1.56.0\config_win -data c:\Users\pjoo6\AppData\Roaming\Code\User\workspaceStorage\d72f17bb453e5d29a6faf1777e04c918\redhat.java\jdt_ws --stdio

Host: 13th Gen Intel(R) Core(TM) i5-1335U, 12 cores, 15G,  Windows 11 , 64 bit Build 26100 (10.0.26100.9444)
Time: Fri Oct  2 18:09:19 2026 elapsed time: 10866.222309 seconds (0d 3h 1m 6s)

---------------  T H R E A D  ---------------

Current thread (0x000001a15e030e00):  JavaThread "C2 CompilerThread0" daemon [_thread_in_native, id=17200, stack(0x00000027b4300000,0x00000027b4400000) (1024K)]


Current CompileTask:
C2:10866226 16047       4       java.lang.reflect.Field::set (43 bytes)

Stack: [0x00000027b4300000,0x00000027b4400000]
Native frames: (J=compiled Java code, j=interpreted, Vv=VM code, C=native code)
V  [jvm.dll+0x6d83e9]
V  [jvm.dll+0x8b5736]
V  [jvm.dll+0x8b7cee]
V  [jvm.dll+0x8b83d3]
V  [jvm.dll+0x284596]
V  [jvm.dll+0xc685d]
V  [jvm.dll+0xc6da1]
V  [jvm.dll+0x3bf18b]
V  [jvm.dll+0x38b6d2]
V  [jvm.dll+0x38ab1a]
V  [jvm.dll+0x24c700]
V  [jvm.dll+0x24bce0]
V  [jvm.dll+0x1cb4ae]
V  [jvm.dll+0x25baad]
V  [jvm.dll+0x25a03a]
V  [jvm.dll+0x3f8aae]
V  [jvm.dll+0x8600cd]
V  [jvm.dll+0x6d6c1d]
C  [ucrtbase.dll+0x2cd30]
C  [KERNEL32.DLL+0x2cd87]
C  [ntdll.dll+0xacaec]


---------------  P R O C E S S  ---------------

Threads class SMR info:
_java_thread_list=0x000001a1656a3180, length=407, elements={
0x000001a143e1c210, 0x000001a1462de840, 0x000001a15ccbb400, 0x000001a15e022720,
0x000001a15e023380, 0x000001a15e026cb0, 0x000001a15e02dca0, 0x000001a15e030e00,
0x000001a15e034230, 0x000001a15e279f10, 0x000001a15e295a50, 0x000001a16346b650,
0x000001a16363d320, 0x000001a16382ca00, 0x000001a1637f35d0, 0x000001a163df3490,
0x000001a16405a230, 0x000001a1631042c0, 0x000001a163d02590, 0x000001a163d04cf0,
0x000001a163d04660, 0x000001a163d05380, 0x000001a163d02c20, 0x000001a166237de0,
0x000001a166238b00, 0x000001a166238470, 0x000001a1662363a0, 0x000001a1676e56b0,
0x000001a1676e35e0, 0x000001a1676e7780, 0x000001a1676e70f0, 0x000001a1676e4300,
0x000001a1676e7e10, 0x000001a1676e84a0, 0x000001a1676e5020, 0x000001a1676e8b30,
0x000001a1676eac00, 0x000001a1676e91c0, 0x000001a1676e9850, 0x000001a1645fa4e0,
0x000001a1645fd2d0, 0x000001a1645fb200, 0x000001a1645fab70, 0x000001a1645fe680,
0x000001a1645fd960, 0x000001a1645fdff0, 0x000001a1645ff3a0, 0x000001a1645fbf20,
0x000001a1645ffa30, 0x000001a164600750, 0x000001a1646000c0, 0x000001a164600de0,
0x000001a164601b00, 0x000001a1676e9ee0, 0x000001a166967a60, 0x000001a1669680f0,
0x000001a166968e10, 0x000001a166968780, 0x000001a1669694a0, 0x000001a166969b30,
0x000001a16696a1c0, 0x000001a16696b570, 0x000001a16696d640, 0x000001a16696a850,
0x000001a16696aee0, 0x000001a164601470, 0x000001a16696bc00, 0x000001a16696c920,
0x000001a16610fdd0, 0x000001a166110460, 0x000001a166111ea0, 0x000001a166111810,
0x000001a166112530, 0x000001a1661138e0, 0x000001a166113250, 0x000001a166114600,
0x000001a166110af0, 0x000001a166111180, 0x000001a166114c90, 0x000001a166116040,
0x000001a1661166d0, 0x000001a1661159b0, 0x000001a166115320, 0x000001a166112bc0,
0x000001a166116d60, 0x000001a16610aac0, 0x000001a166109da0, 0x000001a16610d220,
0x000001a16610b150, 0x000001a16610b7e0, 0x000001a16610cb90, 0x000001a1639ef660,
0x000001a1639efcf0, 0x000001a1639f0380, 0x000001a1639ecf00, 0x000001a1639ed590,
0x000001a1639f10a0, 0x000001a1639ee2b0, 0x000001a1639edc20, 0x000001a1639f0a10,
0x000001a1639f1dc0, 0x000001a165ba0360, 0x000001a165b9efb0, 0x000001a165ba1080,
0x000001a165ba1710, 0x000001a165b9e290, 0x000001a165ba5220, 0x000001a165ba37e0,
0x000001a165ba3e70, 0x000001a165ba5f40, 0x000001a165ba2430, 0x000001a165ba8010,
0x000001a165ba93c0, 0x000001a165ba86a0, 0x000001a165baa0e0, 0x000001a165ba6c60,
0x000001a164fa47f0, 0x000001a164fa5510, 0x000001a164fa4e80, 0x000001a164fa6230,
0x000001a164fa75e0, 0x000001a172261a70, 0x000001a172262e20, 0x000001a17225f9a0,
0x000001a172266fc0, 0x000001a172267ce0, 0x000001a1685391b0, 0x000001a168552f20,
0x000001a168cc0190, 0x000001a168cc2f80, 0x000001a168ccac30, 0x000001a16864ba30,
0x000001a16864d470, 0x000001a168651610, 0x000001a1686585a0, 0x000001a1670685c0,
0x000001a167063070, 0x000001a1670629e0, 0x000001a167064420, 0x000001a1670657d0,
0x000001a1670664f0, 0x000001a167065e60, 0x000001a167064ab0, 0x000001a167066b80,
0x000001a167067210, 0x000001a167063d90, 0x000001a167065140, 0x000001a16706a000,
0x000001a167068c50, 0x000001a167067f30, 0x000001a167069970, 0x000001a16706b3b0,
0x000001a1670692e0, 0x000001a16706db10, 0x000001a16706ba40, 0x000001a16706d480,
0x000001a16706ad20, 0x000001a16706a690, 0x000001a16706c0d0, 0x000001a16706cdf0,
0x000001a16706e1a0, 0x000001a16706e830, 0x000001a16706eec0, 0x000001a16706c760,
0x000001a167072340, 0x000001a167070270, 0x000001a1670729d0, 0x000001a16706f550,
0x000001a167071cb0, 0x000001a167071620, 0x000001a167073060, 0x000001a16706fbe0,
0x000001a1670736f0, 0x000001a167073d80, 0x000001a167074410, 0x000001a167070f90,
0x000001a1670757c0, 0x000001a167075e50, 0x000001a167075130, 0x000001a167076b70,
0x000001a167077f20, 0x000001a167074aa0, 0x000001a1670792d0, 0x000001a167077890,
0x000001a1670785b0, 0x000001a1670764e0, 0x000001a167079960, 0x000001a167079ff0,
0x000001a16707ad10, 0x000001a16707a680, 0x000001a16707b3a0, 0x000001a16707ba30,
0x000001a16707c0c0, 0x000001a167078c40, 0x000001a16707c750, 0x000001a16707cde0,
0x000001a16707f540, 0x000001a1670808f0, 0x000001a167081610, 0x000001a16707e190,
0x000001a16707e820, 0x000001a167082330, 0x000001a167085120, 0x000001a167083050,
0x000001a1670857b0, 0x000001a1670836e0, 0x000001a167083d70, 0x000001a1670829c0,
0x000001a1670871f0, 0x000001a167086b60, 0x000001a167088c30, 0x000001a167087f10,
0x000001a1670864d0, 0x000001a16708a670, 0x000001a16708ad00, 0x000001a167087880,
0x000001a16708d460, 0x000001a16708b390, 0x000001a16708cdd0, 0x000001a16708e180,
0x000001a16708e810, 0x000001a16708ba20, 0x000001a16708daf0, 0x000001a16708f530,
0x000001a16708fbc0, 0x000001a16708c740, 0x000001a167091c90, 0x000001a167091600,
0x000001a167093040, 0x000001a167092320, 0x000001a167093d60, 0x000001a1670929b0,
0x000001a1670936d0, 0x000001a167090250, 0x000001a1670943f0, 0x000001a1670908e0,
0x000001a167094a80, 0x000001a167090f70, 0x000001a1670957a0, 0x000001a167095110,
0x000001a1670964c0, 0x000001a167096b50, 0x000001a167095e30, 0x000001a167099fd0,
0x000001a167099940, 0x000001a167097870, 0x000001a1670971e0, 0x000001a1670992b0,
0x000001a16709a660, 0x000001a16709acf0, 0x000001a167097f00, 0x000001a167098590,
0x000001a16709b380, 0x000001a16709ba10, 0x000001a16709c0a0, 0x000001a16709e170,
0x000001a167098c20, 0x000001a16709f520, 0x000001a16709d450, 0x000001a16709e800,
0x000001a16709ee90, 0x000001a16709fbb0, 0x000001a1670a0240, 0x000001a16709c730,
0x000001a16709cdc0, 0x000001a16709dae0, 0x000001a1670a15f0, 0x000001a1670a2310,
0x000001a1670a0f60, 0x000001a168539ed0, 0x000001a168537770, 0x000001a1685370e0,
0x000001a168539840, 0x000001a16853a560, 0x000001a168538490, 0x000001a168536a50,
0x000001a16853b280, 0x000001a168537e00, 0x000001a16853ccc0, 0x000001a16853bfa0,
0x000001a16853e700, 0x000001a16853ed90, 0x000001a16853c630, 0x000001a16853d9e0,
0x000001a16853abf0, 0x000001a16853b910, 0x000001a16853fab0, 0x000001a16853e070,
0x000001a168540140, 0x000001a16853f420, 0x000001a1685407d0, 0x000001a1685428a0,
0x000001a1685414f0, 0x000001a168543c50, 0x000001a16853d350, 0x000001a1685442e0,
0x000001a168542210, 0x000001a168544970, 0x000001a168542f30, 0x000001a1685435c0,
0x000001a168546a40, 0x000001a168541b80, 0x000001a168545000, 0x000001a1685470d0,
0x000001a168547760, 0x000001a168540e60, 0x000001a168547df0, 0x000001a168545690,
0x000001a168548480, 0x000001a1685463b0, 0x000001a168548b10, 0x000001a168549830,
0x000001a1685491a0, 0x000001a16854ccb0, 0x000001a168545d20, 0x000001a16854a550,
0x000001a16854c620, 0x000001a16854d340, 0x000001a168549ec0, 0x000001a16854b270,
0x000001a16854e060, 0x000001a16854e6f0, 0x000001a16854abe0, 0x000001a16854ed80,
0x000001a16854b900, 0x000001a16854faa0, 0x000001a16854bf90, 0x000001a1685507c0,
0x000001a168552200, 0x000001a1685542d0, 0x000001a16854d9d0, 0x000001a168553c40,
0x000001a168551b70, 0x000001a168554960, 0x000001a1685514e0, 0x000001a168554ff0,
0x000001a168555d10, 0x000001a168cb5060, 0x000001a168cb2270, 0x000001a168cb6aa0,
0x000001a168cb4340, 0x000001a168cb9200, 0x000001a168cb8b70, 0x000001a168cb7130,
0x000001a168cb77c0, 0x000001a168cbb2d0, 0x000001a168cbac40, 0x000001a168cbb960,
0x000001a168cba5b0, 0x000001a168cbc680, 0x000001a168cbcd10, 0x000001a168cb9890,
0x000001a168cc0820, 0x000001a168cbfb00, 0x000001a168cbe0c0, 0x000001a168cbd3a0,
0x000001a168cc0eb0, 0x000001a168cbda30, 0x000001a168cc1540, 0x000001a168cbe750,
0x000001a168cc1bd0, 0x000001a168cbf470, 0x000001a168cc2260, 0x000001a168cc3ca0,
0x000001a168cbede0, 0x000001a168cc4330, 0x000001a168cc56e0, 0x000001a168cc28f0,
0x000001a168cc3610, 0x000001a168cc5d70, 0x000001a168cc6400, 0x000001a168cc49c0,
0x000001a168cc5050, 0x000001a168cc6a90, 0x000001a168cc84d0, 0x000001a168cc7120,
0x000001a168cc91f0, 0x000001a168cc8b60, 0x000001a168cc7e40, 0x000001a168cc9f10,
0x000001a168cc77b0, 0x000001a168cc9880, 0x000001a168ccb2c0, 0x000001a168ccb950,
0x000001a168ccbfe0, 0x000001a168cce740, 0x000001a168ccda20, 0x000001a168ccf460,
0x000001a168ccc670, 0x000001a168cd0810, 0x000001a168cd0ea0, 0x000001a16865e180,
0x000001a16865eea0, 0x000001a16865fbc0, 0x000001a16865cdd0, 0x000001a16865e810,
0x000001a168641620, 0x000001a168643060, 0x000001a1686429d0, 0x000001a168641cb0,
0x000001a172252110, 0x000001a1722513f0, 0x000001a172254870, 0x000001a172251a80,
0x000001a172254f00, 0x000001a172253b50, 0x000001a1678200d0
}

Java Threads: ( => current thread )
  0x000001a143e1c210 JavaThread "main"                              [_thread_blocked, id=3668, stack(0x00000027b3900000,0x00000027b3a00000) (1024K)]
  0x000001a1462de840 JavaThread "Reference Handler"          daemon [_thread_blocked, id=23136, stack(0x00000027b3d00000,0x00000027b3e00000) (1024K)]
  0x000001a15ccbb400 JavaThread "Finalizer"                  daemon [_thread_blocked, id=11348, stack(0x00000027b3e00000,0x00000027b3f00000) (1024K)]
  0x000001a15e022720 JavaThread "Signal Dispatcher"          daemon [_thread_blocked, id=20052, stack(0x00000027b3f00000,0x00000027b4000000) (1024K)]
  0x000001a15e023380 JavaThread "Attach Listener"            daemon [_thread_blocked, id=30932, stack(0x00000027b4000000,0x00000027b4100000) (1024K)]
  0x000001a15e026cb0 JavaThread "Service Thread"             daemon [_thread_blocked, id=30676, stack(0x00000027b4100000,0x00000027b4200000) (1024K)]
  0x000001a15e02dca0 JavaThread "Monitor Deflation Thread"   daemon [_thread_blocked, id=21992, stack(0x00000027b4200000,0x00000027b4300000) (1024K)]
=>0x000001a15e030e00 JavaThread "C2 CompilerThread0"         daemon [_thread_in_native, id=17200, stack(0x00000027b4300000,0x00000027b4400000) (1024K)]
  0x000001a15e034230 JavaThread "C1 CompilerThread0"         daemon [_thread_in_native, id=9732, stack(0x00000027b4400000,0x00000027b4500000) (1024K)]
  0x000001a15e279f10 JavaThread "Common-Cleaner"             daemon [_thread_blocked, id=19936, stack(0x00000027b4500000,0x00000027b4600000) (1024K)]
  0x000001a15e295a50 JavaThread "Notification Thread"        daemon [_thread_blocked, id=7832, stack(0x00000027b4600000,0x00000027b4700000) (1024K)]
  0x000001a16346b650 JavaThread "Active Thread: Equinox Container: f689cddc-9f54-4277-9881-fc97bd43c51c"        [_thread_blocked, id=25672, stack(0x00000027b4f00000,0x00000027b5000000) (1024K)]
  0x000001a16363d320 JavaThread "Refresh Thread: Equinox Container: f689cddc-9f54-4277-9881-fc97bd43c51c" daemon [_thread_blocked, id=25896, stack(0x00000027b4e00000,0x00000027b4f00000) (1024K)]
  0x000001a16382ca00 JavaThread "Framework Event Dispatcher: Equinox Container: f689cddc-9f54-4277-9881-fc97bd43c51c" daemon [_thread_blocked, id=32112, stack(0x00000027b5000000,0x00000027b5100000) (1024K)]
  0x000001a1637f35d0 JavaThread "Start Level: Equinox Container: f689cddc-9f54-4277-9881-fc97bd43c51c" daemon [_thread_blocked, id=26900, stack(0x00000027b5100000,0x00000027b5200000) (1024K)]
  0x000001a163df3490 JavaThread "Bundle File Closer"         daemon [_thread_blocked, id=13208, stack(0x00000027b5600000,0x00000027b5700000) (1024K)]
  0x000001a16405a230 JavaThread "SCR Component Actor"        daemon [_thread_blocked, id=20612, stack(0x00000027b5200000,0x00000027b5300000) (1024K)]
  0x000001a1631042c0 JavaThread "Worker-JM"                         [_thread_blocked, id=30172, stack(0x00000027b5300000,0x00000027b5400000) (1024K)]
  0x000001a163d02590 JavaThread "JNA Cleaner"                daemon [_thread_blocked, id=31196, stack(0x00000027b5700000,0x00000027b5800000) (1024K)]
  0x000001a163d04cf0 JavaThread "Worker-0: Initialize workspace"        [_thread_blocked, id=24780, stack(0x00000027b5800000,0x00000027b5900000) (1024K)]
  0x000001a163d04660 JavaThread "Worker-2: Initialize workspace"        [_thread_blocked, id=22804, stack(0x00000027b5a00000,0x00000027b5b00000) (1024K)]
  0x000001a163d05380 JavaThread "Worker-3: Initialize workspace"        [_thread_in_Java, id=28256, stack(0x00000027b5b00000,0x00000027b5c00000) (1024K)]
  0x000001a163d02c20 JavaThread "Java indexing"              daemon [_thread_blocked, id=8460, stack(0x00000027b5d00000,0x00000027b5e00000) (1024K)]
  0x000001a166237de0 JavaThread "Worker-5: Initialize workspace"        [_thread_blocked, id=21404, stack(0x00000027b6100000,0x00000027b6200000) (1024K)]
  0x000001a166238b00 JavaThread "pool-2-thread-1"                   [_thread_blocked, id=30432, stack(0x00000027b6300000,0x00000027b6400000) (1024K)]
  0x000001a166238470 JavaThread "WorkspaceEventsHandler"            [_thread_blocked, id=1624, stack(0x00000027b6400000,0x00000027b6500000) (1024K)]
  0x000001a1662363a0 JavaThread "pool-1-thread-1"                   [_thread_blocked, id=27700, stack(0x00000027b6500000,0x00000027b6600000) (1024K)]
  0x000001a1676e56b0 JavaThread "Worker-8: Initialize workspace"        [_thread_in_Java, id=30180, stack(0x00000027b7300000,0x00000027b7400000) (1024K)]
  0x000001a1676e35e0 JavaThread "Worker-9: Initialize workspace"        [_thread_blocked, id=6656, stack(0x00000027b7200000,0x00000027b7300000) (1024K)]
  0x000001a1676e7780 JavaThread "Worker-10: Initialize workspace"        [_thread_in_Java, id=18676, stack(0x00000027b7500000,0x00000027b7600000) (1024K)]
  0x000001a1676e70f0 JavaThread "Worker-11: Initialize workspace"        [_thread_blocked, id=32408, stack(0x00000027b7600000,0x00000027b7700000) (1024K)]
  0x000001a1676e4300 JavaThread "Worker-12: Initialize workspace"        [_thread_blocked, id=16388, stack(0x00000027b7400000,0x00000027b7500000) (1024K)]
  0x000001a1676e7e10 JavaThread "Worker-13: Initialize workspace"        [_thread_blocked, id=30708, stack(0x00000027b7800000,0x00000027b7900000) (1024K)]
  0x000001a1676e84a0 JavaThread "Worker-15: Initialize workspace"        [_thread_blocked, id=32584, stack(0x00000027b7900000,0x00000027b7a00000) (1024K)]
  0x000001a1676e5020 JavaThread "Worker-16: Initialize workspace"        [_thread_blocked, id=18696, stack(0x00000027b7a00000,0x00000027b7b00000) (1024K)]
  0x000001a1676e8b30 JavaThread "Worker-17: Initialize workspace"        [_thread_blocked, id=7460, stack(0x00000027b7c00000,0x00000027b7d00000) (1024K)]
  0x000001a1676eac00 JavaThread "Worker-18: Initialize workspace"        [_thread_blocked, id=8392, stack(0x00000027b7b00000,0x00000027b7c00000) (1024K)]
  0x000001a1676e91c0 JavaThread "Worker-19: Initialize workspace"        [_thread_blocked, id=24276, stack(0x00000027b7d00000,0x00000027b7e00000) (1024K)]
  0x000001a1676e9850 JavaThread "Worker-20: Initialize workspace"        [_thread_blocked, id=1768, stack(0x00000027b7f00000,0x00000027b8000000) (1024K)]
  0x000001a1645fa4e0 JavaThread "Worker-21: Initialize workspace"        [_thread_blocked, id=11972, stack(0x00000027b7e00000,0x00000027b7f00000) (1024K)]
  0x000001a1645fd2d0 JavaThread "Worker-22: Initialize workspace"        [_thread_blocked, id=29596, stack(0x00000027b8100000,0x00000027b8200000) (1024K)]
  0x000001a1645fb200 JavaThread "Worker-23: Initialize workspace"        [_thread_blocked, id=28680, stack(0x00000027b8000000,0x00000027b8100000) (1024K)]
  0x000001a1645fab70 JavaThread "Worker-24: Initialize workspace"        [_thread_blocked, id=28992, stack(0x00000027b8200000,0x00000027b8300000) (1024K)]
  0x000001a1645fe680 JavaThread "Worker-26: Initialize workspace"        [_thread_blocked, id=18520, stack(0x00000027b8400000,0x00000027b8500000) (1024K)]
  0x000001a1645fd960 JavaThread "Worker-27: Initialize workspace"        [_thread_in_vm, id=10632, stack(0x00000027b8500000,0x00000027b8600000) (1024K)]
  0x000001a1645fdff0 JavaThread "Worker-30: Initialize workspace"        [_thread_blocked, id=33304, stack(0x00000027b6f00000,0x00000027b7000000) (1024K)]
  0x000001a1645ff3a0 JavaThread "Worker-31: Initialize workspace"        [_thread_blocked, id=34580, stack(0x00000027b8800000,0x00000027b8900000) (1024K)]
  0x000001a1645fbf20 JavaThread "Worker-32: Initialize workspace"        [_thread_blocked, id=34612, stack(0x00000027b8900000,0x00000027b8a00000) (1024K)]
  0x000001a1645ffa30 JavaThread "Worker-33: Initialize workspace"        [_thread_blocked, id=24588, stack(0x00000027b8b00000,0x00000027b8c00000) (1024K)]
  0x000001a164600750 JavaThread "Worker-34: Initialize workspace"        [_thread_blocked, id=35136, stack(0x00000027b8a00000,0x00000027b8b00000) (1024K)]
  0x000001a1646000c0 JavaThread "Worker-35: Initialize workspace"        [_thread_blocked, id=35188, stack(0x00000027b8c00000,0x00000027b8d00000) (1024K)]
  0x000001a164600de0 JavaThread "Worker-36: Initialize workspace"        [_thread_in_native, id=35292, stack(0x00000027b8f00000,0x00000027b9000000) (1024K)]
  0x000001a164601b00 JavaThread "Worker-37: Initialize workspace"        [_thread_blocked, id=35312, stack(0x00000027b9100000,0x00000027b9200000) (1024K)]
  0x000001a1676e9ee0 JavaThread "Worker-38: Initialize workspace"        [_thread_blocked, id=35320, stack(0x00000027b9200000,0x00000027b9300000) (1024K)]
  0x000001a166967a60 JavaThread "Worker-42: Initialize workspace"        [_thread_blocked, id=35432, stack(0x00000027b9400000,0x00000027b9500000) (1024K)]
  0x000001a1669680f0 JavaThread "Worker-43: Initialize workspace"        [_thread_blocked, id=35440, stack(0x00000027b9600000,0x00000027b9700000) (1024K)]
  0x000001a166968e10 JavaThread "Worker-44: Initialize workspace"        [_thread_blocked, id=35092, stack(0x00000027b9500000,0x00000027b9600000) (1024K)]
  0x000001a166968780 JavaThread "Worker-45: Initialize workspace"        [_thread_blocked, id=34300, stack(0x00000027b8d00000,0x00000027b8e00000) (1024K)]
  0x000001a166969b30 JavaThread "Worker-48: Initialize workspace"        [_thread_blocked, id=34584, stack(0x00000027b9900000,0x00000027b9a00000) (1024K)]
  0x000001a16696a1c0 JavaThread "Worker-50: Initialize workspace"        [_thread_blocked, id=35396, stack(0x00000027b9a00000,0x00000027b9b00000) (1024K)]
  0x000001a16696b570 JavaThread "Worker-59: Initialize workspace"        [_thread_blocked, id=29052, stack(0x00000027b9c00000,0x00000027b9d00000) (1024K)]
  0x000001a16696d640 JavaThread "Worker-67: Initialize workspace"        [_thread_blocked, id=33308, stack(0x00000027b9d00000,0x00000027b9e00000) (1024K)]
  0x000001a16696a850 JavaThread "Worker-81: Initialize workspace"        [_thread_blocked, id=27816, stack(0x00000027b9300000,0x00000027b9400000) (1024K)]
  0x000001a16696aee0 JavaThread "Worker-92: Initialize workspace"        [_thread_blocked, id=35088, stack(0x00000027b9e00000,0x00000027b9f00000) (1024K)]
  0x000001a164601470 JavaThread "Worker-103: Initialize workspace"        [_thread_blocked, id=21456, stack(0x00000027b9b00000,0x00000027b9c00000) (1024K)]
  0x000001a16696bc00 JavaThread "Worker-112: Initialize workspace"        [_thread_blocked, id=35060, stack(0x00000027ba000000,0x00000027ba100000) (1024K)]
  0x000001a16696c920 JavaThread "Worker-119: Initialize workspace"        [_thread_blocked, id=25940, stack(0x00000027ba200000,0x00000027ba300000) (1024K)]
  0x000001a16610fdd0 JavaThread "Worker-132: Initialize workspace"        [_thread_blocked, id=30112, stack(0x00000027b9f00000,0x00000027ba000000) (1024K)]
  0x000001a166110460 JavaThread "Worker-142: Initialize workspace"        [_thread_blocked, id=22768, stack(0x00000027ba100000,0x00000027ba200000) (1024K)]
  0x000001a166111ea0 JavaThread "Worker-153: Initialize workspace"        [_thread_blocked, id=35408, stack(0x00000027ba300000,0x00000027ba400000) (1024K)]
  0x000001a166111810 JavaThread "Worker-164: Initialize workspace"        [_thread_blocked, id=35256, stack(0x00000027ba400000,0x00000027ba500000) (1024K)]
  0x000001a166112530 JavaThread "Worker-171: Initialize workspace"        [_thread_blocked, id=27428, stack(0x00000027ba800000,0x00000027ba900000) (1024K)]
  0x000001a1661138e0 JavaThread "Worker-182: Initialize workspace"        [_thread_blocked, id=24548, stack(0x00000027ba600000,0x00000027ba700000) (1024K)]
  0x000001a166113250 JavaThread "Worker-195: Initialize workspace"        [_thread_blocked, id=33528, stack(0x00000027ba500000,0x00000027ba600000) (1024K)]
  0x000001a166114600 JavaThread "Worker-214: Initialize workspace"        [_thread_blocked, id=23012, stack(0x00000027baa00000,0x00000027bab00000) (1024K)]
  0x000001a166110af0 JavaThread "Worker-223: Initialize workspace"        [_thread_blocked, id=19108, stack(0x00000027ba900000,0x00000027baa00000) (1024K)]
  0x000001a166111180 JavaThread "Worker-231: Initialize workspace"        [_thread_blocked, id=12008, stack(0x00000027bac00000,0x00000027bad00000) (1024K)]
  0x000001a166114c90 JavaThread "Worker-242: Initialize workspace"        [_thread_blocked, id=33268, stack(0x00000027bab00000,0x00000027bac00000) (1024K)]
  0x000001a166116040 JavaThread "Worker-251: Initialize workspace"        [_thread_blocked, id=26924, stack(0x00000027bad00000,0x00000027bae00000) (1024K)]
  0x000001a1661166d0 JavaThread "Worker-260: Initialize workspace"        [_thread_blocked, id=1548, stack(0x00000027bae00000,0x00000027baf00000) (1024K)]
  0x000001a1661159b0 JavaThread "Worker-266: Initialize workspace"        [_thread_blocked, id=10544, stack(0x00000027bb100000,0x00000027bb200000) (1024K)]
  0x000001a166115320 Thread "Unknown thread"                        [id=14404, stack(0x00000027baf00000,0x00000027bb000000) (1024K)]
  0x000001a166112bc0 JavaThread "Worker-298: Initialize workspace"        [_thread_blocked, id=4996, stack(0x00000027b3700000,0x00000027b3800000) (1024K)]
  0x000001a166116d60 JavaThread "Worker-309: Initialize workspace"        [_thread_blocked, id=12168, stack(0x00000027b3800000,0x00000027b3900000) (1024K)]
  0x000001a16610aac0 JavaThread "Worker-331: Initialize workspace"        [_thread_blocked, id=14368, stack(0x00000027bb200000,0x00000027bb300000) (1024K)]
  0x000001a166109da0 JavaThread "Worker-350: Initialize workspace"        [_thread_blocked, id=27032, stack(0x00000027bb400000,0x00000027bb500000) (1024K)]
  0x000001a16610d220 JavaThread "Worker-360: Initialize workspace"        [_thread_blocked, id=12292, stack(0x00000027bb500000,0x00000027bb600000) (1024K)]
  0x000001a16610b150 JavaThread "Worker-369: Initialize workspace"        [_thread_blocked, id=32800, stack(0x00000027bb600000,0x00000027bb700000) (1024K)]
  0x000001a16610b7e0 JavaThread "Worker-388: Initialize workspace"        [_thread_blocked, id=26724, stack(0x00000027bb700000,0x00000027bb800000) (1024K)]
  0x000001a16610cb90 JavaThread "Worker-397: Initialize workspace"        [_thread_blocked, id=28336, stack(0x00000027bb900000,0x00000027bba00000) (1024K)]
  0x000001a1639ef660 JavaThread "Worker-405: Initialize workspace"        [_thread_blocked, id=24076, stack(0x00000027bbd00000,0x00000027bbe00000) (1024K)]
  0x000001a1639efcf0 JavaThread "Worker-415: Initialize workspace"        [_thread_blocked, id=17504, stack(0x00000027bba00000,0x00000027bbb00000) (1024K)]
  0x000001a1639f0380 JavaThread "Worker-424: Initialize workspace"        [_thread_blocked, id=35008, stack(0x00000027bbb00000,0x00000027bbc00000) (1024K)]
  0x000001a1639ecf00 JavaThread "Worker-434: Initialize workspace"        [_thread_blocked, id=33296, stack(0x00000027bbc00000,0x00000027bbd00000) (1024K)]
  0x000001a1639ed590 JavaThread "Worker-445: Initialize workspace"        [_thread_blocked, id=33040, stack(0x00000027bbf00000,0x00000027bc000000) (1024K)]
  0x000001a1639f10a0 JavaThread "Worker-455: Initialize workspace"        [_thread_blocked, id=880, stack(0x00000027bbe00000,0x00000027bbf00000) (1024K)]
  0x000001a1639ee2b0 JavaThread "Worker-461: Initialize workspace"        [_thread_blocked, id=8856, stack(0x00000027bc300000,0x00000027bc400000) (1024K)]
  0x000001a1639edc20 JavaThread "Worker-477: Initialize workspace"        [_thread_blocked, id=29368, stack(0x00000027bc000000,0x00000027bc100000) (1024K)]
  0x000001a1639f0a10 JavaThread "Worker-487: Initialize workspace"        [_thread_blocked, id=33144, stack(0x00000027bc100000,0x00000027bc200000) (1024K)]
  0x000001a1639f1dc0 JavaThread "Worker-512: Initialize workspace"        [_thread_blocked, id=4296, stack(0x00000027c2300000,0x00000027c2400000) (1024K)]
  0x000001a165ba0360 JavaThread "Worker-523: Initialize workspace"        [_thread_blocked, id=13892, stack(0x00000027c2500000,0x00000027c2600000) (1024K)]
  0x000001a165b9efb0 JavaThread "Worker-534: Initialize workspace"        [_thread_blocked, id=34028, stack(0x00000027c2600000,0x00000027c2700000) (1024K)]
  0x000001a165ba1080 JavaThread "Worker-547: Initialize workspace"        [_thread_blocked, id=6208, stack(0x00000027c2700000,0x00000027c2800000) (1024K)]
  0x000001a165ba1710 JavaThread "Worker-557: Initialize workspace"        [_thread_blocked, id=15164, stack(0x00000027c2a00000,0x00000027c2b00000) (1024K)]
  0x000001a165b9e290 JavaThread "Worker-568: Initialize workspace"        [_thread_blocked, id=25304, stack(0x00000027c2c00000,0x00000027c2d00000) (1024K)]
  0x000001a165ba5220 JavaThread "Worker-575: Initialize workspace"        [_thread_blocked, id=33184, stack(0x00000027c3000000,0x00000027c3100000) (1024K)]
  0x000001a165ba37e0 JavaThread "Worker-588: Initialize workspace"        [_thread_blocked, id=34948, stack(0x00000027c2d00000,0x00000027c2e00000) (1024K)]
  0x000001a165ba3e70 JavaThread "Worker-609: Initialize workspace"        [_thread_blocked, id=33216, stack(0x00000027c3300000,0x00000027c3400000) (1024K)]
  0x000001a165ba5f40 JavaThread "Worker-620: Initialize workspace"        [_thread_blocked, id=17908, stack(0x00000027c3900000,0x00000027c3a00000) (1024K)]
  0x000001a165ba2430 JavaThread "Worker-630: Initialize workspace"        [_thread_blocked, id=33348, stack(0x00000027c3800000,0x00000027c3900000) (1024K)]
  0x000001a165ba8010 JavaThread "Worker-641: Initialize workspace"        [_thread_blocked, id=19376, stack(0x00000027c3d00000,0x00000027c3e00000) (1024K)]
  0x000001a165ba93c0 JavaThread "Worker-651: Initialize workspace"        [_thread_blocked, id=4336, stack(0x00000027c3e00000,0x00000027c3f00000) (1024K)]
  0x000001a165ba86a0 JavaThread "Worker-664: Initialize workspace"        [_thread_blocked, id=27220, stack(0x00000027c4200000,0x00000027c4300000) (1024K)]
  0x000001a165baa0e0 JavaThread "Worker-672: Initialize workspace"        [_thread_blocked, id=25540, stack(0x00000027c4100000,0x00000027c4200000) (1024K)]
  0x000001a165ba6c60 JavaThread "Worker-691: Initialize workspace"        [_thread_blocked, id=21116, stack(0x00000027c4400000,0x00000027c4500000) (1024K)]
  0x000001a164fa47f0 JavaThread "Worker-719: Initialize workspace"        [_thread_blocked, id=29680, stack(0x00000027c4f00000,0x00000027c5000000) (1024K)]
  0x000001a164fa5510 JavaThread "Worker-732: Initialize workspace"        [_thread_blocked, id=25264, stack(0x00000027c4c00000,0x00000027c4d00000) (1024K)]
  0x000001a164fa4e80 JavaThread "Worker-743: Initialize workspace"        [_thread_blocked, id=34848, stack(0x00000027c5000000,0x00000027c5100000) (1024K)]
  0x000001a164fa6230 JavaThread "Worker-767: Initialize workspace"        [_thread_blocked, id=23236, stack(0x00000027c5400000,0x00000027c5500000) (1024K)]
  0x000001a164fa75e0 JavaThread "Worker-777: Initialize workspace"        [_thread_blocked, id=33616, stack(0x00000027c5800000,0x00000027c5900000) (1024K)]
  0x000001a172261a70 JavaThread "Worker-789: Initialize workspace"        [_thread_blocked, id=31060, stack(0x00000027ccf00000,0x00000027cd000000) (1024K)]
  0x000001a172262e20 JavaThread "Worker-801: Initialize workspace"        [_thread_blocked, id=29980, stack(0x00000027cd100000,0x00000027cd200000) (1024K)]
  0x000001a17225f9a0 JavaThread "Worker-811: Initialize workspace"        [_thread_in_native, id=22812, stack(0x00000027cd300000,0x00000027cd400000) (1024K)]
  0x000001a172266fc0 JavaThread "Worker-825: Initialize workspace"        [_thread_blocked, id=33000, stack(0x00000027cd800000,0x00000027cd900000) (1024K)]
  0x000001a172267ce0 JavaThread "Worker-836: Initialize workspace"        [_thread_blocked, id=30992, stack(0x00000027cdc00000,0x00000027cdd00000) (1024K)]
  0x000001a1685391b0 JavaThread "Worker-855: Initialize workspace"        [_thread_blocked, id=27096, stack(0x00000027ce900000,0x00000027cea00000) (1024K)]
  0x000001a168552f20 JavaThread "Worker-874: Initialize workspace"        [_thread_blocked, id=25988, stack(0x00000027d2800000,0x00000027d2900000) (1024K)]
  0x000001a168cc0190 JavaThread "Worker-887: Initialize workspace"        [_thread_blocked, id=36644, stack(0x00000027d4f00000,0x00000027d5000000) (1024K)]
  0x000001a168cc2f80 JavaThread "Worker-889: Initialize workspace"        [_thread_blocked, id=4888, stack(0x00000027d5900000,0x00000027d5a00000) (1024K)]
  0x000001a168ccac30 JavaThread "Worker-901: Initialize workspace"        [_thread_blocked, id=37432, stack(0x00000027d6700000,0x00000027d6800000) (1024K)]
  0x000001a16864ba30 JavaThread "Worker-914: Initialize workspace"        [_thread_blocked, id=38828, stack(0x00000027da200000,0x00000027da300000) (1024K)]
  0x000001a16864d470 JavaThread "Worker-924: Initialize workspace"        [_thread_blocked, id=39428, stack(0x00000027da700000,0x00000027da800000) (1024K)]
  0x000001a168651610 JavaThread "Worker-930: Initialize workspace"        [_thread_blocked, id=39708, stack(0x00000027db500000,0x00000027db600000) (1024K)]
  0x000001a1686585a0 JavaThread "Worker-952: Initialize workspace"        [_thread_blocked, id=41368, stack(0x00000027dc600000,0x00000027dc700000) (1024K)]
  0x000001a1670685c0 JavaThread "Worker-965: Initialize workspace"        [_thread_blocked, id=42232, stack(0x00000027dda00000,0x00000027ddb00000) (1024K)]
  0x000001a167063070 JavaThread "Connection worker"                 [_thread_blocked, id=15880, stack(0x00000027b3600000,0x00000027b3700000) (1024K)]
  0x000001a1670629e0 JavaThread "Connection worker"                 [_thread_blocked, id=21920, stack(0x00000027b5c00000,0x00000027b5d00000) (1024K)]
  0x000001a167064420 JavaThread "Connection worker"                 [_thread_blocked, id=46772, stack(0x00000027b5e00000,0x00000027b5f00000) (1024K)]
  0x000001a1670657d0 JavaThread "Connection worker"                 [_thread_blocked, id=10752, stack(0x00000027b5f00000,0x00000027b6000000) (1024K)]
  0x000001a1670664f0 JavaThread "Connection worker"                 [_thread_blocked, id=37360, stack(0x00000027b6200000,0x00000027b6300000) (1024K)]
  0x000001a167065e60 JavaThread "Connection worker"                 [_thread_blocked, id=28732, stack(0x00000027b6600000,0x00000027b6700000) (1024K)]
  0x000001a167064ab0 JavaThread "Connection worker"                 [_thread_blocked, id=44264, stack(0x00000027b6700000,0x00000027b6800000) (1024K)]
  0x000001a167066b80 JavaThread "Connection worker"                 [_thread_blocked, id=44512, stack(0x00000027b6800000,0x00000027b6900000) (1024K)]
  0x000001a167067210 JavaThread "Connection worker"                 [_thread_blocked, id=44228, stack(0x00000027b6900000,0x00000027b6a00000) (1024K)]
  0x000001a167063d90 JavaThread "Connection worker"                 [_thread_blocked, id=35208, stack(0x00000027b6a00000,0x00000027b6b00000) (1024K)]
  0x000001a167065140 JavaThread "Connection worker"                 [_thread_blocked, id=33932, stack(0x00000027b6c00000,0x00000027b6d00000) (1024K)]
  0x000001a16706a000 JavaThread "Connection worker"                 [_thread_blocked, id=17020, stack(0x00000027b6d00000,0x00000027b6e00000) (1024K)]
  0x000001a167068c50 JavaThread "Connection worker"                 [_thread_blocked, id=13696, stack(0x00000027b6e00000,0x00000027b6f00000) (1024K)]
  0x000001a167067f30 JavaThread "Connection worker"                 [_thread_blocked, id=45472, stack(0x00000027bc200000,0x00000027bc300000) (1024K)]
  0x000001a167069970 JavaThread "Connection worker"                 [_thread_blocked, id=46568, stack(0x00000027bc500000,0x00000027bc600000) (1024K)]
  0x000001a16706b3b0 JavaThread "Connection worker"                 [_thread_blocked, id=36492, stack(0x00000027bc600000,0x00000027bc700000) (1024K)]
  0x000001a1670692e0 JavaThread "Connection worker"                 [_thread_blocked, id=42024, stack(0x00000027bc700000,0x00000027bc800000) (1024K)]
  0x000001a16706db10 JavaThread "Connection worker"                 [_thread_blocked, id=34012, stack(0x00000027bc800000,0x00000027bc900000) (1024K)]
  0x000001a16706ba40 JavaThread "Connection worker"                 [_thread_blocked, id=28772, stack(0x00000027bc900000,0x00000027bca00000) (1024K)]
  0x000001a16706d480 JavaThread "Connection worker"                 [_thread_blocked, id=22764, stack(0x00000027bca00000,0x00000027bcb00000) (1024K)]
  0x000001a16706ad20 JavaThread "Connection worker"                 [_thread_blocked, id=40784, stack(0x00000027bcb00000,0x00000027bcc00000) (1024K)]
  0x000001a16706a690 JavaThread "Connection worker"                 [_thread_blocked, id=23804, stack(0x00000027bcc00000,0x00000027bcd00000) (1024K)]
  0x000001a16706c0d0 JavaThread "Connection worker"                 [_thread_blocked, id=26040, stack(0x00000027bcd00000,0x00000027bce00000) (1024K)]
  0x000001a16706cdf0 JavaThread "Connection worker"                 [_thread_blocked, id=26004, stack(0x00000027bce00000,0x00000027bcf00000) (1024K)]
  0x000001a16706e1a0 JavaThread "Connection worker"                 [_thread_blocked, id=34764, stack(0x00000027bcf00000,0x00000027bd000000) (1024K)]
  0x000001a16706e830 JavaThread "Connection worker"                 [_thread_blocked, id=24440, stack(0x00000027bd000000,0x00000027bd100000) (1024K)]
  0x000001a16706eec0 JavaThread "Connection worker"                 [_thread_blocked, id=936, stack(0x00000027bd100000,0x00000027bd200000) (1024K)]
  0x000001a167072340 JavaThread "Connection worker"                 [_thread_blocked, id=41320, stack(0x00000027bd300000,0x00000027bd400000) (1024K)]
  0x000001a167070270 JavaThread "Connection worker"                 [_thread_blocked, id=30912, stack(0x00000027bd400000,0x00000027bd500000) (1024K)]
  0x000001a1670729d0 JavaThread "Connection worker"                 [_thread_blocked, id=2612, stack(0x00000027bd500000,0x00000027bd600000) (1024K)]
  0x000001a16706f550 JavaThread "Connection worker"                 [_thread_blocked, id=26064, stack(0x00000027bd600000,0x00000027bd700000) (1024K)]
  0x000001a167071cb0 JavaThread "Connection worker"                 [_thread_blocked, id=37276, stack(0x00000027bd700000,0x00000027bd800000) (1024K)]
  0x000001a167071620 JavaThread "Connection worker"                 [_thread_blocked, id=46644, stack(0x00000027bd800000,0x00000027bd900000) (1024K)]
  0x000001a167073060 JavaThread "Connection worker"                 [_thread_blocked, id=41064, stack(0x00000027bd900000,0x00000027bda00000) (1024K)]
  0x000001a16706fbe0 JavaThread "Connection worker"                 [_thread_blocked, id=30276, stack(0x00000027bda00000,0x00000027bdb00000) (1024K)]
  0x000001a1670736f0 JavaThread "Connection worker"                 [_thread_blocked, id=36608, stack(0x00000027bdb00000,0x00000027bdc00000) (1024K)]
  0x000001a167073d80 JavaThread "Connection worker"                 [_thread_blocked, id=7172, stack(0x00000027bdc00000,0x00000027bdd00000) (1024K)]
  0x000001a167074410 JavaThread "Connection worker"                 [_thread_blocked, id=31640, stack(0x00000027bdd00000,0x00000027bde00000) (1024K)]
  0x000001a167070f90 JavaThread "Connection worker"                 [_thread_blocked, id=43716, stack(0x00000027bde00000,0x00000027bdf00000) (1024K)]
  0x000001a1670757c0 JavaThread "Connection worker"                 [_thread_blocked, id=36552, stack(0x00000027bdf00000,0x00000027be000000) (1024K)]
  0x000001a167075e50 JavaThread "Connection worker"                 [_thread_blocked, id=19836, stack(0x00000027be000000,0x00000027be100000) (1024K)]
  0x000001a167075130 JavaThread "Connection worker"                 [_thread_blocked, id=37268, stack(0x00000027be100000,0x00000027be200000) (1024K)]
  0x000001a167076b70 JavaThread "Connection worker"                 [_thread_blocked, id=5980, stack(0x00000027be300000,0x00000027be400000) (1024K)]
  0x000001a167077f20 JavaThread "Connection worker"                 [_thread_blocked, id=20776, stack(0x00000027be400000,0x00000027be500000) (1024K)]
  0x000001a167074aa0 JavaThread "Connection worker"                 [_thread_blocked, id=37524, stack(0x00000027be500000,0x00000027be600000) (1024K)]
  0x000001a1670792d0 JavaThread "Connection worker"                 [_thread_blocked, id=20388, stack(0x00000027be600000,0x00000027be700000) (1024K)]
  0x000001a167077890 JavaThread "Connection worker"                 [_thread_blocked, id=3160, stack(0x00000027be700000,0x00000027be800000) (1024K)]
  0x000001a1670785b0 JavaThread "Connection worker"                 [_thread_blocked, id=37756, stack(0x00000027be800000,0x00000027be900000) (1024K)]
  0x000001a1670764e0 JavaThread "Connection worker"                 [_thread_blocked, id=15184, stack(0x00000027be900000,0x00000027bea00000) (1024K)]
  0x000001a167079960 JavaThread "Connection worker"                 [_thread_blocked, id=27188, stack(0x00000027bea00000,0x00000027beb00000) (1024K)]
  0x000001a167079ff0 JavaThread "Connection worker"                 [_thread_blocked, id=6400, stack(0x00000027beb00000,0x00000027bec00000) (1024K)]
  0x000001a16707ad10 JavaThread "Connection worker"                 [_thread_blocked, id=44424, stack(0x00000027bec00000,0x00000027bed00000) (1024K)]
  0x000001a16707a680 JavaThread "Connection worker"                 [_thread_blocked, id=22036, stack(0x00000027bed00000,0x00000027bee00000) (1024K)]
  0x000001a16707b3a0 JavaThread "Connection worker"                 [_thread_blocked, id=11164, stack(0x00000027bee00000,0x00000027bef00000) (1024K)]
  0x000001a16707ba30 JavaThread "Connection worker"                 [_thread_blocked, id=44812, stack(0x00000027bef00000,0x00000027bf000000) (1024K)]
  0x000001a16707c0c0 JavaThread "Connection worker"                 [_thread_blocked, id=46440, stack(0x00000027bf000000,0x00000027bf100000) (1024K)]
  0x000001a167078c40 JavaThread "Connection worker"                 [_thread_blocked, id=45840, stack(0x00000027bf100000,0x00000027bf200000) (1024K)]
  0x000001a16707c750 JavaThread "Connection worker"                 [_thread_blocked, id=22884, stack(0x00000027bf200000,0x00000027bf300000) (1024K)]
  0x000001a16707cde0 JavaThread "Connection worker"                 [_thread_blocked, id=37056, stack(0x00000027bf300000,0x00000027bf400000) (1024K)]
  0x000001a16707f540 JavaThread "Connection worker"                 [_thread_blocked, id=44580, stack(0x00000027bf400000,0x00000027bf500000) (1024K)]
  0x000001a1670808f0 JavaThread "Connection worker"                 [_thread_blocked, id=36964, stack(0x00000027bf600000,0x00000027bf700000) (1024K)]
  0x000001a16707e190 JavaThread "Connection worker"                 [_thread_blocked, id=38904, stack(0x00000027bfc00000,0x00000027bfd00000) (1024K)]
  0x000001a16707e820 JavaThread "Connection worker"                 [_thread_blocked, id=42520, stack(0x00000027bfd00000,0x00000027bfe00000) (1024K)]
  0x000001a167082330 JavaThread "Connection worker"                 [_thread_blocked, id=24824, stack(0x00000027bff00000,0x00000027c0000000) (1024K)]
  0x000001a167085120 JavaThread "Connection worker"                 [_thread_blocked, id=1380, stack(0x00000027c0100000,0x00000027c0200000) (1024K)]
  0x000001a167083050 JavaThread "Connection worker"                 [_thread_blocked, id=37448, stack(0x00000027c0200000,0x00000027c0300000) (1024K)]
  0x000001a1670857b0 JavaThread "Connection worker"                 [_thread_blocked, id=41012, stack(0x00000027c0500000,0x00000027c0600000) (1024K)]
  0x000001a1670836e0 JavaThread "Connection worker"                 [_thread_blocked, id=34280, stack(0x00000027c0700000,0x00000027c0800000) (1024K)]
  0x000001a167083d70 JavaThread "Connection worker"                 [_thread_blocked, id=37608, stack(0x00000027c0800000,0x00000027c0900000) (1024K)]
  0x000001a1670829c0 Thread "Unknown thread"                        [id=40452, stack(0x00000027c0900000,0x00000027c0a00000) (1024K)]
  0x000001a1670871f0 JavaThread "Connection worker"                 [_thread_blocked, id=22368, stack(0x00000027c0c00000,0x00000027c0d00000) (1024K)]
  0x000001a167086b60 JavaThread "Connection worker"                 [_thread_blocked, id=46804, stack(0x00000027c0d00000,0x00000027c0e00000) (1024K)]
  0x000001a167088c30 JavaThread "Connection worker"                 [_thread_blocked, id=29736, stack(0x00000027c0e00000,0x00000027c0f00000) (1024K)]
  0x000001a167087f10 JavaThread "Connection worker"                 [_thread_blocked, id=3152, stack(0x00000027c1100000,0x00000027c1200000) (1024K)]
  0x000001a1670864d0 JavaThread "Connection worker"                 [_thread_blocked, id=37944, stack(0x00000027c1200000,0x00000027c1300000) (1024K)]
  0x000001a16708a670 JavaThread "Connection worker"                 [_thread_blocked, id=34992, stack(0x00000027c1300000,0x00000027c1400000) (1024K)]
  0x000001a16708ad00 JavaThread "Connection worker"                 [_thread_blocked, id=16032, stack(0x00000027c1500000,0x00000027c1600000) (1024K)]
  0x000001a167087880 JavaThread "Connection worker"                 [_thread_blocked, id=38860, stack(0x00000027c1600000,0x00000027c1700000) (1024K)]
  0x000001a16708d460 JavaThread "Connection worker"                 [_thread_blocked, id=19512, stack(0x00000027c1700000,0x00000027c1800000) (1024K)]
  0x000001a16708b390 JavaThread "Connection worker"                 [_thread_blocked, id=27388, stack(0x00000027c1800000,0x00000027c1900000) (1024K)]
  0x000001a16708cdd0 JavaThread "Connection worker"                 [_thread_blocked, id=4204, stack(0x00000027c1900000,0x00000027c1a00000) (1024K)]
  0x000001a16708e180 JavaThread "Connection worker"                 [_thread_blocked, id=41776, stack(0x00000027c1a00000,0x00000027c1b00000) (1024K)]
  0x000001a16708e810 JavaThread "Connection worker"                 [_thread_blocked, id=26932, stack(0x00000027c1b00000,0x00000027c1c00000) (1024K)]
  0x000001a16708ba20 JavaThread "Connection worker"                 [_thread_blocked, id=39736, stack(0x00000027c1c00000,0x00000027c1d00000) (1024K)]
  0x000001a16708daf0 JavaThread "Connection worker"                 [_thread_blocked, id=4984, stack(0x00000027c1e00000,0x00000027c1f00000) (1024K)]
  0x000001a16708f530 JavaThread "Connection worker"                 [_thread_blocked, id=23828, stack(0x00000027b6000000,0x00000027b6100000) (1024K)]
  0x000001a16708fbc0 JavaThread "Connection worker"                 [_thread_blocked, id=41700, stack(0x00000027b7100000,0x00000027b7200000) (1024K)]
  0x000001a16708c740 JavaThread "Connection worker"                 [_thread_blocked, id=3012, stack(0x00000027b8e00000,0x00000027b8f00000) (1024K)]
  0x000001a167091c90 JavaThread "Exec process"                      [_thread_in_native, id=35080, stack(0x00000027c2000000,0x00000027c2100000) (1024K)]
  0x000001a167091600 JavaThread "Exec process"                      [_thread_in_native, id=13280, stack(0x00000027c2100000,0x00000027c2200000) (1024K)]
  0x000001a167093040 JavaThread "Exec process Thread 2"             [_thread_blocked, id=36056, stack(0x00000027c2400000,0x00000027c2500000) (1024K)]
  0x000001a167092320 JavaThread "Exec process"                      [_thread_in_native, id=31404, stack(0x00000027c2200000,0x00000027c2300000) (1024K)]
  0x000001a167093d60 JavaThread "Exec process Thread 2"             [_thread_blocked, id=43540, stack(0x00000027c2900000,0x00000027c2a00000) (1024K)]
  0x000001a1670929b0 JavaThread "Exec process Thread 2"             [_thread_blocked, id=41080, stack(0x00000027c2b00000,0x00000027c2c00000) (1024K)]
  0x000001a1670936d0 JavaThread "Exec process"                      [_thread_in_native, id=23008, stack(0x00000027c2800000,0x00000027c2900000) (1024K)]
  0x000001a167090250 JavaThread "Exec process"                      [_thread_in_native, id=10576, stack(0x00000027c2e00000,0x00000027c2f00000) (1024K)]
  0x000001a1670943f0 JavaThread "Exec process Thread 2"             [_thread_blocked, id=18836, stack(0x00000027c3100000,0x00000027c3200000) (1024K)]
  0x000001a1670908e0 JavaThread "Exec process"                      [_thread_in_native, id=13324, stack(0x00000027c2f00000,0x00000027c3000000) (1024K)]
  0x000001a167094a80 JavaThread "Exec process Thread 2"             [_thread_blocked, id=1212, stack(0x00000027c3400000,0x00000027c3500000) (1024K)]
  0x000001a167090f70 JavaThread "Exec process"                      [_thread_in_native, id=43452, stack(0x00000027c3200000,0x00000027c3300000) (1024K)]
  0x000001a1670957a0 JavaThread "Exec process Thread 2"             [_thread_blocked, id=20120, stack(0x00000027c3a00000,0x00000027c3b00000) (1024K)]
  0x000001a167095110 JavaThread "Exec process"                      [_thread_in_native, id=17556, stack(0x00000027c3500000,0x00000027c3600000) (1024K)]
  0x000001a1670964c0 JavaThread "Exec process Thread 2"             [_thread_blocked, id=34732, stack(0x00000027c3c00000,0x00000027c3d00000) (1024K)]
  0x000001a167096b50 JavaThread "Exec process"                      [_thread_in_native, id=45124, stack(0x00000027c3b00000,0x00000027c3c00000) (1024K)]
  0x000001a167095e30 JavaThread "Exec process"                      [_thread_in_native, id=38996, stack(0x00000027c3f00000,0x00000027c4000000) (1024K)]
  0x000001a167099fd0 JavaThread "Exec process Thread 2"             [_thread_blocked, id=23732, stack(0x00000027c4300000,0x00000027c4400000) (1024K)]
  0x000001a167099940 JavaThread "Exec process"                      [_thread_in_native, id=31952, stack(0x00000027c4000000,0x00000027c4100000) (1024K)]
  0x000001a167097870 JavaThread "Exec process"                      [_thread_in_native, id=13492, stack(0x00000027c4500000,0x00000027c4600000) (1024K)]
  0x000001a1670971e0 JavaThread "Exec process Thread 2"             [_thread_blocked, id=45580, stack(0x00000027c4900000,0x00000027c4a00000) (1024K)]
  0x000001a1670992b0 JavaThread "Exec process"                      [_thread_in_native, id=26252, stack(0x00000027c4600000,0x00000027c4700000) (1024K)]
  0x000001a16709a660 JavaThread "Exec process"                      [_thread_in_native, id=9676, stack(0x00000027c4a00000,0x00000027c4b00000) (1024K)]
  0x000001a16709acf0 JavaThread "Exec process"                      [_thread_in_native, id=25140, stack(0x00000027c4b00000,0x00000027c4c00000) (1024K)]
  0x000001a167097f00 JavaThread "Exec process"                      [_thread_in_native, id=26120, stack(0x00000027c0b00000,0x00000027c0c00000) (1024K)]
  0x000001a167098590 JavaThread "Exec process Thread 2"             [_thread_blocked, id=10180, stack(0x00000027c4e00000,0x00000027c4f00000) (1024K)]
  0x000001a16709b380 JavaThread "Exec process"                      [_thread_in_native, id=22724, stack(0x00000027c4d00000,0x00000027c4e00000) (1024K)]
  0x000001a16709ba10 JavaThread "Exec process"                      [_thread_in_native, id=40480, stack(0x00000027c5100000,0x00000027c5200000) (1024K)]
  0x000001a16709c0a0 JavaThread "Exec process"                      [_thread_in_native, id=45492, stack(0x00000027c5300000,0x00000027c5400000) (1024K)]
  0x000001a16709e170 JavaThread "Exec process Thread 2"             [_thread_blocked, id=43140, stack(0x00000027c5600000,0x00000027c5700000) (1024K)]
  0x000001a16709f520 JavaThread "Exec process Thread 2"             [_thread_blocked, id=33772, stack(0x00000027c5900000,0x00000027c5a00000) (1024K)]
  0x000001a16709d450 JavaThread "Exec process"                      [_thread_in_native, id=14124, stack(0x00000027c5700000,0x00000027c5800000) (1024K)]
  0x000001a16709e800 JavaThread "Exec process Thread 2"             [_thread_blocked, id=44144, stack(0x00000027c5b00000,0x00000027c5c00000) (1024K)]
  0x000001a16709ee90 JavaThread "Exec process"                      [_thread_in_native, id=40792, stack(0x00000027c5c00000,0x00000027c5d00000) (1024K)]
  0x000001a16709fbb0 JavaThread "Exec process"                      [_thread_in_native, id=2828, stack(0x00000027c5a00000,0x00000027c5b00000) (1024K)]
  0x000001a1670a0240 JavaThread "Exec process Thread 2"             [_thread_blocked, id=18064, stack(0x00000027c5e00000,0x00000027c5f00000) (1024K)]
  0x000001a16709c730 JavaThread "Exec process"                      [_thread_in_native, id=39644, stack(0x00000027c5d00000,0x00000027c5e00000) (1024K)]
  0x000001a16709cdc0 JavaThread "Exec process Thread 2"             [_thread_blocked, id=41548, stack(0x00000027c5f00000,0x00000027c6000000) (1024K)]
  0x000001a16709dae0 JavaThread "Exec process Thread 2"             [_thread_blocked, id=41692, stack(0x00000027c6200000,0x00000027c6300000) (1024K)]
  0x000001a1670a15f0 JavaThread "Exec process"                      [_thread_in_native, id=46668, stack(0x00000027c6300000,0x00000027c6400000) (1024K)]
  0x000001a1670a2310 JavaThread "Exec process Thread 2"             [_thread_blocked, id=28072, stack(0x00000027c6400000,0x00000027c6500000) (1024K)]
  0x000001a1670a0f60 JavaThread "Exec process"                      [_thread_in_native, id=36036, stack(0x00000027c6100000,0x00000027c6200000) (1024K)]
  0x000001a168539ed0 JavaThread "Exec process Thread 2"             [_thread_blocked, id=34836, stack(0x00000027c6600000,0x00000027c6700000) (1024K)]
  0x000001a168537770 JavaThread "Exec process"                      [_thread_in_native, id=36004, stack(0x00000027c6500000,0x00000027c6600000) (1024K)]
  0x000001a1685370e0 JavaThread "Exec process"                      [_thread_in_native, id=18372, stack(0x00000027c6700000,0x00000027c6800000) (1024K)]
  0x000001a168539840 JavaThread "Exec process"                      [_thread_in_native, id=43304, stack(0x00000027c6900000,0x00000027c6a00000) (1024K)]
  0x000001a16853a560 JavaThread "Exec process Thread 2"             [_thread_blocked, id=34384, stack(0x00000027c6b00000,0x00000027c6c00000) (1024K)]
  0x000001a168538490 JavaThread "Exec process"                      [_thread_in_native, id=39568, stack(0x00000027c6a00000,0x00000027c6b00000) (1024K)]
  0x000001a168536a50 JavaThread "Exec process"                      [_thread_in_native, id=16940, stack(0x00000027c6c00000,0x00000027c6d00000) (1024K)]
  0x000001a16853b280 JavaThread "Exec process Thread 2"             [_thread_blocked, id=832, stack(0x00000027c6e00000,0x00000027c6f00000) (1024K)]
  0x000001a168537e00 JavaThread "Exec process"                      [_thread_in_native, id=44704, stack(0x00000027c6f00000,0x00000027c7000000) (1024K)]
  0x000001a16853ccc0 JavaThread "Exec process"                      [_thread_in_native, id=36468, stack(0x00000027c6d00000,0x00000027c6e00000) (1024K)]
  0x000001a16853bfa0 JavaThread "Exec process Thread 2"             [_thread_blocked, id=33928, stack(0x00000027c7100000,0x00000027c7200000) (1024K)]
  0x000001a16853ed90 JavaThread "Exec process"                      [_thread_in_native, id=25288, stack(0x00000027c7300000,0x00000027c7400000) (1024K)]
  0x000001a16853c630 JavaThread "Exec process"                      [_thread_in_native, id=18876, stack(0x00000027c7400000,0x00000027c7500000) (1024K)]
  0x000001a16853d9e0 JavaThread "Exec process Thread 2"             [_thread_blocked, id=20036, stack(0x00000027c7500000,0x00000027c7600000) (1024K)]
  0x000001a16853abf0 JavaThread "Exec process Thread 2"             [_thread_blocked, id=5540, stack(0x00000027c7700000,0x00000027c7800000) (1024K)]
  0x000001a16853b910 JavaThread "Exec process"                      [_thread_in_native, id=46020, stack(0x00000027c7800000,0x00000027c7900000) (1024K)]
  0x000001a16853fab0 JavaThread "Exec process Thread 2"             [_thread_blocked, id=5968, stack(0x00000027c7600000,0x00000027c7700000) (1024K)]
  0x000001a16853e070 JavaThread "Exec process"                      [_thread_in_native, id=44584, stack(0x00000027c7000000,0x00000027c7100000) (1024K)]
  0x000001a168540140 JavaThread "Exec process Thread 2"             [_thread_blocked, id=33264, stack(0x00000027c7a00000,0x00000027c7b00000) (1024K)]
  0x000001a16853f420 JavaThread "Exec process"                      [_thread_in_native, id=28824, stack(0x00000027c7900000,0x00000027c7a00000) (1024K)]
  0x000001a1685407d0 JavaThread "Exec process"                      [_thread_in_native, id=5012, stack(0x00000027c7b00000,0x00000027c7c00000) (1024K)]
  0x000001a1685428a0 JavaThread "Exec process Thread 2"             [_thread_blocked, id=33844, stack(0x00000027c7d00000,0x00000027c7e00000) (1024K)]
  0x000001a1685414f0 JavaThread "Exec process Thread 2"             [_thread_blocked, id=7776, stack(0x00000027c7e00000,0x00000027c7f00000) (1024K)]
  0x000001a168543c50 JavaThread "Exec process"                      [_thread_in_native, id=39220, stack(0x00000027c7f00000,0x00000027c8000000) (1024K)]
  0x000001a16853d350 JavaThread "Exec process"                      [_thread_in_native, id=41784, stack(0x00000027c7c00000,0x00000027c7d00000) (1024K)]
  0x000001a1685442e0 JavaThread "Exec process Thread 2"             [_thread_blocked, id=44920, stack(0x00000027c8100000,0x00000027c8200000) (1024K)]
  0x000001a168542210 JavaThread "Exec process"                      [_thread_in_native, id=45168, stack(0x00000027c8000000,0x00000027c8100000) (1024K)]
  0x000001a168544970 JavaThread "Exec process Thread 2"             [_thread_blocked, id=17936, stack(0x00000027c8300000,0x00000027c8400000) (1024K)]
  0x000001a168542f30 JavaThread "Exec process"                      [_thread_in_native, id=34296, stack(0x00000027c8400000,0x00000027c8500000) (1024K)]
  0x000001a1685435c0 JavaThread "Exec process Thread 2"             [_thread_blocked, id=14492, stack(0x00000027c8500000,0x00000027c8600000) (1024K)]
  0x000001a168546a40 JavaThread "Exec process Thread 2"             [_thread_blocked, id=20064, stack(0x00000027c8700000,0x00000027c8800000) (1024K)]
  0x000001a168541b80 JavaThread "Exec process"                      [_thread_in_native, id=47088, stack(0x00000027c8200000,0x00000027c8300000) (1024K)]
  0x000001a168545000 JavaThread "Exec process Thread 2"             [_thread_blocked, id=40220, stack(0x00000027c8800000,0x00000027c8900000) (1024K)]
  0x000001a1685470d0 JavaThread "Exec process"                      [_thread_in_native, id=41296, stack(0x00000027c8900000,0x00000027c8a00000) (1024K)]
  0x000001a168547760 JavaThread "Exec process Thread 2"             [_thread_blocked, id=46068, stack(0x00000027c8a00000,0x00000027c8b00000) (1024K)]
  0x000001a168540e60 JavaThread "Exec process"                      [_thread_in_native, id=7280, stack(0x00000027c8600000,0x00000027c8700000) (1024K)]
  0x000001a168547df0 JavaThread "Exec process"                      [_thread_in_native, id=40940, stack(0x00000027c8b00000,0x00000027c8c00000) (1024K)]
  0x000001a168545690 JavaThread "Exec process"                      [_thread_in_native, id=46136, stack(0x00000027c8c00000,0x00000027c8d00000) (1024K)]
  0x000001a168548480 JavaThread "Exec process"                      [_thread_in_native, id=39920, stack(0x00000027c8d00000,0x00000027c8e00000) (1024K)]
  0x000001a1685463b0 JavaThread "Exec process Thread 2"             [_thread_blocked, id=26116, stack(0x00000027c8f00000,0x00000027c9000000) (1024K)]
  0x000001a168548b10 JavaThread "Exec process"                      [_thread_in_native, id=33648, stack(0x00000027c8e00000,0x00000027c8f00000) (1024K)]
  0x000001a168549830 JavaThread "Exec process Thread 2"             [_thread_blocked, id=27508, stack(0x00000027c9100000,0x00000027c9200000) (1024K)]
  0x000001a1685491a0 JavaThread "Exec process"                      [_thread_in_native, id=32988, stack(0x00000027c9000000,0x00000027c9100000) (1024K)]
  0x000001a16854ccb0 JavaThread "Exec process Thread 2"             [_thread_blocked, id=7384, stack(0x00000027c9300000,0x00000027c9400000) (1024K)]
  0x000001a168545d20 JavaThread "Exec process"                      [_thread_in_native, id=5188, stack(0x00000027c9200000,0x00000027c9300000) (1024K)]
  0x000001a16854a550 JavaThread "Exec process"                      [_thread_in_native, id=2036, stack(0x00000027c9400000,0x00000027c9500000) (1024K)]
  0x000001a16854c620 JavaThread "Exec process"                      [_thread_in_native, id=39684, stack(0x00000027c9500000,0x00000027c9600000) (1024K)]
  0x000001a16854d340 JavaThread "Exec process"                      [_thread_in_native, id=45244, stack(0x00000027c9600000,0x00000027c9700000) (1024K)]
  0x000001a168549ec0 JavaThread "Exec process Thread 2"             [_thread_blocked, id=27432, stack(0x00000027c9800000,0x00000027c9900000) (1024K)]
  0x000001a16854b270 JavaThread "Exec process"                      [_thread_in_native, id=45552, stack(0x00000027c9900000,0x00000027c9a00000) (1024K)]
  0x000001a16854e060 JavaThread "Exec process Thread 2"             [_thread_blocked, id=44416, stack(0x00000027c9b00000,0x00000027c9c00000) (1024K)]
  0x000001a16854e6f0 JavaThread "Exec process"                      [_thread_in_native, id=30328, stack(0x00000027c9c00000,0x00000027c9d00000) (1024K)]
  0x000001a16854abe0 JavaThread "Exec process"                      [_thread_in_native, id=39192, stack(0x00000027c9700000,0x00000027c9800000) (1024K)]
  0x000001a16854ed80 JavaThread "Exec process"                      [_thread_in_native, id=6912, stack(0x00000027c9a00000,0x00000027c9b00000) (1024K)]
  0x000001a16854b900 JavaThread "Exec process Thread 2"             [_thread_blocked, id=18280, stack(0x00000027c9e00000,0x00000027c9f00000) (1024K)]
  0x000001a16854faa0 JavaThread "Exec process Thread 2"             [_thread_blocked, id=42132, stack(0x00000027ca000000,0x00000027ca100000) (1024K)]
  0x000001a16854bf90 JavaThread "Exec process"                      [_thread_in_native, id=19996, stack(0x00000027c9f00000,0x00000027ca000000) (1024K)]
  0x000001a1685507c0 JavaThread "Exec process"                      [_thread_in_native, id=34140, stack(0x00000027ca200000,0x00000027ca300000) (1024K)]
  0x000001a168552200 JavaThread "Exec process Thread 2"             [_thread_blocked, id=31632, stack(0x00000027ca400000,0x00000027ca500000) (1024K)]
  0x000001a1685542d0 JavaThread "Exec process Thread 2"             [_thread_blocked, id=29868, stack(0x00000027ca600000,0x00000027ca700000) (1024K)]
  0x000001a16854d9d0 JavaThread "Exec process"                      [_thread_in_native, id=45084, stack(0x00000027ca300000,0x00000027ca400000) (1024K)]
  0x000001a168553c40 JavaThread "Exec process Thread 2"             [_thread_blocked, id=33968, stack(0x00000027ca900000,0x00000027caa00000) (1024K)]
  0x000001a168551b70 JavaThread "Exec process"                      [_thread_in_native, id=21524, stack(0x00000027caa00000,0x00000027cab00000) (1024K)]
  0x000001a168554960 JavaThread "Exec process"                      [_thread_in_native, id=756, stack(0x00000027ca800000,0x00000027ca900000) (1024K)]
  0x000001a1685514e0 JavaThread "Exec process Thread 2"             [_thread_blocked, id=31580, stack(0x00000027cac00000,0x00000027cad00000) (1024K)]
  0x000001a168554ff0 JavaThread "Exec process"                      [_thread_in_native, id=2040, stack(0x00000027cad00000,0x00000027cae00000) (1024K)]
  0x000001a168555d10 JavaThread "Exec process Thread 2"             [_thread_blocked, id=2496, stack(0x00000027caf00000,0x00000027cb000000) (1024K)]
  0x000001a168cb5060 Thread "Unknown thread"                        [id=33832, stack(0x00000027cb000000,0x00000027cb100000) (1024K)]
  0x000001a168cb6aa0 JavaThread "Exec process"                      [_thread_in_native, id=37728, stack(0x00000027cb600000,0x00000027cb700000) (1024K)]
  0x000001a168cb4340 JavaThread "Exec process"                      [_thread_in_native, id=25732, stack(0x00000027cb800000,0x00000027cb900000) (1024K)]
  0x000001a168cb9200 JavaThread "Exec process"                      [_thread_in_native, id=38344, stack(0x00000027cbb00000,0x00000027cbc00000) (1024K)]
  0x000001a168cb8b70 JavaThread "Exec process"                      [_thread_in_native, id=42100, stack(0x00000027cbd00000,0x00000027cbe00000) (1024K)]
  0x000001a168cb7130 JavaThread "Exec process Thread 2"             [_thread_blocked, id=46776, stack(0x00000027cbf00000,0x00000027cc000000) (1024K)]
  0x000001a168cb77c0 JavaThread "Exec process"                      [_thread_in_native, id=7940, stack(0x00000027cbe00000,0x00000027cbf00000) (1024K)]
  0x000001a168cbb2d0 JavaThread "Exec process"                      [_thread_in_native, id=45716, stack(0x00000027cc200000,0x00000027cc300000) (1024K)]
  0x000001a168cbac40 JavaThread "Exec process Thread 2"             [_thread_blocked, id=4380, stack(0x00000027cc400000,0x00000027cc500000) (1024K)]
  0x000001a168cbb960 JavaThread "Exec process"                      [_thread_in_native, id=26776, stack(0x00000027cc500000,0x00000027cc600000) (1024K)]
  0x000001a168cba5b0 JavaThread "Exec process"                      [_thread_in_native, id=46600, stack(0x00000027cc600000,0x00000027cc700000) (1024K)]
  0x000001a168cbc680 JavaThread "Exec process"                      [_thread_in_native, id=25136, stack(0x00000027cc700000,0x00000027cc800000) (1024K)]
  0x000001a168cbcd10 JavaThread "Exec process"                      [_thread_in_native, id=42780, stack(0x00000027cc300000,0x00000027cc400000) (1024K)]
  0x000001a168cb9890 JavaThread "Exec process"                      [_thread_in_native, id=41536, stack(0x00000027cc800000,0x00000027cc900000) (1024K)]
  0x000001a168cc0820 JavaThread "Exec process"                      [_thread_in_native, id=28936, stack(0x00000027cc900000,0x00000027cca00000) (1024K)]
  0x000001a168cbfb00 JavaThread "Exec process"                      [_thread_in_native, id=42320, stack(0x00000027cca00000,0x00000027ccb00000) (1024K)]
  0x000001a168cbe0c0 JavaThread "Exec process Thread 2"             [_thread_blocked, id=28096, stack(0x00000027ccc00000,0x00000027ccd00000) (1024K)]
  0x000001a168cbd3a0 JavaThread "Exec process"                      [_thread_in_native, id=44072, stack(0x00000027ccd00000,0x00000027cce00000) (1024K)]
  0x000001a168cc0eb0 JavaThread "Exec process"                      [_thread_in_native, id=24564, stack(0x00000027cce00000,0x00000027ccf00000) (1024K)]
  0x000001a168cbda30 JavaThread "Exec process"                      [_thread_in_native, id=37688, stack(0x00000027cd000000,0x00000027cd100000) (1024K)]
  0x000001a168cc1540 JavaThread "Exec process"                      [_thread_in_native, id=36260, stack(0x00000027cd200000,0x00000027cd300000) (1024K)]
  0x000001a168cbe750 JavaThread "Exec process"                      [_thread_in_native, id=37612, stack(0x00000027ccb00000,0x00000027ccc00000) (1024K)]
  0x000001a168cc1bd0 JavaThread "Exec process"                      [_thread_in_native, id=34892, stack(0x00000027cd400000,0x00000027cd500000) (1024K)]
  0x000001a168cbf470 JavaThread "Exec process"                      [_thread_in_native, id=36048, stack(0x00000027cd500000,0x00000027cd600000) (1024K)]
  0x000001a168cc2260 JavaThread "Exec process"                      [_thread_in_native, id=22704, stack(0x00000027cd600000,0x00000027cd700000) (1024K)]
  0x000001a168cc3ca0 JavaThread "Exec process Thread 2"             [_thread_blocked, id=29956, stack(0x00000027cd900000,0x00000027cda00000) (1024K)]
  0x000001a168cbede0 JavaThread "Exec process"                      [_thread_in_native, id=8200, stack(0x00000027cd700000,0x00000027cd800000) (1024K)]
  0x000001a168cc4330 JavaThread "Exec process Thread 2"             [_thread_blocked, id=29712, stack(0x00000027cdb00000,0x00000027cdc00000) (1024K)]
  0x000001a168cc56e0 JavaThread "Exec process"                      [_thread_in_native, id=42428, stack(0x00000027cda00000,0x00000027cdb00000) (1024K)]
  0x000001a168cc28f0 JavaThread "Exec process Thread 2"             [_thread_blocked, id=38216, stack(0x00000027cde00000,0x00000027cdf00000) (1024K)]
  0x000001a168cc3610 JavaThread "Exec process Thread 2"             [_thread_blocked, id=44644, stack(0x00000027cdf00000,0x00000027ce000000) (1024K)]
  0x000001a168cc5d70 JavaThread "Exec process Thread 2"             [_thread_blocked, id=26816, stack(0x00000027ce200000,0x00000027ce300000) (1024K)]
  0x000001a168cc6400 JavaThread "Exec process Thread 2"             [_thread_blocked, id=37084, stack(0x00000027ce100000,0x00000027ce200000) (1024K)]
  0x000001a168cc49c0 JavaThread "Exec process Thread 2"             [_thread_blocked, id=45256, stack(0x00000027ce300000,0x00000027ce400000) (1024K)]
  0x000001a168cc5050 JavaThread "Exec process Thread 2"             [_thread_blocked, id=46060, stack(0x00000027ce500000,0x00000027ce600000) (1024K)]
  0x000001a168cc6a90 JavaThread "Exec process Thread 2"             [_thread_blocked, id=10880, stack(0x00000027ce400000,0x00000027ce500000) (1024K)]
  0x000001a168cc84d0 JavaThread "Exec process Thread 2"             [_thread_blocked, id=32568, stack(0x00000027ce600000,0x00000027ce700000) (1024K)]
  0x000001a168cc7120 JavaThread "Exec process Thread 2"             [_thread_blocked, id=11184, stack(0x00000027ce700000,0x00000027ce800000) (1024K)]
  0x000001a168cc91f0 JavaThread "Exec process Thread 2"             [_thread_blocked, id=40284, stack(0x00000027ce800000,0x00000027ce900000) (1024K)]
  0x000001a168cc8b60 JavaThread "Exec process Thread 2"             [_thread_blocked, id=46196, stack(0x00000027cea00000,0x00000027ceb00000) (1024K)]
  0x000001a168cc7e40 JavaThread "Exec process Thread 2"             [_thread_blocked, id=41000, stack(0x00000027ceb00000,0x00000027cec00000) (1024K)]
  0x000001a168cc9f10 JavaThread "Exec process Thread 2"             [_thread_blocked, id=44840, stack(0x00000027cec00000,0x00000027ced00000) (1024K)]
  0x000001a168cc77b0 JavaThread "Exec process Thread 2"             [_thread_blocked, id=35660, stack(0x00000027ced00000,0x00000027cee00000) (1024K)]
  0x000001a168cc9880 JavaThread "Exec process Thread 2"             [_thread_blocked, id=44960, stack(0x00000027cee00000,0x00000027cef00000) (1024K)]
  0x000001a168ccb2c0 JavaThread "Exec process Thread 2"             [_thread_blocked, id=29968, stack(0x00000027cef00000,0x00000027cf000000) (1024K)]
  0x000001a168ccb950 JavaThread "Exec process Thread 2"             [_thread_blocked, id=44848, stack(0x00000027cf000000,0x00000027cf100000) (1024K)]
  0x000001a168ccbfe0 JavaThread "Exec process Thread 2"             [_thread_blocked, id=40064, stack(0x00000027cf100000,0x00000027cf200000) (1024K)]
  0x000001a168cce740 JavaThread "Exec process Thread 2"             [_thread_blocked, id=46916, stack(0x00000027cf200000,0x00000027cf300000) (1024K)]
  0x000001a168ccda20 JavaThread "Exec process Thread 2"             [_thread_blocked, id=42264, stack(0x00000027cf300000,0x00000027cf400000) (1024K)]
  0x000001a168ccf460 JavaThread "Exec process Thread 2"             [_thread_blocked, id=5632, stack(0x00000027cf500000,0x00000027cf600000) (1024K)]
  0x000001a168ccc670 JavaThread "Exec process Thread 2"             [_thread_blocked, id=41988, stack(0x00000027cf700000,0x00000027cf800000) (1024K)]
  0x000001a168cd0810 JavaThread "Exec process Thread 2"             [_thread_blocked, id=39500, stack(0x00000027cfa00000,0x00000027cfb00000) (1024K)]
  0x000001a168cd0ea0 JavaThread "Exec process Thread 2"             [_thread_blocked, id=41156, stack(0x00000027cfc00000,0x00000027cfd00000) (1024K)]
  0x000001a16865eea0 Thread "Unknown thread"                        [id=38636, stack(0x00000027cfd00000,0x00000027cfe00000) (1024K)]
  0x000001a16865fbc0 JavaThread "Exec process Thread 2"             [_thread_blocked, id=46652, stack(0x00000027d0200000,0x00000027d0300000) (1024K)]
  0x000001a16865cdd0 JavaThread "Exec process Thread 2"             [_thread_blocked, id=26404, stack(0x00000027d0100000,0x00000027d0200000) (1024K)]
  0x000001a16865e810 JavaThread "Exec process Thread 2"             [_thread_blocked, id=44156, stack(0x00000027d0400000,0x00000027d0500000) (1024K)]
  0x000001a168641620 JavaThread "Exec process Thread 2"             [_thread_blocked, id=31308, stack(0x00000027cbc00000,0x00000027cbd00000) (1024K)]
  0x000001a168643060 JavaThread "Exec process Thread 2"             [_thread_blocked, id=42088, stack(0x00000027cf900000,0x00000027cfa00000) (1024K)]
  0x000001a1686429d0 JavaThread "Exec process Thread 2"             [_thread_blocked, id=15456, stack(0x00000027b7000000,0x00000027b7100000) (1024K)]
  0x000001a168641cb0 JavaThread "Exec process Thread 2"             [_thread_blocked, id=7872, stack(0x00000027b7700000,0x00000027b7800000) (1024K)]
  0x000001a172252110 JavaThread "Exec process Thread 2"             [_thread_blocked, id=28648, stack(0x00000027b8300000,0x00000027b8400000) (1024K)]
  0x000001a1722513f0 JavaThread "Exec process Thread 2"             [_thread_blocked, id=6004, stack(0x00000027b6b00000,0x00000027b6c00000) (1024K)]
  0x000001a172254870 JavaThread "Exec process Thread 2"             [_thread_blocked, id=38464, stack(0x00000027b8600000,0x00000027b8700000) (1024K)]
  0x000001a172251a80 JavaThread "Exec process Thread 2"             [_thread_blocked, id=36148, stack(0x00000027b8700000,0x00000027b8800000) (1024K)]
  0x000001a172254f00 JavaThread "Exec process Thread 2"             [_thread_blocked, id=33904, stack(0x00000027bb300000,0x00000027bb400000) (1024K)]
  0x000001a172253b50 JavaThread "Exec process Thread 2"             [_thread_blocked, id=31964, stack(0x00000027bb800000,0x00000027bb900000) (1024K)]
  0x000001a1678200d0 JavaThread "C2 CompilerThread2"         daemon [_thread_in_native, id=31512, stack(0x00000027b9000000,0x00000027b9100000) (1024K)]
  0x000001a16781e590 Thread "Unknown thread"                        [id=43592, stack(0x00000027b9000000,0x00000027b9100000) (1024K)]
  0x000001a172251a80 JavaThread "Exec process Thread 2"             [_thread_blocked, id=36148, stack(0x00000027b8700000,0x00000027b8800000) (1024K)]
  0x000001a172254f00 JavaThread "Exec process Thread 2"             [_thread_blocked, id=33904, stack(0x00000027bb300000,0x00000027bb400000) (1024K)]
  0x000001a172253b50 JavaThread "Exec process Thread 2"             [_thread_blocked, id=31964, stack(0x00000027bb800000,0x00000027bb900000) (1024K)]
  0x000001a1678200d0 JavaThread "C2 CompilerThread2"         daemon [_thread_in_native, id=31512, stack(0x00000027b9000000,0x00000027b9100000) (1024K)]
Total: 406

Other Threads:
  0x000001a1462c7a40 VMThread "VM Thread"                           [id=6984, stack(0x00000027b3c00000,0x00000027b3d00000) (1024K)]
  0x000001a15cbaca10 WatcherThread "VM Periodic Task Thread"        [id=18908, stack(0x00000027b3b00000,0x00000027b3c00000) (1024K)]
  0x000001a146247440 WorkerThread "GC Thread#0"                     [id=23040, stack(0x00000027b3a00000,0x00000027b3b00000) (1024K)]
  0x000001a1635d83a0 WorkerThread "GC Thread#1"                     [id=7288, stack(0x00000027b4800000,0x00000027b4900000) (1024K)]
  0x000001a1635cbda0 WorkerThread "GC Thread#2"                     [id=26856, stack(0x00000027b4900000,0x00000027b4a00000) (1024K)]
  0x000001a1635cc150 WorkerThread "GC Thread#3"                     [id=23956, stack(0x00000027b4a00000,0x00000027b4b00000) (1024K)]
  0x000001a1635cc500 WorkerThread "GC Thread#4"                     [id=32052, stack(0x00000027b4b00000,0x00000027b4c00000) (1024K)]
  0x000001a1635cc8b0 WorkerThread "GC Thread#5"                     [id=31748, stack(0x00000027b4c00000,0x00000027b4d00000) (1024K)]
  0x000001a1635ccc60 WorkerThread "GC Thread#6"                     [id=10540, stack(0x00000027b4d00000,0x00000027b4e00000) (1024K)]
  0x000001a163640660 WorkerThread "GC Thread#7"                     [id=30028, stack(0x00000027b4700000,0x00000027b4800000) (1024K)]
  0x000001a163bd63d0 WorkerThread "GC Thread#8"                     [id=1200, stack(0x00000027b5400000,0x00000027b5500000) (1024K)]
  0x000001a163bd6780 WorkerThread "GC Thread#9"                     [id=1284, stack(0x00000027b5500000,0x00000027b5600000) (1024K)]
Total: 12

Threads with active compile tasks:
C2 CompilerThread0  10872108 16047       4       java.lang.reflect.Field::set (43 bytes)
C2 CompilerThread2  10872112 16387       4       java.lang.reflect.Field::get (39 bytes)
Total: 2

VM state: not at safepoint (normal execution)

VM Mutex/Monitor currently owned by a thread: None

Heap address: 0x0000000080000000, size: 2048 MB, Compressed Oops mode: 32-bit

CDS archive(s) mapped at: [0x000001a100000000-0x000001a100ba0000-0x000001a100ba0000), size 12189696, SharedBaseAddress: 0x000001a100000000, ArchiveRelocationMode: 1.
Compressed class space mapped at: 0x000001a101000000-0x000001a141000000, reserved size: 1073741824
Narrow klass base: 0x000001a100000000, Narrow klass shift: 0, Narrow klass range: 0x100000000

GC Precious Log:
 CardTable entry size: 512
 CPUs: 12 total, 12 available
 Memory: 16027M
 Large Page Support: Disabled
 NUMA Support: Disabled
 Compressed Oops: Enabled (32-bit)
 Alignments: Space 512K, Generation 512K, Heap 2M
 Heap Min Capacity: 100M
 Heap Initial Capacity: 100M
 Heap Max Capacity: 2G
 Pre-touch: Disabled
 Parallel Workers: 10

Heap:
 PSYoungGen      total 4096K, used 2270K [0x00000000d5580000, 0x00000000d5b80000, 0x0000000100000000)
  eden space 3072K, 49% used [0x00000000d5580000,0x00000000d56ffa48,0x00000000d5880000)
  from space 1024K, 71% used [0x00000000d5880000,0x00000000d5938000,0x00000000d5980000)
  to   space 1024K, 0% used [0x00000000d5a80000,0x00000000d5a80000,0x00000000d5b80000)
 ParOldGen       total 1240576K, used 351203K [0x0000000080000000, 0x00000000cbb80000, 0x00000000d5580000)
  object space 1240576K, 28% used [0x0000000080000000,0x00000000956f8f98,0x00000000cbb80000)
 Metaspace       used 84202K, committed 89920K, reserved 1179648K
  class space    used 11133K, committed 13888K, reserved 1048576K

Card table byte_map: [0x000001a145bc0000,0x000001a145fd0000] _byte_map_base: 0x000001a1457c0000

Marking Bits: (ParMarkBitMap*) 0x00007ffb63aa44a0
 Begin Bits: [0x000001a1586d0000, 0x000001a15a6d0000)
 End Bits:   [0x000001a15a6d0000, 0x000001a15c6d0000)

Polling page: 0x000001a1443f0000

Metaspace:

Usage:
  Non-class:     71.36 MB used.
      Class:     10.87 MB used.
       Both:     82.23 MB used.

Virtual space:
  Non-class space:      128.00 MB reserved,      74.25 MB ( 58%) committed,  2 nodes.
      Class space:        1.00 GB reserved,      13.56 MB (  1%) committed,  1 nodes.
             Both:        1.12 GB reserved,      87.81 MB (  8%) committed. 

Chunk freelists:
   Non-Class:  5.33 MB
       Class:  2.41 MB
        Both:  7.74 MB

MaxMetaspaceSize: unlimited
CompressedClassSpaceSize: 1.00 GB
Initial GC threshold: 21.00 MB
Current GC threshold: 97.31 MB
CDS: on
 - commit_granule_bytes: 65536.
 - commit_granule_words: 8192.
 - virtual_space_node_default_size: 8388608.
 - enlarge_chunks_in_place: 1.
 - use_allocation_guard: 0.


Internal statistics:

num_allocs_failed_limit: 9.
num_arena_births: 9502.
num_arena_deaths: 424.
num_vsnodes_births: 3.
num_vsnodes_deaths: 0.
num_space_committed: 1405.
num_space_uncommitted: 0.
num_chunks_returned_to_freelist: 579.
num_chunks_taken_from_freelist: 16393.
num_chunk_merges: 262.
num_chunk_splits: 9227.
num_chunks_enlarged: 2899.
num_inconsistent_stats: 0.

CodeHeap 'non-profiled nmethods': size=120000Kb used=14534Kb max_used=14534Kb free=105465Kb
 bounds [0x000001a150ef0000, 0x000001a151d30000, 0x000001a158420000]
CodeHeap 'profiled nmethods': size=120000Kb used=34376Kb max_used=34376Kb free=85624Kb
 bounds [0x000001a149420000, 0x000001a14b5c0000, 0x000001a150950000]
CodeHeap 'non-nmethods': size=5760Kb used=1417Kb max_used=1463Kb free=4342Kb
 bounds [0x000001a150950000, 0x000001a150bc0000, 0x000001a150ef0000]
CodeCache: size=245760Kb, used=50327Kb, max_used=50373Kb, free=195431Kb
 total_blobs=16389, nmethods=15661, adapters=634, full_count=0
Compilation: enabled, stopped_count=0, restarted_count=0

Compilation events (20 events):
Event: 10865.003 Thread 0x000001a15e034230 nmethod 16077 0x000001a14b4c7e90 code [0x000001a14b4c80e0, 0x000001a14b4c87e0]
Event: 10865.004 Thread 0x000001a15e034230 16079   !   3       org.gradle.process.internal.streams.ExecOutputHandleRunner::forwardContent (136 bytes)
Event: 10865.024 Thread 0x000001a15e034230 nmethod 16079 0x000001a14b4c8a90 code [0x000001a14b4c8ec0, 0x000001a14b4cae08]
Event: 10865.024 Thread 0x000001a15e034230 16078   !   3       org.gradle.process.internal.streams.ExecOutputHandleRunner::run (25 bytes)
Event: 10865.024 Thread 0x000001a15e034230 nmethod 16078 0x000001a14b4cba10 code [0x000001a14b4cbc20, 0x000001a14b4cc0d8]
Event: 10865.186 Thread 0x000001a15e034230 16083       1       org.eclipse.jdt.internal.compiler.ast.QualifiedTypeReference::getTypeName (5 bytes)
Event: 10865.186 Thread 0x000001a15e034230 nmethod 16083 0x000001a151c99a90 code [0x000001a151c99c20, 0x000001a151c99ce8]
Event: 10865.186 Thread 0x000001a15e034230 16085       3       lombok.eclipse.handlers.EclipseHandlerUtil::typeMatches (10 bytes)
Event: 10865.186 Thread 0x000001a15e034230 nmethod 16085 0x000001a14b4cc310 code [0x000001a14b4cc4e0, 0x000001a14b4cc700]
Event: 10865.186 Thread 0x000001a15e034230 16084   !   3       lombok.eclipse.handlers.EclipseHandlerUtil::$SWITCH_TABLE$lombok$core$AST$Kind (157 bytes)
Event: 10865.187 Thread 0x000001a15e034230 nmethod 16084 0x000001a14b4cc810 code [0x000001a14b4cca20, 0x000001a14b4cd0c8]
Event: 10865.187 Thread 0x000001a15e034230 16086   !   3       lombok.core.FieldAugment$ReflectionFieldAugment::get (61 bytes)
Event: 10865.188 Thread 0x000001a15e034230 nmethod 16086 0x000001a14b4cd390 code [0x000001a14b4cd660, 0x000001a14b4ce270]
Event: 10865.188 Thread 0x000001a15e034230 16087       3       org.eclipse.jdt.internal.compiler.ast.QualifiedTypeReference::<init> (50 bytes)
Event: 10865.188 Thread 0x000001a15e034230 nmethod 16087 0x000001a14b4ce890 code [0x000001a14b4cea60, 0x000001a14b4cee08]
Event: 10865.313 Thread 0x000001a15e034230 16088       3       java.util.concurrent.locks.ReentrantReadWriteLock$WriteLock::lock (9 bytes)
Event: 10865.313 Thread 0x000001a15e034230 nmethod 16088 0x000001a14b4cf010 code [0x000001a14b4cf1c0, 0x000001a14b4cf308]
Event: 10865.313 Thread 0x000001a15e034230 16089       3       java.util.concurrent.locks.ReentrantReadWriteLock$WriteLock::unlock (10 bytes)
Event: 10865.314 Thread 0x000001a15e034230 nmethod 16089 0x000001a14b4cf410 code [0x000001a14b4cf5e0, 0x000001a14b4cf8b8]
Event: 10865.314 Thread 0x000001a15e034230 16090       3       java.util.concurrent.locks.ReentrantReadWriteLock$Sync::tryRelease (51 bytes)

GC Heap History (20 events):
Event: 10856.418 GC heap before
{Heap before GC invocations=2465 (full 3):
 PSYoungGen      total 3072K, used 2807K [0x00000000d5580000, 0x00000000d5a00000, 0x0000000100000000)
  eden space 2560K, 98% used [0x00000000d5580000,0x00000000d57f5f30,0x00000000d5800000)
  from space 512K, 56% used [0x00000000d5900000,0x00000000d5948000,0x00000000d5980000)
  to   space 512K, 0% used [0x00000000d5980000,0x00000000d5980000,0x00000000d5a00000)
 ParOldGen       total 1240576K, used 341669K [0x0000000080000000, 0x00000000cbb80000, 0x00000000d5580000)
  object space 1240576K, 27% used [0x0000000080000000,0x0000000094da96f8,0x00000000cbb80000)
 Metaspace       used 82410K, committed 88000K, reserved 1179648K
  class space    used 10935K, committed 13632K, reserved 1048576K
}
Event: 10856.422 GC heap after
{Heap after GC invocations=2465 (full 3):
 PSYoungGen      total 3072K, used 288K [0x00000000d5580000, 0x00000000d5a00000, 0x0000000100000000)
  eden space 2560K, 0% used [0x00000000d5580000,0x00000000d5580000,0x00000000d5800000)
  from space 512K, 56% used [0x00000000d5980000,0x00000000d59c8000,0x00000000d5a00000)
  to   space 512K, 0% used [0x00000000d5900000,0x00000000d5900000,0x00000000d5980000)
 ParOldGen       total 1240576K, used 341793K [0x0000000080000000, 0x00000000cbb80000, 0x00000000d5580000)
  object space 1240576K, 27% used [0x0000000080000000,0x0000000094dc8728,0x00000000cbb80000)
 Metaspace       used 82410K, committed 88000K, reserved 1179648K
  class space    used 10935K, committed 13632K, reserved 1048576K
}
Event: 10856.933 GC heap before
{Heap before GC invocations=2466 (full 3):
 PSYoungGen      total 3072K, used 2833K [0x00000000d5580000, 0x00000000d5a00000, 0x0000000100000000)
  eden space 2560K, 99% used [0x00000000d5580000,0x00000000d57fc508,0x00000000d5800000)
  from space 512K, 56% used [0x00000000d5980000,0x00000000d59c8000,0x00000000d5a00000)
  to   space 512K, 0% used [0x00000000d5900000,0x00000000d5900000,0x00000000d5980000)
 ParOldGen       total 1240576K, used 341793K [0x0000000080000000, 0x00000000cbb80000, 0x00000000d5580000)
  object space 1240576K, 27% used [0x0000000080000000,0x0000000094dc8728,0x00000000cbb80000)
 Metaspace       used 82530K, committed 88064K, reserved 1179648K
  class space    used 10945K, committed 13632K, reserved 1048576K
}
Event: 10856.935 GC heap after
{Heap after GC invocations=2466 (full 3):
 PSYoungGen      total 3072K, used 320K [0x00000000d5580000, 0x00000000d5a00000, 0x0000000100000000)
  eden space 2560K, 0% used [0x00000000d5580000,0x00000000d5580000,0x00000000d5800000)
  from space 512K, 62% used [0x00000000d5900000,0x00000000d5950000,0x00000000d5980000)
  to   space 512K, 0% used [0x00000000d5980000,0x00000000d5980000,0x00000000d5a00000)
 ParOldGen       total 1240576K, used 341921K [0x0000000080000000, 0x00000000cbb80000, 0x00000000d5580000)
  object space 1240576K, 27% used [0x0000000080000000,0x0000000094de8768,0x00000000cbb80000)
 Metaspace       used 82530K, committed 88064K, reserved 1179648K
  class space    used 10945K, committed 13632K, reserved 1048576K
}
Event: 10857.790 GC heap before
{Heap before GC invocations=2467 (full 3):
 PSYoungGen      total 3072K, used 2817K [0x00000000d5580000, 0x00000000d5a00000, 0x0000000100000000)
  eden space 2560K, 97% used [0x00000000d5580000,0x00000000d57f0788,0x00000000d5800000)
  from space 512K, 62% used [0x00000000d5900000,0x00000000d5950000,0x00000000d5980000)
  to   space 512K, 0% used [0x00000000d5980000,0x00000000d5980000,0x00000000d5a00000)
 ParOldGen       total 1240576K, used 341921K [0x0000000080000000, 0x00000000cbb80000, 0x00000000d5580000)
  object space 1240576K, 27% used [0x0000000080000000,0x0000000094de8768,0x00000000cbb80000)
 Metaspace       used 82667K, committed 88192K, reserved 1179648K
  class space    used 10959K, committed 13632K, reserved 1048576K
}
Event: 10857.792 GC heap after
{Heap after GC invocations=2467 (full 3):
 PSYoungGen      total 3072K, used 352K [0x00000000d5580000, 0x00000000d5a00000, 0x0000000100000000)
  eden space 2560K, 0% used [0x00000000d5580000,0x00000000d5580000,0x00000000d5800000)
  from space 512K, 68% used [0x00000000d5980000,0x00000000d59d8000,0x00000000d5a00000)
  to   space 512K, 0% used [0x00000000d5900000,0x00000000d5900000,0x00000000d5980000)
 ParOldGen       total 1240576K, used 342057K [0x0000000080000000, 0x00000000cbb80000, 0x00000000d5580000)
  object space 1240576K, 27% used [0x0000000080000000,0x0000000094e0a7c8,0x00000000cbb80000)
 Metaspace       used 82667K, committed 88192K, reserved 1179648K
  class space    used 10959K, committed 13632K, reserved 1048576K
}
Event: 10858.784 GC heap before
{Heap before GC invocations=2468 (full 3):
 PSYoungGen      total 3072K, used 2864K [0x00000000d5580000, 0x00000000d5a00000, 0x0000000100000000)
  eden space 2560K, 98% used [0x00000000d5580000,0x00000000d57f4220,0x00000000d5800000)
  from space 512K, 68% used [0x00000000d5980000,0x00000000d59d8000,0x00000000d5a00000)
  to   space 512K, 0% used [0x00000000d5900000,0x00000000d5900000,0x00000000d5980000)
 ParOldGen       total 1240576K, used 342057K [0x0000000080000000, 0x00000000cbb80000, 0x00000000d5580000)
  object space 1240576K, 27% used [0x0000000080000000,0x0000000094e0a7c8,0x00000000cbb80000)
 Metaspace       used 82718K, committed 88256K, reserved 1179648K
  class space    used 10968K, committed 13632K, reserved 1048576K
}
Event: 10858.786 GC heap after
{Heap after GC invocations=2468 (full 3):
 PSYoungGen      total 3072K, used 384K [0x00000000d5580000, 0x00000000d5a00000, 0x0000000100000000)
  eden space 2560K, 0% used [0x00000000d5580000,0x00000000d5580000,0x00000000d5800000)
  from space 512K, 75% used [0x00000000d5900000,0x00000000d5960000,0x00000000d5980000)
  to   space 512K, 0% used [0x00000000d5980000,0x00000000d5980000,0x00000000d5a00000)
 ParOldGen       total 1240576K, used 342226K [0x0000000080000000, 0x00000000cbb80000, 0x00000000d5580000)
  object space 1240576K, 27% used [0x0000000080000000,0x0000000094e34828,0x00000000cbb80000)
 Metaspace       used 82718K, committed 88256K, reserved 1179648K
  class space    used 10968K, committed 13632K, reserved 1048576K
}
Event: 10860.263 GC heap before
{Heap before GC invocations=2469 (full 3):
 PSYoungGen      total 3072K, used 2828K [0x00000000d5580000, 0x00000000d5a00000, 0x0000000100000000)
  eden space 2560K, 95% used [0x00000000d5580000,0x00000000d57e3140,0x00000000d5800000)
  from space 512K, 75% used [0x00000000d5900000,0x00000000d5960000,0x00000000d5980000)
  to   space 512K, 0% used [0x00000000d5980000,0x00000000d5980000,0x00000000d5a00000)
 ParOldGen       total 1240576K, used 342226K [0x0000000080000000, 0x00000000cbb80000, 0x00000000d5580000)
  object space 1240576K, 27% used [0x0000000080000000,0x0000000094e34828,0x00000000cbb80000)
 Metaspace       used 82851K, committed 88384K, reserved 1179648K
  class space    used 10973K, committed 13632K, reserved 1048576K
}
Event: 10860.266 GC heap after
{Heap after GC invocations=2469 (full 3):
 PSYoungGen      total 3072K, used 490K [0x00000000d5580000, 0x00000000d5a00000, 0x0000000100000000)
  eden space 2560K, 0% used [0x00000000d5580000,0x00000000d5580000,0x00000000d5800000)
  from space 512K, 95% used [0x00000000d5980000,0x00000000d59fa990,0x00000000d5a00000)
  to   space 1024K, 0% used [0x00000000d5800000,0x00000000d5800000,0x00000000d5900000)
 ParOldGen       total 1240576K, used 342573K [0x0000000080000000, 0x00000000cbb80000, 0x00000000d5580000)
  object space 1240576K, 27% used [0x0000000080000000,0x0000000094e8b750,0x00000000cbb80000)
 Metaspace       used 82851K, committed 88384K, reserved 1179648K
  class space    used 10973K, committed 13632K, reserved 1048576K
}
Event: 10861.426 GC heap before
{Heap before GC invocations=2470 (full 3):
 PSYoungGen      total 3072K, used 2988K [0x00000000d5580000, 0x00000000d5a00000, 0x0000000100000000)
  eden space 2560K, 97% used [0x00000000d5580000,0x00000000d57f0820,0x00000000d5800000)
  from space 512K, 95% used [0x00000000d5980000,0x00000000d59fa990,0x00000000d5a00000)
  to   space 1024K, 0% used [0x00000000d5800000,0x00000000d5800000,0x00000000d5900000)
 ParOldGen       total 1240576K, used 342573K [0x0000000080000000, 0x00000000cbb80000, 0x00000000d5580000)
  object space 1240576K, 27% used [0x0000000080000000,0x0000000094e8b750,0x00000000cbb80000)
 Metaspace       used 83104K, committed 88704K, reserved 1179648K
  class space    used 10984K, committed 13696K, reserved 1048576K
}
Event: 10861.428 GC heap after
{Heap after GC invocations=2470 (full 3):
 PSYoungGen      total 3584K, used 480K [0x00000000d5580000, 0x00000000d5a00000, 0x0000000100000000)
  eden space 2560K, 0% used [0x00000000d5580000,0x00000000d5580000,0x00000000d5800000)
  from space 1024K, 46% used [0x00000000d5800000,0x00000000d5878010,0x00000000d5900000)
  to   space 1024K, 0% used [0x00000000d5900000,0x00000000d5900000,0x00000000d5a00000)
 ParOldGen       total 1240576K, used 342822K [0x0000000080000000, 0x00000000cbb80000, 0x00000000d5580000)
  object space 1240576K, 27% used [0x0000000080000000,0x0000000094ec9830,0x00000000cbb80000)
 Metaspace       used 83104K, committed 88704K, reserved 1179648K
  class space    used 10984K, committed 13696K, reserved 1048576K
}
Event: 10862.060 GC heap before
{Heap before GC invocations=2471 (full 3):
 PSYoungGen      total 3584K, used 3040K [0x00000000d5580000, 0x00000000d5a00000, 0x0000000100000000)
  eden space 2560K, 100% used [0x00000000d5580000,0x00000000d5800000,0x00000000d5800000)
  from space 1024K, 46% used [0x00000000d5800000,0x00000000d5878010,0x00000000d5900000)
  to   space 1024K, 0% used [0x00000000d5900000,0x00000000d5900000,0x00000000d5a00000)
 ParOldGen       total 1240576K, used 342822K [0x0000000080000000, 0x00000000cbb80000, 0x00000000d5580000)
  object space 1240576K, 27% used [0x0000000080000000,0x0000000094ec9830,0x00000000cbb80000)
 Metaspace       used 83190K, committed 88832K, reserved 1179648K
  class space    used 10991K, committed 13696K, reserved 1048576K
}
Event: 10862.093 GC heap after
{Heap after GC invocations=2471 (full 3):
 PSYoungGen      total 3072K, used 384K [0x00000000d5580000, 0x00000000d5980000, 0x0000000100000000)
  eden space 2560K, 0% used [0x00000000d5580000,0x00000000d5580000,0x00000000d5800000)
  from space 512K, 75% used [0x00000000d5900000,0x00000000d5960000,0x00000000d5980000)
  to   space 512K, 0% used [0x00000000d5880000,0x00000000d5880000,0x00000000d5900000)
 ParOldGen       total 1240576K, used 343102K [0x0000000080000000, 0x00000000cbb80000, 0x00000000d5580000)
  object space 1240576K, 27% used [0x0000000080000000,0x0000000094f0f8f0,0x00000000cbb80000)
 Metaspace       used 83190K, committed 88832K, reserved 1179648K
  class space    used 10991K, committed 13696K, reserved 1048576K
}
Event: 10863.119 GC heap before
{Heap before GC invocations=2472 (full 3):
 PSYoungGen      total 3072K, used 2943K [0x00000000d5580000, 0x00000000d5980000, 0x0000000100000000)
  eden space 2560K, 99% used [0x00000000d5580000,0x00000000d57fffd8,0x00000000d5800000)
  from space 512K, 75% used [0x00000000d5900000,0x00000000d5960000,0x00000000d5980000)
  to   space 512K, 0% used [0x00000000d5880000,0x00000000d5880000,0x00000000d5900000)
 ParOldGen       total 1240576K, used 343102K [0x0000000080000000, 0x00000000cbb80000, 0x00000000d5580000)
  object space 1240576K, 27% used [0x0000000080000000,0x0000000094f0f8f0,0x00000000cbb80000)
 Metaspace       used 83299K, committed 88896K, reserved 1179648K
  class space    used 11011K, committed 13696K, reserved 1048576K
}
Event: 10863.122 GC heap after
{Heap after GC invocations=2472 (full 3):
 PSYoungGen      total 3072K, used 384K [0x00000000d5580000, 0x00000000d5980000, 0x0000000100000000)
  eden space 2560K, 0% used [0x00000000d5580000,0x00000000d5580000,0x00000000d5800000)
  from space 512K, 75% used [0x00000000d5880000,0x00000000d58e0000,0x00000000d5900000)
  to   space 512K, 0% used [0x00000000d5900000,0x00000000d5900000,0x00000000d5980000)
 ParOldGen       total 1240576K, used 343326K [0x0000000080000000, 0x00000000cbb80000, 0x00000000d5580000)
  object space 1240576K, 27% used [0x0000000080000000,0x0000000094f47970,0x00000000cbb80000)
 Metaspace       used 83299K, committed 88896K, reserved 1179648K
  class space    used 11011K, committed 13696K, reserved 1048576K
}
Event: 10863.913 GC heap before
{Heap before GC invocations=2473 (full 3):
 PSYoungGen      total 3072K, used 2943K [0x00000000d5580000, 0x00000000d5980000, 0x0000000100000000)
  eden space 2560K, 99% used [0x00000000d5580000,0x00000000d57ffff0,0x00000000d5800000)
  from space 512K, 75% used [0x00000000d5880000,0x00000000d58e0000,0x00000000d5900000)
  to   space 512K, 0% used [0x00000000d5900000,0x00000000d5900000,0x00000000d5980000)
 ParOldGen       total 1240576K, used 343326K [0x0000000080000000, 0x00000000cbb80000, 0x00000000d5580000)
  object space 1240576K, 27% used [0x0000000080000000,0x0000000094f47970,0x00000000cbb80000)
 Metaspace       used 83401K, committed 88960K, reserved 1179648K
  class space    used 11016K, committed 13696K, reserved 1048576K
}
Event: 10863.915 GC heap after
{Heap after GC invocations=2473 (full 3):
 PSYoungGen      total 3072K, used 497K [0x00000000d5580000, 0x00000000d5a00000, 0x0000000100000000)
  eden space 2560K, 0% used [0x00000000d5580000,0x00000000d5580000,0x00000000d5800000)
  from space 512K, 97% used [0x00000000d5900000,0x00000000d597c5f0,0x00000000d5980000)
  to   space 1024K, 0% used [0x00000000d5800000,0x00000000d5800000,0x00000000d5900000)
 ParOldGen       total 1240576K, used 343454K [0x0000000080000000, 0x00000000cbb80000, 0x00000000d5580000)
  object space 1240576K, 27% used [0x0000000080000000,0x0000000094f679a0,0x00000000cbb80000)
 Metaspace       used 83401K, committed 88960K, reserved 1179648K
  class space    used 11016K, committed 13696K, reserved 1048576K
}
Event: 10864.832 GC heap before
{Heap before GC invocations=2474 (full 3):
 PSYoungGen      total 3072K, used 3057K [0x00000000d5580000, 0x00000000d5a00000, 0x0000000100000000)
  eden space 2560K, 100% used [0x00000000d5580000,0x00000000d5800000,0x00000000d5800000)
  from space 512K, 97% used [0x00000000d5900000,0x00000000d597c5f0,0x00000000d5980000)
  to   space 1024K, 0% used [0x00000000d5800000,0x00000000d5800000,0x00000000d5900000)
 ParOldGen       total 1240576K, used 343454K [0x0000000080000000, 0x00000000cbb80000, 0x00000000d5580000)
  object space 1240576K, 27% used [0x0000000080000000,0x0000000094f679a0,0x00000000cbb80000)
 Metaspace       used 83470K, committed 89024K, reserved 1179648K
  class space    used 11027K, committed 13696K, reserved 1048576K
}
Event: 10864.843 GC heap after
{Heap after GC invocations=2474 (full 3):
 PSYoungGen      total 3584K, used 448K [0x00000000d5580000, 0x00000000d5980000, 0x0000000100000000)
  eden space 2560K, 0% used [0x00000000d5580000,0x00000000d5580000,0x00000000d5800000)
  from space 1024K, 43% used [0x00000000d5800000,0x00000000d5870000,0x00000000d5900000)
  to   space 512K, 0% used [0x00000000d5900000,0x00000000d5900000,0x00000000d5980000)
 ParOldGen       total 1240576K, used 343718K [0x0000000080000000, 0x00000000cbb80000, 0x00000000d5580000)
  object space 1240576K, 27% used [0x0000000080000000,0x0000000094fa9a80,0x00000000cbb80000)
 Metaspace       used 83470K, committed 89024K, reserved 1179648K
  class space    used 11027K, committed 13696K, reserved 1048576K
}

Dll operation events (20 events):
Event: 0.309 Attempting to load shared library C:\Users\pjoo6\.vscode\extensions\redhat.java-1.56.0-win32-x64\jre\21.0.12.1-win32-x86_64\bin\zip.dll
Event: 0.309 Loaded shared library C:\Users\pjoo6\.vscode\extensions\redhat.java-1.56.0-win32-x64\jre\21.0.12.1-win32-x86_64\bin\zip.dll
Event: 0.353 Attempting to load shared library C:\Users\pjoo6\.vscode\extensions\redhat.java-1.56.0-win32-x64\jre\21.0.12.1-win32-x86_64\bin\jimage.dll
Event: 0.353 Loaded shared library C:\Users\pjoo6\.vscode\extensions\redhat.java-1.56.0-win32-x64\jre\21.0.12.1-win32-x86_64\bin\jimage.dll
Event: 0.619 Attempting to load shared library c:\Users\pjoo6\.vscode\extensions\redhat.java-1.56.0-win32-x64\jre\21.0.12.1-win32-x86_64\bin\verify.dll
Event: 0.619 Loaded shared library c:\Users\pjoo6\.vscode\extensions\redhat.java-1.56.0-win32-x64\jre\21.0.12.1-win32-x86_64\bin\verify.dll
Event: 3.945 Attempting to load shared library C:\Users\pjoo6\AppData\Roaming\Code\User\globalStorage\redhat.java\1.56.0\config_win\org.eclipse.equinox.launcher\org.eclipse.equinox.launcher.win32.win32.x86_64_1.3.100.v20260804-1928\eclipse_11924.dll
Event: 3.947 Loaded shared library C:\Users\pjoo6\AppData\Roaming\Code\User\globalStorage\redhat.java\1.56.0\config_win\org.eclipse.equinox.launcher\org.eclipse.equinox.launcher.win32.win32.x86_64_1.3.100.v20260804-1928\eclipse_11924.dll
Event: 10.120 Attempting to load shared library C:\Users\pjoo6\AppData\Local\Temp\jna-106702364\jna8996071708746344754.dll
Event: 10.318 Loaded shared library C:\Users\pjoo6\AppData\Local\Temp\jna-106702364\jna8996071708746344754.dll
Event: 71.444 Attempting to load shared library C:\Users\pjoo6\.gradle\native\660c5614fbf4a5f2a75b1949f50a0caf5cd603558e7d8a26e50b933a0cfb79d1\windows-amd64\native-platform.dll
Event: 71.447 Loaded shared library C:\Users\pjoo6\.gradle\native\660c5614fbf4a5f2a75b1949f50a0caf5cd603558e7d8a26e50b933a0cfb79d1\windows-amd64\native-platform.dll
Event: 72.677 Attempting to load shared library C:\Users\pjoo6\.vscode\extensions\redhat.java-1.56.0-win32-x64\jre\21.0.12.1-win32-x86_64\bin\management.dll
Event: 72.687 Loaded shared library C:\Users\pjoo6\.vscode\extensions\redhat.java-1.56.0-win32-x64\jre\21.0.12.1-win32-x86_64\bin\management.dll
Event: 72.727 Attempting to load shared library C:\Users\pjoo6\.vscode\extensions\redhat.java-1.56.0-win32-x64\jre\21.0.12.1-win32-x86_64\bin\management_ext.dll
Event: 72.729 Loaded shared library C:\Users\pjoo6\.vscode\extensions\redhat.java-1.56.0-win32-x64\jre\21.0.12.1-win32-x86_64\bin\management_ext.dll
Event: 73.725 Attempting to load shared library C:\Users\pjoo6\.vscode\extensions\redhat.java-1.56.0-win32-x64\jre\21.0.12.1-win32-x86_64\bin\extnet.dll
Event: 73.729 Loaded shared library C:\Users\pjoo6\.vscode\extensions\redhat.java-1.56.0-win32-x64\jre\21.0.12.1-win32-x86_64\bin\extnet.dll
Event: 184.751 Attempting to load shared library C:\Users\pjoo6\.vscode\extensions\redhat.java-1.56.0-win32-x64\jre\21.0.12.1-win32-x86_64\bin\sunmscapi.dll
Event: 184.952 Loaded shared library C:\Users\pjoo6\.vscode\extensions\redhat.java-1.56.0-win32-x64\jre\21.0.12.1-win32-x86_64\bin\sunmscapi.dll

Deoptimization events (20 events):
Event: 10853.459 Thread 0x000001a168ccac30 DEOPT PACKING pc=0x000001a14b281539 sp=0x00000027d67fc180
Event: 10853.459 Thread 0x000001a168ccac30 DEOPT UNPACKING pc=0x000001a1509a4242 sp=0x00000027d67fb680 mode 0
Event: 10856.416 Thread 0x000001a168ccac30 DEOPT PACKING pc=0x000001a14b281539 sp=0x00000027d67fc840
Event: 10856.416 Thread 0x000001a168ccac30 DEOPT UNPACKING pc=0x000001a1509a4242 sp=0x00000027d67fbd40 mode 0
Event: 10858.453 Thread 0x000001a168552f20 Uncommon trap: trap_request=0xffffff45 fr.pc=0x000001a151086bc4 relative=0x00000000000000a4
Event: 10858.453 Thread 0x000001a168552f20 Uncommon trap: reason=unstable_if action=reinterpret pc=0x000001a151086bc4 method=java.util.regex.Pattern$CharPropertyGreedy.study(Ljava/util/regex/Pattern$TreeInfo;)Z @ 17 c2
Event: 10858.453 Thread 0x000001a168552f20 DEOPT PACKING pc=0x000001a151086bc4 sp=0x00000027d28fced0
Event: 10858.453 Thread 0x000001a168552f20 DEOPT UNPACKING pc=0x000001a1509a3aa2 sp=0x00000027d28fce60 mode 2
Event: 10861.594 Thread 0x000001a168cc0190 Uncommon trap: trap_request=0xffffff45 fr.pc=0x000001a151c1875c relative=0x000000000000081c
Event: 10861.594 Thread 0x000001a168cc0190 Uncommon trap: reason=unstable_if action=reinterpret pc=0x000001a151c1875c method=java.util.regex.Pattern.atom()Ljava/util/regex/Pattern$Node; @ 14 c2
Event: 10861.594 Thread 0x000001a168cc0190 DEOPT PACKING pc=0x000001a151c1875c sp=0x00000027d4ffd210
Event: 10861.594 Thread 0x000001a168cc0190 DEOPT UNPACKING pc=0x000001a1509a3aa2 sp=0x00000027d4ffd1a8 mode 2
Event: 10861.595 Thread 0x000001a168cc0190 Uncommon trap: trap_request=0xffffff45 fr.pc=0x000001a151454da4 relative=0x0000000000000624
Event: 10861.595 Thread 0x000001a168cc0190 Uncommon trap: reason=unstable_if action=reinterpret pc=0x000001a151454da4 method=java.util.regex.Pattern.newSlice([IIZ)Ljava/util/regex/Pattern$Node; @ 19 c2
Event: 10861.595 Thread 0x000001a168cc0190 DEOPT PACKING pc=0x000001a151454da4 sp=0x00000027d4ffd020
Event: 10861.595 Thread 0x000001a168cc0190 DEOPT UNPACKING pc=0x000001a1509a3aa2 sp=0x00000027d4ffcfe0 mode 2
Event: 10862.186 Thread 0x000001a172266fc0 Uncommon trap: trap_request=0xffffff45 fr.pc=0x000001a151c8f880 relative=0x00000000000002a0
Event: 10862.186 Thread 0x000001a172266fc0 Uncommon trap: reason=unstable_if action=reinterpret pc=0x000001a151c8f880 method=lombok.eclipse.handlers.EclipseHandlerUtil.typeMatches(Ljava/lang/String;Llombok/eclipse/EclipseNode;Lorg/eclipse/jdt/internal/compiler/ast/TypeReference;)Z @ 99 c2
Event: 10862.186 Thread 0x000001a172266fc0 DEOPT PACKING pc=0x000001a151c8f880 sp=0x00000027cd8fdbf0
Event: 10862.186 Thread 0x000001a172266fc0 DEOPT UNPACKING pc=0x000001a1509a3aa2 sp=0x00000027cd8fdb68 mode 2

Classes loaded (20 events):
Event: 188.646 Loading class java/io/ObjectStreamClass$5
Event: 188.646 Loading class java/io/ObjectStreamClass$5 done
Event: 188.653 Loading class java/io/ObjectStreamClass$ExceptionInfo
Event: 188.654 Loading class java/io/ObjectStreamClass$ExceptionInfo done
Event: 433.461 Loading class java/net/Proxy
Event: 433.484 Loading class java/net/Proxy done
Event: 436.555 Loading class sun/reflect/generics/tree/IntSignature
Event: 436.558 Loading class sun/reflect/generics/tree/IntSignature done
Event: 436.911 Loading class java/util/stream/ReduceOps$5
Event: 436.911 Loading class java/util/stream/ReduceOps$5 done
Event: 436.912 Loading class java/util/stream/ReduceOps$CountingSink$OfRef
Event: 436.914 Loading class java/util/stream/ReduceOps$CountingSink
Event: 436.914 Loading class java/util/stream/ReduceOps$CountingSink done
Event: 436.914 Loading class java/util/stream/ReduceOps$CountingSink$OfRef done
Event: 439.063 Loading class java/util/stream/ReduceOps$1
Event: 439.069 Loading class java/util/stream/ReduceOps$1 done
Event: 439.069 Loading class java/util/stream/ReduceOps$1ReducingSink
Event: 439.069 Loading class java/util/stream/ReduceOps$1ReducingSink done
Event: 10853.783 Loading class java/util/Vector$1
Event: 10853.783 Loading class java/util/Vector$1 done

Classes unloaded (20 events):
Event: 72.251 Thread 0x000001a1462c7a40 Unloading class 0x000001a1016d7400 'java/lang/invoke/LambdaForm$MH+0x000001a1016d7400'
Event: 72.251 Thread 0x000001a1462c7a40 Unloading class 0x000001a1016d7000 'java/lang/invoke/LambdaForm$MH+0x000001a1016d7000'
Event: 72.251 Thread 0x000001a1462c7a40 Unloading class 0x000001a1016d6c00 'java/lang/invoke/LambdaForm$MH+0x000001a1016d6c00'
Event: 72.251 Thread 0x000001a1462c7a40 Unloading class 0x000001a1016d6800 'java/lang/invoke/LambdaForm$MH+0x000001a1016d6800'
Event: 72.251 Thread 0x000001a1462c7a40 Unloading class 0x000001a1016d6400 'java/lang/invoke/LambdaForm$MH+0x000001a1016d6400'
Event: 72.251 Thread 0x000001a1462c7a40 Unloading class 0x000001a1016d5c00 'java/lang/invoke/LambdaForm$MH+0x000001a1016d5c00'
Event: 72.251 Thread 0x000001a1462c7a40 Unloading class 0x000001a1016d6000 'java/lang/invoke/LambdaForm$MH+0x000001a1016d6000'
Event: 72.251 Thread 0x000001a1462c7a40 Unloading class 0x000001a1016d5400 'java/lang/invoke/LambdaForm$MH+0x000001a1016d5400'
Event: 72.251 Thread 0x000001a1462c7a40 Unloading class 0x000001a1016d5800 'java/lang/invoke/LambdaForm$MH+0x000001a1016d5800'
Event: 72.251 Thread 0x000001a1462c7a40 Unloading class 0x000001a1016d5000 'java/lang/invoke/LambdaForm$DMH+0x000001a1016d5000'
Event: 72.251 Thread 0x000001a1462c7a40 Unloading class 0x000001a1016d4c00 'java/lang/invoke/LambdaForm$DMH+0x000001a1016d4c00'
Event: 72.251 Thread 0x000001a1462c7a40 Unloading class 0x000001a1016d4800 'java/lang/invoke/LambdaForm$DMH+0x000001a1016d4800'
Event: 72.251 Thread 0x000001a1462c7a40 Unloading class 0x000001a1016d4400 'java/lang/invoke/LambdaForm$DMH+0x000001a1016d4400'
Event: 72.251 Thread 0x000001a1462c7a40 Unloading class 0x000001a1016d4000 'java/lang/invoke/LambdaForm$DMH+0x000001a1016d4000'
Event: 72.251 Thread 0x000001a1462c7a40 Unloading class 0x000001a1016d3c00 'java/lang/invoke/LambdaForm$DMH+0x000001a1016d3c00'
Event: 72.251 Thread 0x000001a1462c7a40 Unloading class 0x000001a1016d3800 'java/lang/invoke/LambdaForm$DMH+0x000001a1016d3800'
Event: 72.251 Thread 0x000001a1462c7a40 Unloading class 0x000001a1016d3400 'java/lang/invoke/LambdaForm$DMH+0x000001a1016d3400'
Event: 72.251 Thread 0x000001a1462c7a40 Unloading class 0x000001a1016d2c00 'java/lang/invoke/LambdaForm$DMH+0x000001a1016d2c00'
Event: 72.251 Thread 0x000001a1462c7a40 Unloading class 0x000001a1016d3000 'java/lang/invoke/LambdaForm$DMH+0x000001a1016d3000'
Event: 72.251 Thread 0x000001a1462c7a40 Unloading class 0x000001a1016d2800 'java/lang/invoke/LambdaForm$DMH+0x000001a1016d2800'

Classes redefined (0 events):
No events

Internal exceptions (20 events):
Event: 10863.229 Thread 0x000001a164fa3440 Exception <a 'java/io/IOException'{0x00000000d56e1410}> (0x00000000d56e1410) 
thrown [s\src\hotspot\share\prims\jni.cpp, line 520]
Event: 10863.229 Thread 0x000001a164fa3440 Exception <a 'java/io/IOException'{0x00000000d56e1730}> (0x00000000d56e1730) 
thrown [s\src\hotspot\share\prims\jni.cpp, line 520]
Event: 10863.229 Thread 0x000001a164fa3440 Exception <a 'java/io/IOException'{0x00000000d56e1a50}> (0x00000000d56e1a50) 
thrown [s\src\hotspot\share\prims\jni.cpp, line 520]
Event: 10863.230 Thread 0x000001a164fa3440 Exception <a 'java/io/IOException'{0x00000000d56f56c0}> (0x00000000d56f56c0) 
thrown [s\src\hotspot\share\prims\jni.cpp, line 520]
Event: 10863.230 Thread 0x000001a164fa3440 Exception <a 'java/io/IOException'{0x00000000d56f59e0}> (0x00000000d56f59e0) 
thrown [s\src\hotspot\share\prims\jni.cpp, line 520]
Event: 10863.230 Thread 0x000001a164fa3440 Exception <a 'java/io/IOException'{0x00000000d56f5d00}> (0x00000000d56f5d00) 
thrown [s\src\hotspot\share\prims\jni.cpp, line 520]
Event: 10863.273 Thread 0x000001a164600de0 Exception <a 'sun/nio/fs/WindowsException'{0x00000000d56fc048}> (0x00000000d56fc048) 
thrown [s\src\hotspot\share\prims\jni.cpp, line 520]
Event: 10863.277 Thread 0x000001a164600de0 Exception <a 'sun/nio/fs/WindowsException'{0x00000000d56fc9d0}> (0x00000000d56fc9d0) 
thrown [s\src\hotspot\share\prims\jni.cpp, line 520]
Event: 10864.801 Thread 0x000001a16610be70 Exception <a 'java/io/IOException'{0x00000000d56c7d40}> (0x00000000d56c7d40) 
thrown [s\src\hotspot\share\prims\jni.cpp, line 520]
Event: 10864.801 Thread 0x000001a16610be70 Exception <a 'java/io/IOException'{0x00000000d56dc348}> (0x00000000d56dc348) 
thrown [s\src\hotspot\share\prims\jni.cpp, line 520]
Event: 10864.801 Thread 0x000001a16610be70 Exception <a 'java/io/IOException'{0x00000000d56dc668}> (0x00000000d56dc668) 
thrown [s\src\hotspot\share\prims\jni.cpp, line 520]
Event: 10864.801 Thread 0x000001a16610be70 Exception <a 'java/io/IOException'{0x00000000d56dd4e8}> (0x00000000d56dd4e8) 
thrown [s\src\hotspot\share\prims\jni.cpp, line 520]
Event: 10864.801 Thread 0x000001a16610be70 Exception <a 'java/io/IOException'{0x00000000d56e5a70}> (0x00000000d56e5a70) 
thrown [s\src\hotspot\share\prims\jni.cpp, line 520]
Event: 10864.801 Thread 0x000001a16610be70 Exception <a 'java/io/IOException'{0x00000000d56e5d90}> (0x00000000d56e5d90) 
thrown [s\src\hotspot\share\prims\jni.cpp, line 520]
Event: 10865.330 Thread 0x000001a1661173f0 Exception <a 'java/io/IOException'{0x00000000d57a65f8}> (0x00000000d57a65f8) 
thrown [s\src\hotspot\share\prims\jni.cpp, line 520]
Event: 10865.330 Thread 0x000001a1661173f0 Exception <a 'java/io/IOException'{0x00000000d57bb0a0}> (0x00000000d57bb0a0) 
thrown [s\src\hotspot\share\prims\jni.cpp, line 520]
Event: 10865.330 Thread 0x000001a1661173f0 Exception <a 'java/io/IOException'{0x00000000d57bb3c0}> (0x00000000d57bb3c0) 
thrown [s\src\hotspot\share\prims\jni.cpp, line 520]
Event: 10865.331 Thread 0x000001a1661173f0 Exception <a 'java/io/IOException'{0x00000000d57c8ef0}> (0x00000000d57c8ef0) 
thrown [s\src\hotspot\share\prims\jni.cpp, line 520]
Event: 10865.331 Thread 0x000001a1661173f0 Exception <a 'java/io/IOException'{0x00000000d57c9210}> (0x00000000d57c9210) 
thrown [s\src\hotspot\share\prims\jni.cpp, line 520]
Event: 10865.331 Thread 0x000001a1661173f0 Exception <a 'java/io/IOException'{0x00000000d57c9530}> (0x00000000d57c9530) 
thrown [s\src\hotspot\share\prims\jni.cpp, line 520]

ZGC Phase Switch (0 events):
No events

VM Operations (20 events):
Event: 10858.786 Executing safepoint VM operation: ParallelGCFailedAllocation (Allocation Failure) done
Event: 10860.223 Executing safepoint VM operation: ParallelGCFailedAllocation (Allocation Failure)
Event: 10860.266 Executing safepoint VM operation: ParallelGCFailedAllocation (Allocation Failure) done
Event: 10861.274 Executing safepoint VM operation: Cleanup
Event: 10861.318 Executing safepoint VM operation: Cleanup done
Event: 10861.426 Executing safepoint VM operation: ParallelGCFailedAllocation (Allocation Failure)
Event: 10861.428 Executing safepoint VM operation: ParallelGCFailedAllocation (Allocation Failure) done
Event: 10862.030 Executing safepoint VM operation: ParallelGCFailedAllocation (Allocation Failure)
Event: 10862.093 Executing safepoint VM operation: ParallelGCFailedAllocation (Allocation Failure) done
Event: 10863.105 Executing safepoint VM operation: Cleanup
Event: 10863.105 Executing safepoint VM operation: Cleanup done
Event: 10863.119 Executing safepoint VM operation: ParallelGCFailedAllocation (Allocation Failure)
Event: 10863.122 Executing safepoint VM operation: ParallelGCFailedAllocation (Allocation Failure) done
Event: 10863.881 Executing safepoint VM operation: ParallelGCFailedAllocation (Allocation Failure)
Event: 10863.915 Executing safepoint VM operation: ParallelGCFailedAllocation (Allocation Failure) done
Event: 10864.060 Executing non-safepoint VM operation: HandshakeAllThreads (Deoptimize)
Event: 10864.061 Executing non-safepoint VM operation: HandshakeAllThreads (Deoptimize) done
Event: 10864.831 Executing safepoint VM operation: ParallelGCFailedAllocation (Allocation Failure)
Event: 10864.843 Executing safepoint VM operation: ParallelGCFailedAllocation (Allocation Failure) done
Event: 10865.367 Executing safepoint VM operation: ParallelGCFailedAllocation (Allocation Failure)

Memory protections (0 events):
No events

Nmethod flushes (20 events):
Event: 72.307 Thread 0x000001a1462c7a40 flushing  nmethod 0x000001a149d5ce10
Event: 72.307 Thread 0x000001a1462c7a40 flushing  nmethod 0x000001a149d60e10
Event: 72.307 Thread 0x000001a1462c7a40 flushing  nmethod 0x000001a149d61310
Event: 72.307 Thread 0x000001a1462c7a40 flushing  nmethod 0x000001a149d63990
Event: 72.307 Thread 0x000001a1462c7a40 flushing  nmethod 0x000001a149d66310
Event: 72.307 Thread 0x000001a1462c7a40 flushing  nmethod 0x000001a149d78510
Event: 72.307 Thread 0x000001a1462c7a40 flushing  nmethod 0x000001a149d93b10
Event: 72.307 Thread 0x000001a1462c7a40 flushing  nmethod 0x000001a149d93e90
Event: 72.307 Thread 0x000001a1462c7a40 flushing  nmethod 0x000001a149d9a190
Event: 72.307 Thread 0x000001a1462c7a40 flushing  nmethod 0x000001a149d9a810
Event: 72.307 Thread 0x000001a1462c7a40 flushing  nmethod 0x000001a149d9cc10
Event: 72.307 Thread 0x000001a1462c7a40 flushing  nmethod 0x000001a149db8290
Event: 72.307 Thread 0x000001a1462c7a40 flushing  nmethod 0x000001a149dbd810
Event: 72.307 Thread 0x000001a1462c7a40 flushing  nmethod 0x000001a149dc1010
Event: 72.307 Thread 0x000001a1462c7a40 flushing  nmethod 0x000001a149df4510
Event: 72.307 Thread 0x000001a1462c7a40 flushing  nmethod 0x000001a149e13f90
Event: 72.307 Thread 0x000001a1462c7a40 flushing  nmethod 0x000001a149e14690
Event: 72.307 Thread 0x000001a1462c7a40 flushing  nmethod 0x000001a149e16690
Event: 72.307 Thread 0x000001a1462c7a40 flushing  nmethod 0x000001a149e16a10
Event: 72.307 Thread 0x000001a1462c7a40 flushing  nmethod 0x000001a149e18d10

Events (20 events):
Event: 10863.917 Thread 0x000001a16865c0b0 Thread exited: 0x000001a16865c0b0
Event: 10864.150 Thread 0x000001a168551b70 Thread added: 0x000001a16865e810
Event: 10864.150 Thread 0x000001a168551b70 Thread added: 0x000001a16865cdd0
Event: 10864.197 Thread 0x000001a16865e810 Thread exited: 0x000001a16865e810
Event: 10864.262 Thread 0x000001a168552890 Thread added: 0x000001a16865e810
Event: 10864.262 Thread 0x000001a168552890 Thread added: 0x000001a16865f530
Event: 10864.334 Thread 0x000001a16865e810 Thread exited: 0x000001a16865e810
Event: 10864.537 Thread 0x000001a16854d9d0 Thread added: 0x000001a16865c0b0
Event: 10864.537 Thread 0x000001a16854d9d0 Thread added: 0x000001a16865e810
Event: 10864.664 Thread 0x000001a16865c0b0 Thread exited: 0x000001a16865c0b0
Event: 10864.783 Thread 0x000001a168cb84e0 Thread exited: 0x000001a168cb84e0
Event: 10864.784 Thread 0x000001a168cd0180 Thread exited: 0x000001a168cd0180
Event: 10864.785 Thread 0x000001a167089fe0 Thread exited: 0x000001a167089fe0
Event: 10864.802 Thread 0x000001a16610be70 Thread exited: 0x000001a16610be70
Event: 10864.831 Thread 0x000001a15e034230 Thread added: 0x000001a16781e590
Event: 10864.955 Thread 0x000001a168550e50 Thread added: 0x000001a16865c0b0
Event: 10864.971 Thread 0x000001a168550e50 Thread added: 0x000001a1686429d0
Event: 10864.971 Thread 0x000001a16865c0b0 Thread exited: 0x000001a16865c0b0
Event: 10865.049 Thread 0x000001a1685507c0 Thread added: 0x000001a16865c0b0
Event: 10865.049 Thread 0x000001a1685507c0 Thread added: 0x000001a168641620


Dynamic libraries:
0x00007ff7e70a0000 - 0x00007ff7e70ae000 	c:\Users\pjoo6\.vscode\extensions\redhat.java-1.56.0-win32-x64\jre\21.0.12.1-win32-x86_64\bin\java.exe
0x00007ffc19e40000 - 0x00007ffc1a0a7000 	C:\WINDOWS\SYSTEM32\ntdll.dll
0x00007ffc17d50000 - 0x00007ffc17e1b000 	C:\WINDOWS\System32\KERNEL32.DLL
0x00007ffc17370000 - 0x00007ffc17772000 	C:\WINDOWS\System32\KERNELBASE.dll
0x00007ffc110a0000 - 0x00007ffc1113f000 	C:\WINDOWS\SYSTEM32\apphelp.dll
0x00007ffc178b0000 - 0x00007ffc179fc000 	C:\WINDOWS\System32\ucrtbase.dll
0x00007ffbfc350000 - 0x00007ffbfc36e000 	c:\Users\pjoo6\.vscode\extensions\redhat.java-1.56.0-win32-x64\jre\21.0.12.1-win32-x86_64\bin\VCRUNTIME140.dll
0x00007ffbfc310000 - 0x00007ffbfc328000 	c:\Users\pjoo6\.vscode\extensions\redhat.java-1.56.0-win32-x64\jre\21.0.12.1-win32-x86_64\bin\jli.dll
0x00007ffc19c10000 - 0x00007ffc19ddf000 	C:\WINDOWS\System32\USER32.dll
0x00007ffc17040000 - 0x00007ffc17067000 	C:\WINDOWS\System32\win32u.dll
0x00007ffc180c0000 - 0x00007ffc180eb000 	C:\WINDOWS\System32\GDI32.dll
0x00007ffbee500000 - 0x00007ffbee790000 	C:\WINDOWS\WinSxS\amd64_microsoft.windows.common-controls_6595b64144ccf1df_6.0.26100.9278_none_3e0d1ba8e3303201\COMCTL32.dll
0x00007ffc17780000 - 0x00007ffc178a9000 	C:\WINDOWS\System32\gdi32full.dll
0x00007ffc17070000 - 0x00007ffc17113000 	C:\WINDOWS\System32\msvcp_win.dll
0x00007ffc17e20000 - 0x00007ffc17ec9000 	C:\WINDOWS\System32\msvcrt.dll
0x00007ffc18080000 - 0x00007ffc180b1000 	C:\WINDOWS\System32\IMM32.DLL
0x00007ffbfd960000 - 0x00007ffbfd96c000 	c:\Users\pjoo6\.vscode\extensions\redhat.java-1.56.0-win32-x64\jre\21.0.12.1-win32-x86_64\bin\vcruntime140_1.dll
0x00007ffbec9d0000 - 0x00007ffbeca5d000 	c:\Users\pjoo6\.vscode\extensions\redhat.java-1.56.0-win32-x64\jre\21.0.12.1-win32-x86_64\bin\msvcp140.dll
0x00007ffb62de0000 - 0x00007ffb63b82000 	c:\Users\pjoo6\.vscode\extensions\redhat.java-1.56.0-win32-x64\jre\21.0.12.1-win32-x86_64\bin\server\jvm.dll
0x00007ffc19b40000 - 0x00007ffc19bfc000 	C:\WINDOWS\System32\ADVAPI32.dll
0x00007ffc18f90000 - 0x00007ffc19039000 	C:\WINDOWS\System32\sechost.dll
0x00007ffc17f60000 - 0x00007ffc18078000 	C:\WINDOWS\System32\RPCRT4.dll
0x00007ffc17ed0000 - 0x00007ffc17f50000 	C:\WINDOWS\System32\WS2_32.dll
0x00007ffc01e60000 - 0x00007ffc01e6b000 	C:\WINDOWS\SYSTEM32\VERSION.dll
0x00007ffc16ea0000 - 0x00007ffc16efe000 	C:\WINDOWS\SYSTEM32\POWRPROF.dll
0x00007ffc0d410000 - 0x00007ffc0d446000 	C:\WINDOWS\SYSTEM32\WINMM.dll
0x00007ffc16e80000 - 0x00007ffc16e95000 	C:\WINDOWS\SYSTEM32\UMPDC.dll
0x00007ffc15d10000 - 0x00007ffc15d2b000 	C:\WINDOWS\SYSTEM32\kernel.appcore.dll
0x00007ffbfd910000 - 0x00007ffbfd91a000 	c:\Users\pjoo6\.vscode\extensions\redhat.java-1.56.0-win32-x64\jre\21.0.12.1-win32-x86_64\bin\jimage.dll
0x00007ffc14570000 - 0x00007ffc147bc000 	C:\WINDOWS\SYSTEM32\DBGHELP.DLL
0x00007ffc18c00000 - 0x00007ffc18f85000 	C:\WINDOWS\System32\combase.dll
0x00007ffc18360000 - 0x00007ffc18439000 	C:\WINDOWS\System32\OLEAUT32.dll
0x00007ffbeb6b0000 - 0x00007ffbeb6eb000 	C:\WINDOWS\SYSTEM32\dbgcore.DLL
0x00007ffc172b0000 - 0x00007ffc1735c000 	C:\WINDOWS\System32\bcryptPrimitives.dll
0x00007ffbfd7e0000 - 0x00007ffbfd7ef000 	c:\Users\pjoo6\.vscode\extensions\redhat.java-1.56.0-win32-x64\jre\21.0.12.1-win32-x86_64\bin\instrument.dll
0x00007ffbfc100000 - 0x00007ffbfc120000 	c:\Users\pjoo6\.vscode\extensions\redhat.java-1.56.0-win32-x64\jre\21.0.12.1-win32-x86_64\bin\java.dll
0x00007ffc19340000 - 0x00007ffc19ad8000 	C:\WINDOWS\System32\SHELL32.dll
0x00007ffc14a70000 - 0x00007ffc1531e000 	C:\WINDOWS\SYSTEM32\windows.storage.dll
0x00007ffc191b0000 - 0x00007ffc192ab000 	C:\WINDOWS\System32\SHCORE.dll
0x00007ffc181f0000 - 0x00007ffc18256000 	C:\WINDOWS\System32\shlwapi.dll
0x00007ffc16f60000 - 0x00007ffc16f89000 	C:\WINDOWS\SYSTEM32\profapi.dll
0x00007ffbfbe70000 - 0x00007ffbfbe88000 	c:\Users\pjoo6\.vscode\extensions\redhat.java-1.56.0-win32-x64\jre\21.0.12.1-win32-x86_64\bin\zip.dll
0x00007ffbfd8a0000 - 0x00007ffbfd8b0000 	C:\Users\pjoo6\.vscode\extensions\redhat.java-1.56.0-win32-x64\jre\21.0.12.1-win32-x86_64\bin\net.dll
0x00007ffc0bf50000 - 0x00007ffc0c07a000 	C:\WINDOWS\SYSTEM32\WINHTTP.dll
0x00007ffc162d0000 - 0x00007ffc1633c000 	C:\WINDOWS\system32\mswsock.dll
0x00007ffbfb310000 - 0x00007ffbfb326000 	C:\Users\pjoo6\.vscode\extensions\redhat.java-1.56.0-win32-x64\jre\21.0.12.1-win32-x86_64\bin\nio.dll
0x00007ffbfce30000 - 0x00007ffbfce40000 	c:\Users\pjoo6\.vscode\extensions\redhat.java-1.56.0-win32-x64\jre\21.0.12.1-win32-x86_64\bin\verify.dll
0x00007ffbed630000 - 0x00007ffbed675000 	C:\Users\pjoo6\AppData\Roaming\Code\User\globalStorage\redhat.java\1.56.0\config_win\org.eclipse.equinox.launcher\org.eclipse.equinox.launcher.win32.win32.x86_64_1.3.100.v20260804-1928\eclipse_11924.dll
0x00007ffc17b60000 - 0x00007ffc17cfa000 	C:\WINDOWS\System32\ole32.dll
0x00007ffc165c0000 - 0x00007ffc165db000 	C:\WINDOWS\SYSTEM32\CRYPTSP.dll
0x00007ffc15c50000 - 0x00007ffc15c89000 	C:\WINDOWS\system32\rsaenh.dll
0x00007ffc16380000 - 0x00007ffc163b4000 	C:\WINDOWS\SYSTEM32\USERENV.dll
0x00007ffc16f30000 - 0x00007ffc16f5a000 	C:\WINDOWS\SYSTEM32\bcrypt.dll
0x00007ffc165e0000 - 0x00007ffc165ec000 	C:\WINDOWS\SYSTEM32\CRYPTBASE.dll
0x00007ffc15690000 - 0x00007ffc156c3000 	C:\WINDOWS\SYSTEM32\IPHLPAPI.DLL
0x00007ffc18260000 - 0x00007ffc1826a000 	C:\WINDOWS\System32\NSI.dll
0x00007ffbe8c60000 - 0x00007ffbe8ca9000 	C:\Users\pjoo6\AppData\Local\Temp\jna-106702364\jna8996071708746344754.dll
0x00007ffc19df0000 - 0x00007ffc19df8000 	C:\WINDOWS\System32\PSAPI.DLL
0x00007ffc0d9e0000 - 0x00007ffc0d9fd000 	C:\WINDOWS\SYSTEM32\dhcpcsvc6.DLL
0x00007ffc0d9b0000 - 0x00007ffc0d9d5000 	C:\WINDOWS\SYSTEM32\dhcpcsvc.DLL
0x00007ffbfaf40000 - 0x00007ffbfaf67000 	C:\Users\pjoo6\.gradle\native\660c5614fbf4a5f2a75b1949f50a0caf5cd603558e7d8a26e50b933a0cfb79d1\windows-amd64\native-platform.dll
0x00007ffbfccf0000 - 0x00007ffbfccfa000 	C:\Users\pjoo6\.vscode\extensions\redhat.java-1.56.0-win32-x64\jre\21.0.12.1-win32-x86_64\bin\management.dll
0x00007ffbfc260000 - 0x00007ffbfc26c000 	C:\Users\pjoo6\.vscode\extensions\redhat.java-1.56.0-win32-x64\jre\21.0.12.1-win32-x86_64\bin\management_ext.dll
0x00007ffbfc0f0000 - 0x00007ffbfc0f9000 	C:\Users\pjoo6\.vscode\extensions\redhat.java-1.56.0-win32-x64\jre\21.0.12.1-win32-x86_64\bin\extnet.dll
0x00007ffc0d290000 - 0x00007ffc0d29e000 	C:\Users\pjoo6\.vscode\extensions\redhat.java-1.56.0-win32-x64\jre\21.0.12.1-win32-x86_64\bin\sunmscapi.dll
0x00007ffc17120000 - 0x00007ffc1729e000 	C:\WINDOWS\System32\CRYPT32.dll
0x00007ffc16800000 - 0x00007ffc16830000 	C:\WINDOWS\SYSTEM32\ncrypt.dll
0x00007ffc167b0000 - 0x00007ffc167ef000 	C:\WINDOWS\SYSTEM32\NTASN1.dll
0x00007ffbdbe80000 - 0x00007ffbdbe88000 	C:\WINDOWS\system32\wshunix.dll

JVMTI agents:
c:\Users\pjoo6\.vscode\extensions\redhat.java-1.56.0-win32-x64\lombok\lombok-1.18.39-4050.jar path:c:\Users\pjoo6\.vscode\extensions\redhat.java-1.56.0-win32-x64\jre\21.0.12.1-win32-x86_64\bin\instrument.dll, loaded, initialized, instrumentlib options:none

dbghelp: loaded successfully - version: 4.0.5 - missing functions: none
symbol engine: initialized successfully - sym options: 0x614 - pdb path: .;c:\Users\pjoo6\.vscode\extensions\redhat.java-1.56.0-win32-x64\jre\21.0.12.1-win32-x86_64\bin;C:\WINDOWS\SYSTEM32;C:\WINDOWS\WinSxS\amd64_microsoft.windows.common-controls_6595b64144ccf1df_6.0.26100.9278_none_3e0d1ba8e3303201;c:\Users\pjoo6\.vscode\extensions\redhat.java-1.56.0-win32-x64\jre\21.0.12.1-win32-x86_64\bin\server;C:\Users\pjoo6\AppData\Roaming\Code\User\globalStorage\redhat.java\1.56.0\config_win\org.eclipse.equinox.launcher\org.eclipse.equinox.launcher.win32.win32.x86_64_1.3.100.v20260804-1928;C:\Users\pjoo6\AppData\Local\Temp\jna-106702364;C:\Users\pjoo6\.gradle\native\660c5614fbf4a5f2a75b1949f50a0caf5cd603558e7d8a26e50b933a0cfb79d1\windows-amd64

VM Arguments:
jvm_args: --add-modules=ALL-SYSTEM --add-opens=java.base/java.util=ALL-UNNAMED --add-opens=java.base/java.lang=ALL-UNNAMED --add-opens=java.base/sun.nio.fs=ALL-UNNAMED -Declipse.application=org.eclipse.jdt.ls.core.id1 -Dosgi.bundles.defaultStartLevel=4 -Declipse.product=org.eclipse.jdt.ls.core.product -Djava.import.generatesMetadataFilesAtProjectRoot=false -Dm2e.project.cache.size=50 -DDetectVMInstallationsJob.disabled=true -Dfile.encoding=utf8 -XX:+UseParallelGC -XX:GCTimeRatio=4 -XX:AdaptiveSizePolicyWeight=90 -Dsun.zip.disableMemoryMapping=true -Xmx2G -Xms100m -Xlog:disable -javaagent:c:\Users\pjoo6\.vscode\extensions\redhat.java-1.56.0-win32-x64\lombok\lombok-1.18.39-4050.jar -XX:+HeapDumpOnOutOfMemoryError -XX:HeapDumpPath=c:\Users\pjoo6\AppData\Roaming\Code\User\workspaceStorage\d72f17bb453e5d29a6faf1777e04c918\redhat.java -Daether.dependencyCollector.impl=bf 
java_command: c:\Users\pjoo6\.vscode\extensions\redhat.java-1.56.0-win32-x64\server\plugins\org.eclipse.equinox.launcher_1.8.0.v20260804-1928.jar -configuration c:\Users\pjoo6\AppData\Roaming\Code\User\globalStorage\redhat.java\1.56.0\config_win -data c:\Users\pjoo6\AppData\Roaming\Code\User\workspaceStorage\d72f17bb453e5d29a6faf1777e04c918\redhat.java\jdt_ws --stdio
java_class_path (initial): c:\Users\pjoo6\.vscode\extensions\redhat.java-1.56.0-win32-x64\server\plugins\org.eclipse.equinox.launcher_1.8.0.v20260804-1928.jar
Launcher Type: SUN_STANDARD

[Global flags]
    uintx AdaptiveSizePolicyWeight                 = 90                                        {product} {command line}
     intx CICompilerCount                          = 4                                         {product} {ergonomic}
    uintx GCTimeRatio                              = 4                                         {product} {command line}
     bool HeapDumpOnOutOfMemoryError               = true                                   {manageable} {command line}
    ccstr HeapDumpPath                             = c:\Users\pjoo6\AppData\Roaming\Code\User\workspaceStorage\d72f17bb453e5d29a6faf1777e04c918\redhat.java         {manageable} {command line}
   size_t InitialHeapSize                          = 104857600                                 {product} {command line}
   size_t MaxHeapSize                              = 2147483648                                {product} {command line}
   size_t MaxNewSize                               = 715653120                                 {product} {ergonomic}
   size_t MinHeapDeltaBytes                        = 524288                                    {product} {ergonomic}
   size_t MinHeapSize                              = 104857600                                 {product} {command line}
   size_t NewSize                                  = 34603008                                  {product} {ergonomic}
    uintx NonNMethodCodeHeapSize                   = 5839372                                {pd product} {ergonomic}
    uintx NonProfiledCodeHeapSize                  = 122909434                              {pd product} {ergonomic}
   size_t OldSize                                  = 70254592                                  {product} {ergonomic}
    uintx ProfiledCodeHeapSize                     = 122909434                              {pd product} {ergonomic}
    uintx ReservedCodeCacheSize                    = 251658240                              {pd product} {ergonomic}
     bool SegmentedCodeCache                       = true                                      {product} {ergonomic}
   size_t SoftMaxHeapSize                          = 2147483648                             {manageable} {ergonomic}
     bool UseCompressedOops                        = true                           {product lp64_product} {ergonomic}
     bool UseLargePagesIndividualAllocation        = false                                  {pd product} {ergonomic}
     bool UseParallelGC                            = true                                      {product} {command line}

Logging:
Log output configuration:
 #0: stdout all=off uptime,level,tags foldmultilines=false
 #1: stderr all=off uptime,level,tags foldmultilines=false

Release file:
JAVA_VERSION="21.0.12.1" 
MODULES="java.base java.compiler java.datatransfer java.xml java.prefs java.desktop java.instrument java.logging java.management java.security.sasl java.naming java.rmi java.management.rmi java.net.http java.scripting java.security.jgss java.transaction.xa java.sql java.sql.rowset java.xml.crypto java.se java.smartcardio jdk.accessibility jdk.internal.jvmstat jdk.attach jdk.charsets jdk.internal.opt jdk.zipfs jdk.compiler jdk.crypto.ec jdk.crypto.cryptoki jdk.crypto.mscapi jdk.dynalink jdk.internal.ed jdk.editpad jdk.hotspot.agent jdk.httpserver jdk.internal.le jdk.internal.vm.ci jdk.internal.vm.compiler jdk.internal.vm.compiler.management jdk.jartool jdk.javadoc jdk.jcmd jdk.management jdk.management.agent jdk.jconsole jdk.jdeps jdk.jdwp.agent jdk.jdi jdk.jfr jdk.jshell jdk.jsobject jdk.jstatd jdk.localedata jdk.management.jfr jdk.naming.dns jdk.naming.rmi jdk.net jdk.nio.mapmode jdk.random jdk.sctp jdk.security.auth jdk.security.jgss jdk.unsupported jdk.unsupported.desktop jdk.xml.dom" 

Environment Variables:
JAVA_HOME=C:\Program Files\Eclipse Adoptium\jdk-21.0.12.101-hotspot\
PATH=C:\Program Files\Eclipse Adoptium\jdk-21.0.12.101-hotspot\bin;C:\Program Files\Common Files\Oracle\Java\javapath;C:\windows\system32;C:\windows;C:\windows\System32\Wbem;C:\windows\System32\WindowsPowerShell\v1.0\;C:\windows\System32\OpenSSH\;C:\WINDOWS\system32;C:\WINDOWS;C:\WINDOWS\System32\Wbem;C:\WINDOWS\System32\WindowsPowerShell\v1.0\;C:\WINDOWS\System32\OpenSSH\;C:\Program Files (x86)\IncrediBuild;C:\Program Files\Git\cmd;C:\Program Files\dotnet\;C:\Program Files\nodejs\;C:\Users\pjoo6\AppData\Local\Programs\Python\Python39\Scripts\;C:\Users\pjoo6\AppData\Local\Programs\Python\Python39\;C:\Users\pjoo6\AppData\Local\Microsoft\WindowsApps;C:\Users\pjoo6\OneDrive\πŸ≈¡ »≠∏È\opencv\build\x64\vc15\bin;C:\Users\pjoo6\AppData\Local\Programs\Microsoft VS Code\bin;C:\Users\pjoo6\AppData\Roaming\npm
USERNAME=pjoo6
OS=Windows_NT
PROCESSOR_IDENTIFIER=Intel64 Family 6 Model 186 Stepping 3, GenuineIntel
TMP=C:\Users\pjoo6\AppData\Local\Temp
TEMP=C:\Users\pjoo6\AppData\Local\Temp




Periodic native trim disabled

---------------  S Y S T E M  ---------------

OS:
 Windows 11 , 64 bit Build 26100 (10.0.26100.9444)
OS uptime: 2 days 8:20 hours
Hyper-V role detected

CPU: total 12 (initial active 12) (6 cores per cpu, 2 threads per core) family 6 model 186 stepping 3 microcode 0x6134, cx8, cmov, fxsr, ht, mmx, 3dnowpref, sse, sse2, sse3, ssse3, sse4.1, sse4.2, popcnt, lzcnt, tsc, tscinvbit, avx, avx2, aes, erms, clmul, bmi1, bmi2, adx, sha, fma, vzeroupper, clflush, clflushopt, clwb, hv, serialize, rdtscp, rdpid, fsrm, f16c, cet_ibt, cet_ss
Processor Information for the first 12 processors :
  Max Mhz: 1300, Current Mhz: 1300, Mhz Limit: 1300

Memory: 4k page, system-wide physical 16027M (1320M free)
TotalPageFile size 46513M (AvailPageFile size 93M)
current process WorkingSet (physical memory assigned to process): 303M, peak: 1466M
current process commit charge ("private bytes"): 1889M, peak: 1892M

vm_info: OpenJDK 64-Bit Server VM (21.0.12.1+1-LTS) for windows-amd64 JRE (21.0.12.1+1-LTS), built on 2026-08-18T00:00:00Z by "admin" with MS VC++ 17.12 (VS2022)

END.
