#
# There is insufficient memory for the Java Runtime Environment to continue.
# Native memory allocation (malloc) failed to allocate 32744 bytes. Error detail: Chunk::new
# Possible reasons:
#   The system is out of physical RAM or swap space
#   This process is running with CompressedOops enabled, and the Java Heap may be blocking the growth of the native heap
# Possible solutions:
#   Reduce memory load on the system
#   Increase physical memory or swap space
#   Check if swap backing store is full
#   Decrease Java heap size (-Xmx/-Xms)
#   Decrease number of Java threads
#   Decrease Java thread stack sizes (-Xss)
#   Set larger code cache with -XX:ReservedCodeCacheSize=
#   JVM is running with Unscaled Compressed Oops mode in which the Java heap is
#     placed in the first 4GB address space. The Java Heap base address is the
#     maximum limit for the native heap growth. Please use -XX:HeapBaseMinAddress
#     to set the Java Heap base and to place the Java Heap above 4GB virtual address.
# This output file may be truncated or incomplete.
#
#  Out of Memory Error (arena.cpp:168), pid=30148, tid=31240
#
# JRE version: OpenJDK Runtime Environment Temurin-21.0.12.1+1 (21.0.12.1+1) (build 21.0.12.1+1-LTS)
# Java VM: OpenJDK 64-Bit Server VM Temurin-21.0.12.1+1 (21.0.12.1+1-LTS, mixed mode, sharing, tiered, compressed oops, compressed class ptrs, g1 gc, windows-amd64)
# No core dump will be written. Minidumps are not enabled by default on client versions of Windows
#

---------------  S U M M A R Y ------------

Command Line: --add-opens=java.base/java.lang=ALL-UNNAMED --add-opens=java.base/java.lang.invoke=ALL-UNNAMED --add-opens=java.base/java.util=ALL-UNNAMED --add-opens=java.prefs/java.util.prefs=ALL-UNNAMED --add-exports=jdk.compiler/com.sun.tools.javac.api=ALL-UNNAMED --add-exports=jdk.compiler/com.sun.tools.javac.util=ALL-UNNAMED --add-opens=java.base/java.nio.charset=ALL-UNNAMED --add-opens=java.base/java.net=ALL-UNNAMED --add-opens=java.base/java.util.concurrent=ALL-UNNAMED --add-opens=java.base/java.util.concurrent.atomic=ALL-UNNAMED --add-opens=java.xml/javax.xml.namespace=ALL-UNNAMED --add-opens=java.base/java.time=ALL-UNNAMED -XX:MaxMetaspaceSize=384m -XX:+HeapDumpOnOutOfMemoryError -Xms256m -Xmx512m -Dfile.encoding=UTF-8 -Duser.country=KR -Duser.language=ko -Duser.variant -javaagent:C:\Users\pjoo6\.gradle\wrapper\dists\gradle-9.7.1-bin\1w1c7tv4s851m17nbqdsro2tv\gradle-9.7.1\lib\agents\gradle-instrumentation-agent-9.7.1.jar org.gradle.launcher.daemon.bootstrap.GradleDaemon 9.7.1

Host: 13th Gen Intel(R) Core(TM) i5-1335U, 12 cores, 15G,  Windows 11 , 64 bit Build 26100 (10.0.26100.9444)
Time: Tue Oct  6 02:09:40 2026 elapsed time: 15355.646555 seconds (0d 4h 15m 55s)

---------------  T H R E A D  ---------------

Current thread (0x00000250420290f0):  JavaThread "C2 CompilerThread0" daemon [_thread_in_native, id=31240, stack(0x0000006b3ec00000,0x0000006b3ed00000) (1024K)]


Current CompileTask:
C2:15355646 3880       4       java.lang.invoke.MethodType::makeImpl (109 bytes)

Stack: [0x0000006b3ec00000,0x0000006b3ed00000]
Native frames: (J=compiled Java code, j=interpreted, Vv=VM code, C=native code)
V  [jvm.dll+0x6d83e9]
V  [jvm.dll+0x8b5736]
V  [jvm.dll+0x8b7cee]
V  [jvm.dll+0x8b83d3]
V  [jvm.dll+0x284596]
V  [jvm.dll+0xc685d]
V  [jvm.dll+0xc6da1]
V  [jvm.dll+0x5c0b9d]
V  [jvm.dll+0x5cc9dd]
V  [jvm.dll+0x5d5e89]
V  [jvm.dll+0x5c0404]
V  [jvm.dll+0x2fa7dc]
V  [jvm.dll+0x6f2873]
V  [jvm.dll+0x6ea969]
V  [jvm.dll+0x6ea069]
V  [jvm.dll+0x6e80ee]
V  [jvm.dll+0x1ce4fc]
V  [jvm.dll+0x1cf09e]
V  [jvm.dll+0x1cf09e]
V  [jvm.dll+0x2fa7dc]
V  [jvm.dll+0x6f2873]
V  [jvm.dll+0x6ea969]
V  [jvm.dll+0x6ea069]
V  [jvm.dll+0x6e80ee]
V  [jvm.dll+0x1ce4fc]
V  [jvm.dll+0x1cf09e]
V  [jvm.dll+0x2fa7dc]
V  [jvm.dll+0x6f2873]
V  [jvm.dll+0x6ea969]
V  [jvm.dll+0x6ea069]
V  [jvm.dll+0x6e80ee]
V  [jvm.dll+0x1ce4fc]
V  [jvm.dll+0x1cf09e]
V  [jvm.dll+0x2fa7dc]
V  [jvm.dll+0x6f2873]
V  [jvm.dll+0x6ea969]
V  [jvm.dll+0x6ea069]
V  [jvm.dll+0x6e80ee]
V  [jvm.dll+0x1ce4fc]
V  [jvm.dll+0x1cf09e]
V  [jvm.dll+0x1cf09e]
V  [jvm.dll+0x2fa7dc]
V  [jvm.dll+0x6f2873]
V  [jvm.dll+0x6ea969]
V  [jvm.dll+0x6ea069]
V  [jvm.dll+0x6e80ee]
V  [jvm.dll+0x1ce4fc]
V  [jvm.dll+0x1cf09e]
V  [jvm.dll+0x2fa7dc]
V  [jvm.dll+0x6f2873]
V  [jvm.dll+0x6ea969]
V  [jvm.dll+0x6ea069]
V  [jvm.dll+0x6e80ee]
V  [jvm.dll+0x1ce4fc]
V  [jvm.dll+0x1cf09e]
V  [jvm.dll+0x2fa7dc]
V  [jvm.dll+0x6f2873]
V  [jvm.dll+0x6ea969]
V  [jvm.dll+0x6ea069]
V  [jvm.dll+0x6e80ee]
V  [jvm.dll+0x1ce4fc]
V  [jvm.dll+0x2fa7dc]
V  [jvm.dll+0x6f2873]
V  [jvm.dll+0x6ea969]
V  [jvm.dll+0x6ea069]
V  [jvm.dll+0x6e80ee]
V  [jvm.dll+0x1ce4fc]
V  [jvm.dll+0x2fa7dc]
V  [jvm.dll+0x6f2873]
V  [jvm.dll+0x6ea969]
V  [jvm.dll+0x6ea069]
V  [jvm.dll+0x6e80ee]
V  [jvm.dll+0x1ce4fc]
V  [jvm.dll+0x1cf09e]
V  [jvm.dll+0x2fa7dc]
V  [jvm.dll+0x6f2873]
V  [jvm.dll+0x6ea969]
V  [jvm.dll+0x6ea069]
V  [jvm.dll+0x6e80ee]
V  [jvm.dll+0x1ce4fc]
V  [jvm.dll+0x24b919]
V  [jvm.dll+0x1cb4ae]
V  [jvm.dll+0x25baad]
V  [jvm.dll+0x25a03a]
V  [jvm.dll+0x3f8aae]
V  [jvm.dll+0x8600cd]
V  [jvm.dll+0x6d6c1d]
C  [ucrtbase.dll+0x2cd30]
C  [KERNEL32.DLL+0x2cd87]
C  [ntdll.dll+0xacaec]


---------------  P R O C E S S  ---------------

Threads class SMR info:
_java_thread_list=0x00000250487ebb10, length=24, elements={
0x0000025015191030, 0x0000025042021890, 0x0000025042024e70, 0x0000025042026440,
0x0000025042026ea0, 0x0000025042027900, 0x0000025042028360, 0x00000250420290f0,
0x0000025042029b90, 0x00000250420b85f0, 0x0000025042249e90, 0x00000250426300b0,
0x00000250483b62b0, 0x0000025047300630, 0x0000025047b80ce0, 0x00000250482453a0,
0x0000025048f71c20, 0x0000025042118ef0, 0x0000025042119580, 0x000002504211a2a0,
0x0000025042118860, 0x000002504211afc0, 0x00000250421181d0, 0x000002504211a930
}

Java Threads: ( => current thread )
  0x0000025015191030 JavaThread "main"                              [_thread_blocked, id=25260, stack(0x0000006b3de00000,0x0000006b3df00000) (1024K)]
  0x0000025042021890 JavaThread "Reference Handler"          daemon [_thread_blocked, id=31216, stack(0x0000006b3e600000,0x0000006b3e700000) (1024K)]
  0x0000025042024e70 JavaThread "Finalizer"                  daemon [_thread_blocked, id=31220, stack(0x0000006b3e700000,0x0000006b3e800000) (1024K)]
  0x0000025042026440 JavaThread "Signal Dispatcher"          daemon [_thread_blocked, id=31224, stack(0x0000006b3e800000,0x0000006b3e900000) (1024K)]
  0x0000025042026ea0 JavaThread "Attach Listener"            daemon [_thread_blocked, id=31228, stack(0x0000006b3e900000,0x0000006b3ea00000) (1024K)]
  0x0000025042027900 JavaThread "Service Thread"             daemon [_thread_blocked, id=31232, stack(0x0000006b3ea00000,0x0000006b3eb00000) (1024K)]
  0x0000025042028360 JavaThread "Monitor Deflation Thread"   daemon [_thread_blocked, id=31236, stack(0x0000006b3eb00000,0x0000006b3ec00000) (1024K)]
=>0x00000250420290f0 JavaThread "C2 CompilerThread0"         daemon [_thread_in_native, id=31240, stack(0x0000006b3ec00000,0x0000006b3ed00000) (1024K)]
  0x0000025042029b90 JavaThread "C1 CompilerThread0"         daemon [_thread_blocked, id=31244, stack(0x0000006b3ed00000,0x0000006b3ee00000) (1024K)]
  0x00000250420b85f0 JavaThread "Common-Cleaner"             daemon [_thread_blocked, id=31276, stack(0x0000006b3ee00000,0x0000006b3ef00000) (1024K)]
  0x0000025042249e90 JavaThread "Notification Thread"        daemon [_thread_blocked, id=31436, stack(0x0000006b3ef00000,0x0000006b3f000000) (1024K)]
  0x00000250426300b0 JavaThread "Daemon health stats"               [_thread_blocked, id=29984, stack(0x0000006b3f600000,0x0000006b3f700000) (1024K)]
  0x00000250483b62b0 JavaThread "Incoming local TCP Connector on port 49840"        [_thread_in_native, id=35368, stack(0x0000006b3f800000,0x0000006b3f900000) (1024K)]
  0x0000025047300630 JavaThread "Daemon periodic checks"            [_thread_blocked, id=41892, stack(0x0000006b3f700000,0x0000006b3f800000) (1024K)]
  0x0000025047b80ce0 JavaThread "Daemon"                            [_thread_blocked, id=44524, stack(0x0000006b3f900000,0x0000006b3fa00000) (1024K)]
  0x00000250482453a0 JavaThread "Handler for socket connection from /127.0.0.1:49840 to /127.0.0.1:64938"        [_thread_in_native, id=44896, stack(0x0000006b3fa00000,0x0000006b3fb00000) (1024K)]
  0x0000025048f71c20 JavaThread "Cancel handler"                    [_thread_blocked, id=44860, stack(0x0000006b3fb00000,0x0000006b3fc00000) (1024K)]
  0x0000025042118ef0 JavaThread "Daemon worker"                     [_thread_in_vm, id=45904, stack(0x0000006b3fc00000,0x0000006b3fd00000) (1024K)]
  0x0000025042119580 JavaThread "Asynchronous log dispatcher for DefaultDaemonConnection: socket connection from /127.0.0.1:49840 to /127.0.0.1:64938"        [_thread_blocked, id=44376, stack(0x0000006b3fd00000,0x0000006b3fe00000) (1024K)]
  0x000002504211a2a0 JavaThread "Stdin handler"                     [_thread_blocked, id=45328, stack(0x0000006b3fe00000,0x0000006b3ff00000) (1024K)]
  0x0000025042118860 JavaThread "Daemon client event forwarder"        [_thread_blocked, id=39876, stack(0x0000006b3ff00000,0x0000006b40000000) (1024K)]
  0x000002504211afc0 JavaThread "Cache worker for journal cache (C:\Users\pjoo6\.gradle\caches\journal-1)"        [_thread_blocked, id=47000, stack(0x0000006b40400000,0x0000006b40500000) (1024K)]
  0x00000250421181d0 JavaThread "File lock request listener"        [_thread_in_native, id=40044, stack(0x0000006b3f300000,0x0000006b3f400000) (1024K)]
  0x000002504211a930 JavaThread "File lock release action executor"        [_thread_blocked, id=46292, stack(0x0000006b3f500000,0x0000006b3f600000) (1024K)]
Total: 24

Other Threads:
  0x00000250420056a0 VMThread "VM Thread"                           [id=31116, stack(0x0000006b3e500000,0x0000006b3e600000) (1024K)]
  0x000002502cc96620 WatcherThread "VM Periodic Task Thread"        [id=31112, stack(0x0000006b3e400000,0x0000006b3e500000) (1024K)]
  0x00000250151bbe60 WorkerThread "GC Thread#0"                     [id=31024, stack(0x0000006b3df00000,0x0000006b3e000000) (1024K)]
  0x000002504222efa0 WorkerThread "GC Thread#1"                     [id=27048, stack(0x0000006b3dc00000,0x0000006b3dd00000) (1024K)]
  0x000002504222f350 WorkerThread "GC Thread#2"                     [id=27024, stack(0x0000006b3dd00000,0x0000006b3de00000) (1024K)]
  0x000002504222f700 WorkerThread "GC Thread#3"                     [id=27052, stack(0x0000006b3f000000,0x0000006b3f100000) (1024K)]
  0x000002504222fab0 WorkerThread "GC Thread#4"                     [id=27040, stack(0x0000006b3f100000,0x0000006b3f200000) (1024K)]
  0x00000250424265d0 WorkerThread "GC Thread#5"                     [id=27044, stack(0x0000006b3f200000,0x0000006b3f300000) (1024K)]
  0x000002504829d380 WorkerThread "GC Thread#6"                     [id=46156, stack(0x0000006b40000000,0x0000006b40100000) (1024K)]
  0x000002504829d730 WorkerThread "GC Thread#7"                     [id=20556, stack(0x0000006b40100000,0x0000006b40200000) (1024K)]
  0x000002504938c4b0 WorkerThread "GC Thread#8"                     [id=47044, stack(0x0000006b40200000,0x0000006b40300000) (1024K)]
  0x000002504938c860 WorkerThread "GC Thread#9"                     [id=23300, stack(0x0000006b40300000,0x0000006b40400000) (1024K)]
  0x00000250151c0d60 ConcurrentGCThread "G1 Main Marker"            [id=31028, stack(0x0000006b3e000000,0x0000006b3e100000) (1024K)]
  0x00000250151c2600 WorkerThread "G1 Conc#0"                       [id=31032, stack(0x0000006b3e100000,0x0000006b3e200000) (1024K)]
  0x000002502cb61a80 ConcurrentGCThread "G1 Refine#0"               [id=31052, stack(0x0000006b3e200000,0x0000006b3e300000) (1024K)]
  0x000002502cb636c0 ConcurrentGCThread "G1 Service"                [id=31056, stack(0x0000006b3e300000,0x0000006b3e400000) (1024K)]
Total: 16

Threads with active compile tasks:
C2 CompilerThread0  15357219 3880       4       java.lang.invoke.MethodType::makeImpl (109 bytes)
Total: 1

VM state: not at safepoint (normal execution)

VM Mutex/Monitor currently owned by a thread: None

Heap address: 0x00000000e0000000, size: 512 MB, Compressed Oops mode: 32-bit

CDS archive(s) mapped at: [0x000002502d000000-0x000002502dba0000-0x000002502dba0000), size 12189696, SharedBaseAddress: 0x000002502d000000, ArchiveRelocationMode: 1.
Compressed class space mapped at: 0x000002502e000000-0x0000025042000000, reserved size: 335544320
Narrow klass base: 0x000002502d000000, Narrow klass shift: 0, Narrow klass range: 0x100000000

GC Precious Log:
 CardTable entry size: 512
 Card Set container configuration: InlinePtr #cards 5 size 8 Array Of Cards #cards 12 size 40 Howl #buckets 4 coarsen threshold 1843 Howl Bitmap #cards 512 size 80 coarsen threshold 460 Card regions per heap region 1 cards per card region 2048
 CPUs: 12 total, 12 available
 Memory: 16027M
 Large Page Support: Disabled
 NUMA Support: Disabled
 Compressed Oops: Enabled (32-bit)
 Heap Region Size: 1M
 Heap Min Capacity: 256M
 Heap Initial Capacity: 256M
 Heap Max Capacity: 512M
 Pre-touch: Disabled
 Parallel Workers: 10
 Concurrent Workers: 3
 Concurrent Refinement Workers: 10
 Periodic GC: Disabled

Heap:
 garbage-first heap   total 454656K, used 68570K [0x00000000e0000000, 0x0000000100000000)
  region size 1024K, 48 young (49152K), 1 survivors (1024K)
 Metaspace       used 16271K, committed 16704K, reserved 393216K
  class space    used 2159K, committed 2368K, reserved 327680K

Heap Regions: E=young(eden), S=young(survivor), O=old, HS=humongous(starts), HC=humongous(continues), CS=collection set, F=free, TAMS=top-at-mark-start, PB=parsable bottom
|   0|0x00000000e0000000, 0x00000000e0100000, 0x00000000e0100000|100%|HS|  |TAMS 0x00000000e0000000| PB 0x00000000e0000000| Complete 
|   1|0x00000000e0100000, 0x00000000e0200000, 0x00000000e0200000|100%|HC|  |TAMS 0x00000000e0100000| PB 0x00000000e0100000| Complete 
|   2|0x00000000e0200000, 0x00000000e0300000, 0x00000000e0300000|100%|HC|  |TAMS 0x00000000e0200000| PB 0x00000000e0200000| Complete 
|   3|0x00000000e0300000, 0x00000000e0400000, 0x00000000e0400000|100%|HC|  |TAMS 0x00000000e0300000| PB 0x00000000e0300000| Complete 
|   4|0x00000000e0400000, 0x00000000e0500000, 0x00000000e0500000|100%| O|  |TAMS 0x00000000e0400000| PB 0x00000000e0400000| Untracked 
|   5|0x00000000e0500000, 0x00000000e0600000, 0x00000000e0600000|100%| O|  |TAMS 0x00000000e0500000| PB 0x00000000e0500000| Untracked 
|   6|0x00000000e0600000, 0x00000000e0700000, 0x00000000e0700000|100%| O|  |TAMS 0x00000000e0600000| PB 0x00000000e0600000| Untracked 
|   7|0x00000000e0700000, 0x00000000e0800000, 0x00000000e0800000|100%| O|  |TAMS 0x00000000e0700000| PB 0x00000000e0700000| Untracked 
|   8|0x00000000e0800000, 0x00000000e0900000, 0x00000000e0900000|100%| O|  |TAMS 0x00000000e0800000| PB 0x00000000e0800000| Untracked 
|   9|0x00000000e0900000, 0x00000000e0a00000, 0x00000000e0a00000|100%| O|  |TAMS 0x00000000e0900000| PB 0x00000000e0900000| Untracked 
|  10|0x00000000e0a00000, 0x00000000e0b00000, 0x00000000e0b00000|100%| O|  |TAMS 0x00000000e0a00000| PB 0x00000000e0a00000| Untracked 
|  11|0x00000000e0b00000, 0x00000000e0c00000, 0x00000000e0c00000|100%| O|  |TAMS 0x00000000e0b00000| PB 0x00000000e0b00000| Untracked 
|  12|0x00000000e0c00000, 0x00000000e0d00000, 0x00000000e0d00000|100%|HS|  |TAMS 0x00000000e0c00000| PB 0x00000000e0c00000| Complete 
|  13|0x00000000e0d00000, 0x00000000e0e00000, 0x00000000e0e00000|100%| O|  |TAMS 0x00000000e0d00000| PB 0x00000000e0d00000| Untracked 
|  14|0x00000000e0e00000, 0x00000000e0f00000, 0x00000000e0f00000|100%| O|  |TAMS 0x00000000e0e00000| PB 0x00000000e0e00000| Untracked 
|  15|0x00000000e0f00000, 0x00000000e1000000, 0x00000000e1000000|100%| O|  |TAMS 0x00000000e0f00000| PB 0x00000000e0f00000| Untracked 
|  16|0x00000000e1000000, 0x00000000e1100000, 0x00000000e1100000|100%| O|  |TAMS 0x00000000e1000000| PB 0x00000000e1000000| Untracked 
|  17|0x00000000e1100000, 0x00000000e1200000, 0x00000000e1200000|100%| O|  |TAMS 0x00000000e1100000| PB 0x00000000e1100000| Untracked 
|  18|0x00000000e1200000, 0x00000000e1300000, 0x00000000e1300000|100%| O|  |TAMS 0x00000000e1200000| PB 0x00000000e1200000| Untracked 
|  19|0x00000000e1300000, 0x00000000e1400000, 0x00000000e1400000|100%| O|  |TAMS 0x00000000e1300000| PB 0x00000000e1300000| Untracked 
|  20|0x00000000e1400000, 0x00000000e1500000, 0x00000000e1500000|100%| O|  |TAMS 0x00000000e1400000| PB 0x00000000e1400000| Untracked 
|  21|0x00000000e1500000, 0x00000000e15c1058, 0x00000000e1600000| 75%| O|  |TAMS 0x00000000e1500000| PB 0x00000000e1500000| Untracked 
|  22|0x00000000e1600000, 0x00000000e1600000, 0x00000000e1700000|  0%| F|  |TAMS 0x00000000e1600000| PB 0x00000000e1600000| Untracked 
|  23|0x00000000e1700000, 0x00000000e1700000, 0x00000000e1800000|  0%| F|  |TAMS 0x00000000e1700000| PB 0x00000000e1700000| Untracked 
|  24|0x00000000e1800000, 0x00000000e1800000, 0x00000000e1900000|  0%| F|  |TAMS 0x00000000e1800000| PB 0x00000000e1800000| Untracked 
|  25|0x00000000e1900000, 0x00000000e1900000, 0x00000000e1a00000|  0%| F|  |TAMS 0x00000000e1900000| PB 0x00000000e1900000| Untracked 
|  26|0x00000000e1a00000, 0x00000000e1a00000, 0x00000000e1b00000|  0%| F|  |TAMS 0x00000000e1a00000| PB 0x00000000e1a00000| Untracked 
|  27|0x00000000e1b00000, 0x00000000e1b00000, 0x00000000e1c00000|  0%| F|  |TAMS 0x00000000e1b00000| PB 0x00000000e1b00000| Untracked 
|  28|0x00000000e1c00000, 0x00000000e1c00000, 0x00000000e1d00000|  0%| F|  |TAMS 0x00000000e1c00000| PB 0x00000000e1c00000| Untracked 
|  29|0x00000000e1d00000, 0x00000000e1d00000, 0x00000000e1e00000|  0%| F|  |TAMS 0x00000000e1d00000| PB 0x00000000e1d00000| Untracked 
|  30|0x00000000e1e00000, 0x00000000e1e00000, 0x00000000e1f00000|  0%| F|  |TAMS 0x00000000e1e00000| PB 0x00000000e1e00000| Untracked 
|  31|0x00000000e1f00000, 0x00000000e1f00000, 0x00000000e2000000|  0%| F|  |TAMS 0x00000000e1f00000| PB 0x00000000e1f00000| Untracked 
|  32|0x00000000e2000000, 0x00000000e2000000, 0x00000000e2100000|  0%| F|  |TAMS 0x00000000e2000000| PB 0x00000000e2000000| Untracked 
|  33|0x00000000e2100000, 0x00000000e2100000, 0x00000000e2200000|  0%| F|  |TAMS 0x00000000e2100000| PB 0x00000000e2100000| Untracked 
|  34|0x00000000e2200000, 0x00000000e2200000, 0x00000000e2300000|  0%| F|  |TAMS 0x00000000e2200000| PB 0x00000000e2200000| Untracked 
|  35|0x00000000e2300000, 0x00000000e2300000, 0x00000000e2400000|  0%| F|  |TAMS 0x00000000e2300000| PB 0x00000000e2300000| Untracked 
|  36|0x00000000e2400000, 0x00000000e2400000, 0x00000000e2500000|  0%| F|  |TAMS 0x00000000e2400000| PB 0x00000000e2400000| Untracked 
|  37|0x00000000e2500000, 0x00000000e2500000, 0x00000000e2600000|  0%| F|  |TAMS 0x00000000e2500000| PB 0x00000000e2500000| Untracked 
|  38|0x00000000e2600000, 0x00000000e2600000, 0x00000000e2700000|  0%| F|  |TAMS 0x00000000e2600000| PB 0x00000000e2600000| Untracked 
|  39|0x00000000e2700000, 0x00000000e2700000, 0x00000000e2800000|  0%| F|  |TAMS 0x00000000e2700000| PB 0x00000000e2700000| Untracked 
|  40|0x00000000e2800000, 0x00000000e2800000, 0x00000000e2900000|  0%| F|  |TAMS 0x00000000e2800000| PB 0x00000000e2800000| Untracked 
|  41|0x00000000e2900000, 0x00000000e2900000, 0x00000000e2a00000|  0%| F|  |TAMS 0x00000000e2900000| PB 0x00000000e2900000| Untracked 
|  42|0x00000000e2a00000, 0x00000000e2a00000, 0x00000000e2b00000|  0%| F|  |TAMS 0x00000000e2a00000| PB 0x00000000e2a00000| Untracked 
|  43|0x00000000e2b00000, 0x00000000e2b00000, 0x00000000e2c00000|  0%| F|  |TAMS 0x00000000e2b00000| PB 0x00000000e2b00000| Untracked 
|  44|0x00000000e2c00000, 0x00000000e2c00000, 0x00000000e2d00000|  0%| F|  |TAMS 0x00000000e2c00000| PB 0x00000000e2c00000| Untracked 
|  45|0x00000000e2d00000, 0x00000000e2d00000, 0x00000000e2e00000|  0%| F|  |TAMS 0x00000000e2d00000| PB 0x00000000e2d00000| Untracked 
|  46|0x00000000e2e00000, 0x00000000e2e00000, 0x00000000e2f00000|  0%| F|  |TAMS 0x00000000e2e00000| PB 0x00000000e2e00000| Untracked 
|  47|0x00000000e2f00000, 0x00000000e2f00000, 0x00000000e3000000|  0%| F|  |TAMS 0x00000000e2f00000| PB 0x00000000e2f00000| Untracked 
|  48|0x00000000e3000000, 0x00000000e3000000, 0x00000000e3100000|  0%| F|  |TAMS 0x00000000e3000000| PB 0x00000000e3000000| Untracked 
|  49|0x00000000e3100000, 0x00000000e3100000, 0x00000000e3200000|  0%| F|  |TAMS 0x00000000e3100000| PB 0x00000000e3100000| Untracked 
|  50|0x00000000e3200000, 0x00000000e3200000, 0x00000000e3300000|  0%| F|  |TAMS 0x00000000e3200000| PB 0x00000000e3200000| Untracked 
|  51|0x00000000e3300000, 0x00000000e3300000, 0x00000000e3400000|  0%| F|  |TAMS 0x00000000e3300000| PB 0x00000000e3300000| Untracked 
|  52|0x00000000e3400000, 0x00000000e3400000, 0x00000000e3500000|  0%| F|  |TAMS 0x00000000e3400000| PB 0x00000000e3400000| Untracked 
|  53|0x00000000e3500000, 0x00000000e3500000, 0x00000000e3600000|  0%| F|  |TAMS 0x00000000e3500000| PB 0x00000000e3500000| Untracked 
|  54|0x00000000e3600000, 0x00000000e3600000, 0x00000000e3700000|  0%| F|  |TAMS 0x00000000e3600000| PB 0x00000000e3600000| Untracked 
|  55|0x00000000e3700000, 0x00000000e3700000, 0x00000000e3800000|  0%| F|  |TAMS 0x00000000e3700000| PB 0x00000000e3700000| Untracked 
|  56|0x00000000e3800000, 0x00000000e3800000, 0x00000000e3900000|  0%| F|  |TAMS 0x00000000e3800000| PB 0x00000000e3800000| Untracked 
|  57|0x00000000e3900000, 0x00000000e3900000, 0x00000000e3a00000|  0%| F|  |TAMS 0x00000000e3900000| PB 0x00000000e3900000| Untracked 
|  58|0x00000000e3a00000, 0x00000000e3a00000, 0x00000000e3b00000|  0%| F|  |TAMS 0x00000000e3a00000| PB 0x00000000e3a00000| Untracked 
|  59|0x00000000e3b00000, 0x00000000e3b00000, 0x00000000e3c00000|  0%| F|  |TAMS 0x00000000e3b00000| PB 0x00000000e3b00000| Untracked 
|  60|0x00000000e3c00000, 0x00000000e3c00000, 0x00000000e3d00000|  0%| F|  |TAMS 0x00000000e3c00000| PB 0x00000000e3c00000| Untracked 
|  61|0x00000000e3d00000, 0x00000000e3d00000, 0x00000000e3e00000|  0%| F|  |TAMS 0x00000000e3d00000| PB 0x00000000e3d00000| Untracked 
|  62|0x00000000e3e00000, 0x00000000e3e00000, 0x00000000e3f00000|  0%| F|  |TAMS 0x00000000e3e00000| PB 0x00000000e3e00000| Untracked 
|  63|0x00000000e3f00000, 0x00000000e3f00000, 0x00000000e4000000|  0%| F|  |TAMS 0x00000000e3f00000| PB 0x00000000e3f00000| Untracked 
|  64|0x00000000e4000000, 0x00000000e4000000, 0x00000000e4100000|  0%| F|  |TAMS 0x00000000e4000000| PB 0x00000000e4000000| Untracked 
|  65|0x00000000e4100000, 0x00000000e4100000, 0x00000000e4200000|  0%| F|  |TAMS 0x00000000e4100000| PB 0x00000000e4100000| Untracked 
|  66|0x00000000e4200000, 0x00000000e4200000, 0x00000000e4300000|  0%| F|  |TAMS 0x00000000e4200000| PB 0x00000000e4200000| Untracked 
|  67|0x00000000e4300000, 0x00000000e4300000, 0x00000000e4400000|  0%| F|  |TAMS 0x00000000e4300000| PB 0x00000000e4300000| Untracked 
|  68|0x00000000e4400000, 0x00000000e4400000, 0x00000000e4500000|  0%| F|  |TAMS 0x00000000e4400000| PB 0x00000000e4400000| Untracked 
|  69|0x00000000e4500000, 0x00000000e4500000, 0x00000000e4600000|  0%| F|  |TAMS 0x00000000e4500000| PB 0x00000000e4500000| Untracked 
|  70|0x00000000e4600000, 0x00000000e4600000, 0x00000000e4700000|  0%| F|  |TAMS 0x00000000e4600000| PB 0x00000000e4600000| Untracked 
|  71|0x00000000e4700000, 0x00000000e4700000, 0x00000000e4800000|  0%| F|  |TAMS 0x00000000e4700000| PB 0x00000000e4700000| Untracked 
|  72|0x00000000e4800000, 0x00000000e4800000, 0x00000000e4900000|  0%| F|  |TAMS 0x00000000e4800000| PB 0x00000000e4800000| Untracked 
|  73|0x00000000e4900000, 0x00000000e4900000, 0x00000000e4a00000|  0%| F|  |TAMS 0x00000000e4900000| PB 0x00000000e4900000| Untracked 
|  74|0x00000000e4a00000, 0x00000000e4a00000, 0x00000000e4b00000|  0%| F|  |TAMS 0x00000000e4a00000| PB 0x00000000e4a00000| Untracked 
|  75|0x00000000e4b00000, 0x00000000e4b00000, 0x00000000e4c00000|  0%| F|  |TAMS 0x00000000e4b00000| PB 0x00000000e4b00000| Untracked 
|  76|0x00000000e4c00000, 0x00000000e4c00000, 0x00000000e4d00000|  0%| F|  |TAMS 0x00000000e4c00000| PB 0x00000000e4c00000| Untracked 
|  77|0x00000000e4d00000, 0x00000000e4d00000, 0x00000000e4e00000|  0%| F|  |TAMS 0x00000000e4d00000| PB 0x00000000e4d00000| Untracked 
|  78|0x00000000e4e00000, 0x00000000e4e00000, 0x00000000e4f00000|  0%| F|  |TAMS 0x00000000e4e00000| PB 0x00000000e4e00000| Untracked 
|  79|0x00000000e4f00000, 0x00000000e4f00000, 0x00000000e5000000|  0%| F|  |TAMS 0x00000000e4f00000| PB 0x00000000e4f00000| Untracked 
|  80|0x00000000e5000000, 0x00000000e5000000, 0x00000000e5100000|  0%| F|  |TAMS 0x00000000e5000000| PB 0x00000000e5000000| Untracked 
|  81|0x00000000e5100000, 0x00000000e5100000, 0x00000000e5200000|  0%| F|  |TAMS 0x00000000e5100000| PB 0x00000000e5100000| Untracked 
|  82|0x00000000e5200000, 0x00000000e5200000, 0x00000000e5300000|  0%| F|  |TAMS 0x00000000e5200000| PB 0x00000000e5200000| Untracked 
|  83|0x00000000e5300000, 0x00000000e5300000, 0x00000000e5400000|  0%| F|  |TAMS 0x00000000e5300000| PB 0x00000000e5300000| Untracked 
|  84|0x00000000e5400000, 0x00000000e5400000, 0x00000000e5500000|  0%| F|  |TAMS 0x00000000e5400000| PB 0x00000000e5400000| Untracked 
|  85|0x00000000e5500000, 0x00000000e5500000, 0x00000000e5600000|  0%| F|  |TAMS 0x00000000e5500000| PB 0x00000000e5500000| Untracked 
|  86|0x00000000e5600000, 0x00000000e5600000, 0x00000000e5700000|  0%| F|  |TAMS 0x00000000e5600000| PB 0x00000000e5600000| Untracked 
|  87|0x00000000e5700000, 0x00000000e5700000, 0x00000000e5800000|  0%| F|  |TAMS 0x00000000e5700000| PB 0x00000000e5700000| Untracked 
|  88|0x00000000e5800000, 0x00000000e5800000, 0x00000000e5900000|  0%| F|  |TAMS 0x00000000e5800000| PB 0x00000000e5800000| Untracked 
|  89|0x00000000e5900000, 0x00000000e5900000, 0x00000000e5a00000|  0%| F|  |TAMS 0x00000000e5900000| PB 0x00000000e5900000| Untracked 
|  90|0x00000000e5a00000, 0x00000000e5a00000, 0x00000000e5b00000|  0%| F|  |TAMS 0x00000000e5a00000| PB 0x00000000e5a00000| Untracked 
|  91|0x00000000e5b00000, 0x00000000e5b00000, 0x00000000e5c00000|  0%| F|  |TAMS 0x00000000e5b00000| PB 0x00000000e5b00000| Untracked 
|  92|0x00000000e5c00000, 0x00000000e5c00000, 0x00000000e5d00000|  0%| F|  |TAMS 0x00000000e5c00000| PB 0x00000000e5c00000| Untracked 
|  93|0x00000000e5d00000, 0x00000000e5d00000, 0x00000000e5e00000|  0%| F|  |TAMS 0x00000000e5d00000| PB 0x00000000e5d00000| Untracked 
|  94|0x00000000e5e00000, 0x00000000e5e00000, 0x00000000e5f00000|  0%| F|  |TAMS 0x00000000e5e00000| PB 0x00000000e5e00000| Untracked 
|  95|0x00000000e5f00000, 0x00000000e5f00000, 0x00000000e6000000|  0%| F|  |TAMS 0x00000000e5f00000| PB 0x00000000e5f00000| Untracked 
|  96|0x00000000e6000000, 0x00000000e6000000, 0x00000000e6100000|  0%| F|  |TAMS 0x00000000e6000000| PB 0x00000000e6000000| Untracked 
|  97|0x00000000e6100000, 0x00000000e6100000, 0x00000000e6200000|  0%| F|  |TAMS 0x00000000e6100000| PB 0x00000000e6100000| Untracked 
|  98|0x00000000e6200000, 0x00000000e6200000, 0x00000000e6300000|  0%| F|  |TAMS 0x00000000e6200000| PB 0x00000000e6200000| Untracked 
|  99|0x00000000e6300000, 0x00000000e6300000, 0x00000000e6400000|  0%| F|  |TAMS 0x00000000e6300000| PB 0x00000000e6300000| Untracked 
| 100|0x00000000e6400000, 0x00000000e6400000, 0x00000000e6500000|  0%| F|  |TAMS 0x00000000e6400000| PB 0x00000000e6400000| Untracked 
| 101|0x00000000e6500000, 0x00000000e6500000, 0x00000000e6600000|  0%| F|  |TAMS 0x00000000e6500000| PB 0x00000000e6500000| Untracked 
| 102|0x00000000e6600000, 0x00000000e6600000, 0x00000000e6700000|  0%| F|  |TAMS 0x00000000e6600000| PB 0x00000000e6600000| Untracked 
| 103|0x00000000e6700000, 0x00000000e6700000, 0x00000000e6800000|  0%| F|  |TAMS 0x00000000e6700000| PB 0x00000000e6700000| Untracked 
| 104|0x00000000e6800000, 0x00000000e6800000, 0x00000000e6900000|  0%| F|  |TAMS 0x00000000e6800000| PB 0x00000000e6800000| Untracked 
| 105|0x00000000e6900000, 0x00000000e6900000, 0x00000000e6a00000|  0%| F|  |TAMS 0x00000000e6900000| PB 0x00000000e6900000| Untracked 
| 106|0x00000000e6a00000, 0x00000000e6a00000, 0x00000000e6b00000|  0%| F|  |TAMS 0x00000000e6a00000| PB 0x00000000e6a00000| Untracked 
| 107|0x00000000e6b00000, 0x00000000e6b00000, 0x00000000e6c00000|  0%| F|  |TAMS 0x00000000e6b00000| PB 0x00000000e6b00000| Untracked 
| 108|0x00000000e6c00000, 0x00000000e6c00000, 0x00000000e6d00000|  0%| F|  |TAMS 0x00000000e6c00000| PB 0x00000000e6c00000| Untracked 
| 109|0x00000000e6d00000, 0x00000000e6d00000, 0x00000000e6e00000|  0%| F|  |TAMS 0x00000000e6d00000| PB 0x00000000e6d00000| Untracked 
| 110|0x00000000e6e00000, 0x00000000e6e00000, 0x00000000e6f00000|  0%| F|  |TAMS 0x00000000e6e00000| PB 0x00000000e6e00000| Untracked 
| 111|0x00000000e6f00000, 0x00000000e6f00000, 0x00000000e7000000|  0%| F|  |TAMS 0x00000000e6f00000| PB 0x00000000e6f00000| Untracked 
| 112|0x00000000e7000000, 0x00000000e7000000, 0x00000000e7100000|  0%| F|  |TAMS 0x00000000e7000000| PB 0x00000000e7000000| Untracked 
| 113|0x00000000e7100000, 0x00000000e7100000, 0x00000000e7200000|  0%| F|  |TAMS 0x00000000e7100000| PB 0x00000000e7100000| Untracked 
| 114|0x00000000e7200000, 0x00000000e7200000, 0x00000000e7300000|  0%| F|  |TAMS 0x00000000e7200000| PB 0x00000000e7200000| Untracked 
| 115|0x00000000e7300000, 0x00000000e7300000, 0x00000000e7400000|  0%| F|  |TAMS 0x00000000e7300000| PB 0x00000000e7300000| Untracked 
| 116|0x00000000e7400000, 0x00000000e7400000, 0x00000000e7500000|  0%| F|  |TAMS 0x00000000e7400000| PB 0x00000000e7400000| Untracked 
| 117|0x00000000e7500000, 0x00000000e7500000, 0x00000000e7600000|  0%| F|  |TAMS 0x00000000e7500000| PB 0x00000000e7500000| Untracked 
| 118|0x00000000e7600000, 0x00000000e7600000, 0x00000000e7700000|  0%| F|  |TAMS 0x00000000e7600000| PB 0x00000000e7600000| Untracked 
| 119|0x00000000e7700000, 0x00000000e7700000, 0x00000000e7800000|  0%| F|  |TAMS 0x00000000e7700000| PB 0x00000000e7700000| Untracked 
| 120|0x00000000e7800000, 0x00000000e7800000, 0x00000000e7900000|  0%| F|  |TAMS 0x00000000e7800000| PB 0x00000000e7800000| Untracked 
| 121|0x00000000e7900000, 0x00000000e7900000, 0x00000000e7a00000|  0%| F|  |TAMS 0x00000000e7900000| PB 0x00000000e7900000| Untracked 
| 122|0x00000000e7a00000, 0x00000000e7a00000, 0x00000000e7b00000|  0%| F|  |TAMS 0x00000000e7a00000| PB 0x00000000e7a00000| Untracked 
| 123|0x00000000e7b00000, 0x00000000e7b00000, 0x00000000e7c00000|  0%| F|  |TAMS 0x00000000e7b00000| PB 0x00000000e7b00000| Untracked 
| 124|0x00000000e7c00000, 0x00000000e7c00000, 0x00000000e7d00000|  0%| F|  |TAMS 0x00000000e7c00000| PB 0x00000000e7c00000| Untracked 
| 125|0x00000000e7d00000, 0x00000000e7d00000, 0x00000000e7e00000|  0%| F|  |TAMS 0x00000000e7d00000| PB 0x00000000e7d00000| Untracked 
| 126|0x00000000e7e00000, 0x00000000e7e00000, 0x00000000e7f00000|  0%| F|  |TAMS 0x00000000e7e00000| PB 0x00000000e7e00000| Untracked 
| 127|0x00000000e7f00000, 0x00000000e7f00000, 0x00000000e8000000|  0%| F|  |TAMS 0x00000000e7f00000| PB 0x00000000e7f00000| Untracked 
| 128|0x00000000e8000000, 0x00000000e8000000, 0x00000000e8100000|  0%| F|  |TAMS 0x00000000e8000000| PB 0x00000000e8000000| Untracked 
| 129|0x00000000e8100000, 0x00000000e8100000, 0x00000000e8200000|  0%| F|  |TAMS 0x00000000e8100000| PB 0x00000000e8100000| Untracked 
| 130|0x00000000e8200000, 0x00000000e8200000, 0x00000000e8300000|  0%| F|  |TAMS 0x00000000e8200000| PB 0x00000000e8200000| Untracked 
| 131|0x00000000e8300000, 0x00000000e8300000, 0x00000000e8400000|  0%| F|  |TAMS 0x00000000e8300000| PB 0x00000000e8300000| Untracked 
| 132|0x00000000e8400000, 0x00000000e8400000, 0x00000000e8500000|  0%| F|  |TAMS 0x00000000e8400000| PB 0x00000000e8400000| Untracked 
| 133|0x00000000e8500000, 0x00000000e8500000, 0x00000000e8600000|  0%| F|  |TAMS 0x00000000e8500000| PB 0x00000000e8500000| Untracked 
| 134|0x00000000e8600000, 0x00000000e8600000, 0x00000000e8700000|  0%| F|  |TAMS 0x00000000e8600000| PB 0x00000000e8600000| Untracked 
| 135|0x00000000e8700000, 0x00000000e8700000, 0x00000000e8800000|  0%| F|  |TAMS 0x00000000e8700000| PB 0x00000000e8700000| Untracked 
| 136|0x00000000e8800000, 0x00000000e8800000, 0x00000000e8900000|  0%| F|  |TAMS 0x00000000e8800000| PB 0x00000000e8800000| Untracked 
| 137|0x00000000e8900000, 0x00000000e8900000, 0x00000000e8a00000|  0%| F|  |TAMS 0x00000000e8900000| PB 0x00000000e8900000| Untracked 
| 138|0x00000000e8a00000, 0x00000000e8a00000, 0x00000000e8b00000|  0%| F|  |TAMS 0x00000000e8a00000| PB 0x00000000e8a00000| Untracked 
| 139|0x00000000e8b00000, 0x00000000e8b00000, 0x00000000e8c00000|  0%| F|  |TAMS 0x00000000e8b00000| PB 0x00000000e8b00000| Untracked 
| 140|0x00000000e8c00000, 0x00000000e8c00000, 0x00000000e8d00000|  0%| F|  |TAMS 0x00000000e8c00000| PB 0x00000000e8c00000| Untracked 
| 141|0x00000000e8d00000, 0x00000000e8d00000, 0x00000000e8e00000|  0%| F|  |TAMS 0x00000000e8d00000| PB 0x00000000e8d00000| Untracked 
| 142|0x00000000e8e00000, 0x00000000e8e00000, 0x00000000e8f00000|  0%| F|  |TAMS 0x00000000e8e00000| PB 0x00000000e8e00000| Untracked 
| 143|0x00000000e8f00000, 0x00000000e8f00000, 0x00000000e9000000|  0%| F|  |TAMS 0x00000000e8f00000| PB 0x00000000e8f00000| Untracked 
| 144|0x00000000e9000000, 0x00000000e9000000, 0x00000000e9100000|  0%| F|  |TAMS 0x00000000e9000000| PB 0x00000000e9000000| Untracked 
| 145|0x00000000e9100000, 0x00000000e9100000, 0x00000000e9200000|  0%| F|  |TAMS 0x00000000e9100000| PB 0x00000000e9100000| Untracked 
| 146|0x00000000e9200000, 0x00000000e9200000, 0x00000000e9300000|  0%| F|  |TAMS 0x00000000e9200000| PB 0x00000000e9200000| Untracked 
| 147|0x00000000e9300000, 0x00000000e9300000, 0x00000000e9400000|  0%| F|  |TAMS 0x00000000e9300000| PB 0x00000000e9300000| Untracked 
| 148|0x00000000e9400000, 0x00000000e9400000, 0x00000000e9500000|  0%| F|  |TAMS 0x00000000e9400000| PB 0x00000000e9400000| Untracked 
| 149|0x00000000e9500000, 0x00000000e9500000, 0x00000000e9600000|  0%| F|  |TAMS 0x00000000e9500000| PB 0x00000000e9500000| Untracked 
| 150|0x00000000e9600000, 0x00000000e9600000, 0x00000000e9700000|  0%| F|  |TAMS 0x00000000e9600000| PB 0x00000000e9600000| Untracked 
| 151|0x00000000e9700000, 0x00000000e9700000, 0x00000000e9800000|  0%| F|  |TAMS 0x00000000e9700000| PB 0x00000000e9700000| Untracked 
| 152|0x00000000e9800000, 0x00000000e9800000, 0x00000000e9900000|  0%| F|  |TAMS 0x00000000e9800000| PB 0x00000000e9800000| Untracked 
| 153|0x00000000e9900000, 0x00000000e9900000, 0x00000000e9a00000|  0%| F|  |TAMS 0x00000000e9900000| PB 0x00000000e9900000| Untracked 
| 154|0x00000000e9a00000, 0x00000000e9a00000, 0x00000000e9b00000|  0%| F|  |TAMS 0x00000000e9a00000| PB 0x00000000e9a00000| Untracked 
| 155|0x00000000e9b00000, 0x00000000e9b00000, 0x00000000e9c00000|  0%| F|  |TAMS 0x00000000e9b00000| PB 0x00000000e9b00000| Untracked 
| 156|0x00000000e9c00000, 0x00000000e9c00000, 0x00000000e9d00000|  0%| F|  |TAMS 0x00000000e9c00000| PB 0x00000000e9c00000| Untracked 
| 157|0x00000000e9d00000, 0x00000000e9d00000, 0x00000000e9e00000|  0%| F|  |TAMS 0x00000000e9d00000| PB 0x00000000e9d00000| Untracked 
| 158|0x00000000e9e00000, 0x00000000e9e00000, 0x00000000e9f00000|  0%| F|  |TAMS 0x00000000e9e00000| PB 0x00000000e9e00000| Untracked 
| 159|0x00000000e9f00000, 0x00000000e9f00000, 0x00000000ea000000|  0%| F|  |TAMS 0x00000000e9f00000| PB 0x00000000e9f00000| Untracked 
| 160|0x00000000ea000000, 0x00000000ea000000, 0x00000000ea100000|  0%| F|  |TAMS 0x00000000ea000000| PB 0x00000000ea000000| Untracked 
| 161|0x00000000ea100000, 0x00000000ea100000, 0x00000000ea200000|  0%| F|  |TAMS 0x00000000ea100000| PB 0x00000000ea100000| Untracked 
| 162|0x00000000ea200000, 0x00000000ea200000, 0x00000000ea300000|  0%| F|  |TAMS 0x00000000ea200000| PB 0x00000000ea200000| Untracked 
| 163|0x00000000ea300000, 0x00000000ea300000, 0x00000000ea400000|  0%| F|  |TAMS 0x00000000ea300000| PB 0x00000000ea300000| Untracked 
| 164|0x00000000ea400000, 0x00000000ea400000, 0x00000000ea500000|  0%| F|  |TAMS 0x00000000ea400000| PB 0x00000000ea400000| Untracked 
| 165|0x00000000ea500000, 0x00000000ea500000, 0x00000000ea600000|  0%| F|  |TAMS 0x00000000ea500000| PB 0x00000000ea500000| Untracked 
| 166|0x00000000ea600000, 0x00000000ea600000, 0x00000000ea700000|  0%| F|  |TAMS 0x00000000ea600000| PB 0x00000000ea600000| Untracked 
| 167|0x00000000ea700000, 0x00000000ea700000, 0x00000000ea800000|  0%| F|  |TAMS 0x00000000ea700000| PB 0x00000000ea700000| Untracked 
| 168|0x00000000ea800000, 0x00000000ea800000, 0x00000000ea900000|  0%| F|  |TAMS 0x00000000ea800000| PB 0x00000000ea800000| Untracked 
| 169|0x00000000ea900000, 0x00000000ea900000, 0x00000000eaa00000|  0%| F|  |TAMS 0x00000000ea900000| PB 0x00000000ea900000| Untracked 
| 170|0x00000000eaa00000, 0x00000000eaa00000, 0x00000000eab00000|  0%| F|  |TAMS 0x00000000eaa00000| PB 0x00000000eaa00000| Untracked 
| 171|0x00000000eab00000, 0x00000000eab00000, 0x00000000eac00000|  0%| F|  |TAMS 0x00000000eab00000| PB 0x00000000eab00000| Untracked 
| 172|0x00000000eac00000, 0x00000000eac00000, 0x00000000ead00000|  0%| F|  |TAMS 0x00000000eac00000| PB 0x00000000eac00000| Untracked 
| 173|0x00000000ead00000, 0x00000000ead00000, 0x00000000eae00000|  0%| F|  |TAMS 0x00000000ead00000| PB 0x00000000ead00000| Untracked 
| 174|0x00000000eae00000, 0x00000000eae00000, 0x00000000eaf00000|  0%| F|  |TAMS 0x00000000eae00000| PB 0x00000000eae00000| Untracked 
| 175|0x00000000eaf00000, 0x00000000eaf00000, 0x00000000eb000000|  0%| F|  |TAMS 0x00000000eaf00000| PB 0x00000000eaf00000| Untracked 
| 176|0x00000000eb000000, 0x00000000eb000000, 0x00000000eb100000|  0%| F|  |TAMS 0x00000000eb000000| PB 0x00000000eb000000| Untracked 
| 177|0x00000000eb100000, 0x00000000eb100000, 0x00000000eb200000|  0%| F|  |TAMS 0x00000000eb100000| PB 0x00000000eb100000| Untracked 
| 178|0x00000000eb200000, 0x00000000eb200000, 0x00000000eb300000|  0%| F|  |TAMS 0x00000000eb200000| PB 0x00000000eb200000| Untracked 
| 179|0x00000000eb300000, 0x00000000eb300000, 0x00000000eb400000|  0%| F|  |TAMS 0x00000000eb300000| PB 0x00000000eb300000| Untracked 
| 180|0x00000000eb400000, 0x00000000eb400000, 0x00000000eb500000|  0%| F|  |TAMS 0x00000000eb400000| PB 0x00000000eb400000| Untracked 
| 181|0x00000000eb500000, 0x00000000eb500000, 0x00000000eb600000|  0%| F|  |TAMS 0x00000000eb500000| PB 0x00000000eb500000| Untracked 
| 182|0x00000000eb600000, 0x00000000eb600000, 0x00000000eb700000|  0%| F|  |TAMS 0x00000000eb600000| PB 0x00000000eb600000| Untracked 
| 183|0x00000000eb700000, 0x00000000eb700000, 0x00000000eb800000|  0%| F|  |TAMS 0x00000000eb700000| PB 0x00000000eb700000| Untracked 
| 184|0x00000000eb800000, 0x00000000eb800000, 0x00000000eb900000|  0%| F|  |TAMS 0x00000000eb800000| PB 0x00000000eb800000| Untracked 
| 185|0x00000000eb900000, 0x00000000eb900000, 0x00000000eba00000|  0%| F|  |TAMS 0x00000000eb900000| PB 0x00000000eb900000| Untracked 
| 186|0x00000000eba00000, 0x00000000eba00000, 0x00000000ebb00000|  0%| F|  |TAMS 0x00000000eba00000| PB 0x00000000eba00000| Untracked 
| 187|0x00000000ebb00000, 0x00000000ebb00000, 0x00000000ebc00000|  0%| F|  |TAMS 0x00000000ebb00000| PB 0x00000000ebb00000| Untracked 
| 188|0x00000000ebc00000, 0x00000000ebc00000, 0x00000000ebd00000|  0%| F|  |TAMS 0x00000000ebc00000| PB 0x00000000ebc00000| Untracked 
| 189|0x00000000ebd00000, 0x00000000ebd00000, 0x00000000ebe00000|  0%| F|  |TAMS 0x00000000ebd00000| PB 0x00000000ebd00000| Untracked 
| 190|0x00000000ebe00000, 0x00000000ebe00000, 0x00000000ebf00000|  0%| F|  |TAMS 0x00000000ebe00000| PB 0x00000000ebe00000| Untracked 
| 191|0x00000000ebf00000, 0x00000000ebf00000, 0x00000000ec000000|  0%| F|  |TAMS 0x00000000ebf00000| PB 0x00000000ebf00000| Untracked 
| 192|0x00000000ec000000, 0x00000000ec000000, 0x00000000ec100000|  0%| F|  |TAMS 0x00000000ec000000| PB 0x00000000ec000000| Untracked 
| 193|0x00000000ec100000, 0x00000000ec100000, 0x00000000ec200000|  0%| F|  |TAMS 0x00000000ec100000| PB 0x00000000ec100000| Untracked 
| 194|0x00000000ec200000, 0x00000000ec200000, 0x00000000ec300000|  0%| F|  |TAMS 0x00000000ec200000| PB 0x00000000ec200000| Untracked 
| 195|0x00000000ec300000, 0x00000000ec300000, 0x00000000ec400000|  0%| F|  |TAMS 0x00000000ec300000| PB 0x00000000ec300000| Untracked 
| 196|0x00000000ec400000, 0x00000000ec400000, 0x00000000ec500000|  0%| F|  |TAMS 0x00000000ec400000| PB 0x00000000ec400000| Untracked 
| 197|0x00000000ec500000, 0x00000000ec500000, 0x00000000ec600000|  0%| F|  |TAMS 0x00000000ec500000| PB 0x00000000ec500000| Untracked 
| 198|0x00000000ec600000, 0x00000000ec600000, 0x00000000ec700000|  0%| F|  |TAMS 0x00000000ec600000| PB 0x00000000ec600000| Untracked 
| 199|0x00000000ec700000, 0x00000000ec700000, 0x00000000ec800000|  0%| F|  |TAMS 0x00000000ec700000| PB 0x00000000ec700000| Untracked 
| 200|0x00000000ec800000, 0x00000000ec800000, 0x00000000ec900000|  0%| F|  |TAMS 0x00000000ec800000| PB 0x00000000ec800000| Untracked 
| 201|0x00000000ec900000, 0x00000000ec900000, 0x00000000eca00000|  0%| F|  |TAMS 0x00000000ec900000| PB 0x00000000ec900000| Untracked 
| 202|0x00000000eca00000, 0x00000000eca00000, 0x00000000ecb00000|  0%| F|  |TAMS 0x00000000eca00000| PB 0x00000000eca00000| Untracked 
| 203|0x00000000ecb00000, 0x00000000ecb00000, 0x00000000ecc00000|  0%| F|  |TAMS 0x00000000ecb00000| PB 0x00000000ecb00000| Untracked 
| 204|0x00000000ecc00000, 0x00000000ecc00000, 0x00000000ecd00000|  0%| F|  |TAMS 0x00000000ecc00000| PB 0x00000000ecc00000| Untracked 
| 205|0x00000000ecd00000, 0x00000000ecd00000, 0x00000000ece00000|  0%| F|  |TAMS 0x00000000ecd00000| PB 0x00000000ecd00000| Untracked 
| 206|0x00000000ece00000, 0x00000000ece00000, 0x00000000ecf00000|  0%| F|  |TAMS 0x00000000ece00000| PB 0x00000000ece00000| Untracked 
| 207|0x00000000ecf00000, 0x00000000ecf00000, 0x00000000ed000000|  0%| F|  |TAMS 0x00000000ecf00000| PB 0x00000000ecf00000| Untracked 
| 208|0x00000000ed000000, 0x00000000ed000000, 0x00000000ed100000|  0%| F|  |TAMS 0x00000000ed000000| PB 0x00000000ed000000| Untracked 
| 209|0x00000000ed100000, 0x00000000ed100000, 0x00000000ed200000|  0%| F|  |TAMS 0x00000000ed100000| PB 0x00000000ed100000| Untracked 
| 210|0x00000000ed200000, 0x00000000ed200000, 0x00000000ed300000|  0%| F|  |TAMS 0x00000000ed200000| PB 0x00000000ed200000| Untracked 
| 211|0x00000000ed300000, 0x00000000ed300000, 0x00000000ed400000|  0%| F|  |TAMS 0x00000000ed300000| PB 0x00000000ed300000| Untracked 
| 212|0x00000000ed400000, 0x00000000ed400000, 0x00000000ed500000|  0%| F|  |TAMS 0x00000000ed400000| PB 0x00000000ed400000| Untracked 
| 213|0x00000000ed500000, 0x00000000ed500000, 0x00000000ed600000|  0%| F|  |TAMS 0x00000000ed500000| PB 0x00000000ed500000| Untracked 
| 214|0x00000000ed600000, 0x00000000ed600000, 0x00000000ed700000|  0%| F|  |TAMS 0x00000000ed600000| PB 0x00000000ed600000| Untracked 
| 215|0x00000000ed700000, 0x00000000ed700000, 0x00000000ed800000|  0%| F|  |TAMS 0x00000000ed700000| PB 0x00000000ed700000| Untracked 
| 216|0x00000000ed800000, 0x00000000ed800000, 0x00000000ed900000|  0%| F|  |TAMS 0x00000000ed800000| PB 0x00000000ed800000| Untracked 
| 217|0x00000000ed900000, 0x00000000ed900000, 0x00000000eda00000|  0%| F|  |TAMS 0x00000000ed900000| PB 0x00000000ed900000| Untracked 
| 218|0x00000000eda00000, 0x00000000eda00000, 0x00000000edb00000|  0%| F|  |TAMS 0x00000000eda00000| PB 0x00000000eda00000| Untracked 
| 219|0x00000000edb00000, 0x00000000edb00000, 0x00000000edc00000|  0%| F|  |TAMS 0x00000000edb00000| PB 0x00000000edb00000| Untracked 
| 220|0x00000000edc00000, 0x00000000edc00000, 0x00000000edd00000|  0%| F|  |TAMS 0x00000000edc00000| PB 0x00000000edc00000| Untracked 
| 221|0x00000000edd00000, 0x00000000edd00000, 0x00000000ede00000|  0%| F|  |TAMS 0x00000000edd00000| PB 0x00000000edd00000| Untracked 
| 222|0x00000000ede00000, 0x00000000ede00000, 0x00000000edf00000|  0%| F|  |TAMS 0x00000000ede00000| PB 0x00000000ede00000| Untracked 
| 223|0x00000000edf00000, 0x00000000edf00000, 0x00000000ee000000|  0%| F|  |TAMS 0x00000000edf00000| PB 0x00000000edf00000| Untracked 
| 224|0x00000000ee000000, 0x00000000ee000000, 0x00000000ee100000|  0%| F|  |TAMS 0x00000000ee000000| PB 0x00000000ee000000| Untracked 
| 225|0x00000000ee100000, 0x00000000ee100000, 0x00000000ee200000|  0%| F|  |TAMS 0x00000000ee100000| PB 0x00000000ee100000| Untracked 
| 226|0x00000000ee200000, 0x00000000ee200000, 0x00000000ee300000|  0%| F|  |TAMS 0x00000000ee200000| PB 0x00000000ee200000| Untracked 
| 227|0x00000000ee300000, 0x00000000ee300000, 0x00000000ee400000|  0%| F|  |TAMS 0x00000000ee300000| PB 0x00000000ee300000| Untracked 
| 228|0x00000000ee400000, 0x00000000ee400000, 0x00000000ee500000|  0%| F|  |TAMS 0x00000000ee400000| PB 0x00000000ee400000| Untracked 
| 229|0x00000000ee500000, 0x00000000ee500000, 0x00000000ee600000|  0%| F|  |TAMS 0x00000000ee500000| PB 0x00000000ee500000| Untracked 
| 230|0x00000000ee600000, 0x00000000ee600000, 0x00000000ee700000|  0%| F|  |TAMS 0x00000000ee600000| PB 0x00000000ee600000| Untracked 
| 231|0x00000000ee700000, 0x00000000ee700000, 0x00000000ee800000|  0%| F|  |TAMS 0x00000000ee700000| PB 0x00000000ee700000| Untracked 
| 232|0x00000000ee800000, 0x00000000ee800000, 0x00000000ee900000|  0%| F|  |TAMS 0x00000000ee800000| PB 0x00000000ee800000| Untracked 
| 233|0x00000000ee900000, 0x00000000ee900000, 0x00000000eea00000|  0%| F|  |TAMS 0x00000000ee900000| PB 0x00000000ee900000| Untracked 
| 234|0x00000000eea00000, 0x00000000eea00000, 0x00000000eeb00000|  0%| F|  |TAMS 0x00000000eea00000| PB 0x00000000eea00000| Untracked 
| 235|0x00000000eeb00000, 0x00000000eeb00000, 0x00000000eec00000|  0%| F|  |TAMS 0x00000000eeb00000| PB 0x00000000eeb00000| Untracked 
| 236|0x00000000eec00000, 0x00000000eec00000, 0x00000000eed00000|  0%| F|  |TAMS 0x00000000eec00000| PB 0x00000000eec00000| Untracked 
| 237|0x00000000eed00000, 0x00000000eed00000, 0x00000000eee00000|  0%| F|  |TAMS 0x00000000eed00000| PB 0x00000000eed00000| Untracked 
| 238|0x00000000eee00000, 0x00000000eee00000, 0x00000000eef00000|  0%| F|  |TAMS 0x00000000eee00000| PB 0x00000000eee00000| Untracked 
| 239|0x00000000eef00000, 0x00000000eef00000, 0x00000000ef000000|  0%| F|  |TAMS 0x00000000eef00000| PB 0x00000000eef00000| Untracked 
| 240|0x00000000ef000000, 0x00000000ef000000, 0x00000000ef100000|  0%| F|  |TAMS 0x00000000ef000000| PB 0x00000000ef000000| Untracked 
| 241|0x00000000ef100000, 0x00000000ef100000, 0x00000000ef200000|  0%| F|  |TAMS 0x00000000ef100000| PB 0x00000000ef100000| Untracked 
| 242|0x00000000ef200000, 0x00000000ef200000, 0x00000000ef300000|  0%| F|  |TAMS 0x00000000ef200000| PB 0x00000000ef200000| Untracked 
| 243|0x00000000ef300000, 0x00000000ef300000, 0x00000000ef400000|  0%| F|  |TAMS 0x00000000ef300000| PB 0x00000000ef300000| Untracked 
| 244|0x00000000ef400000, 0x00000000ef400000, 0x00000000ef500000|  0%| F|  |TAMS 0x00000000ef400000| PB 0x00000000ef400000| Untracked 
| 245|0x00000000ef500000, 0x00000000ef500000, 0x00000000ef600000|  0%| F|  |TAMS 0x00000000ef500000| PB 0x00000000ef500000| Untracked 
| 246|0x00000000ef600000, 0x00000000ef600000, 0x00000000ef700000|  0%| F|  |TAMS 0x00000000ef600000| PB 0x00000000ef600000| Untracked 
| 247|0x00000000ef700000, 0x00000000ef700000, 0x00000000ef800000|  0%| F|  |TAMS 0x00000000ef700000| PB 0x00000000ef700000| Untracked 
| 248|0x00000000ef800000, 0x00000000ef800000, 0x00000000ef900000|  0%| F|  |TAMS 0x00000000ef800000| PB 0x00000000ef800000| Untracked 
| 249|0x00000000ef900000, 0x00000000ef900000, 0x00000000efa00000|  0%| F|  |TAMS 0x00000000ef900000| PB 0x00000000ef900000| Untracked 
| 250|0x00000000efa00000, 0x00000000efa00000, 0x00000000efb00000|  0%| F|  |TAMS 0x00000000efa00000| PB 0x00000000efa00000| Untracked 
| 251|0x00000000efb00000, 0x00000000efb00000, 0x00000000efc00000|  0%| F|  |TAMS 0x00000000efb00000| PB 0x00000000efb00000| Untracked 
| 252|0x00000000efc00000, 0x00000000efc00000, 0x00000000efd00000|  0%| F|  |TAMS 0x00000000efc00000| PB 0x00000000efc00000| Untracked 
| 253|0x00000000efd00000, 0x00000000efd00000, 0x00000000efe00000|  0%| F|  |TAMS 0x00000000efd00000| PB 0x00000000efd00000| Untracked 
| 254|0x00000000efe00000, 0x00000000efe00000, 0x00000000eff00000|  0%| F|  |TAMS 0x00000000efe00000| PB 0x00000000efe00000| Untracked 
| 255|0x00000000eff00000, 0x00000000eff00000, 0x00000000f0000000|  0%| F|  |TAMS 0x00000000eff00000| PB 0x00000000eff00000| Untracked 
| 256|0x00000000f0000000, 0x00000000f0000000, 0x00000000f0100000|  0%| F|  |TAMS 0x00000000f0000000| PB 0x00000000f0000000| Untracked 
| 257|0x00000000f0100000, 0x00000000f0100000, 0x00000000f0200000|  0%| F|  |TAMS 0x00000000f0100000| PB 0x00000000f0100000| Untracked 
| 258|0x00000000f0200000, 0x00000000f0200000, 0x00000000f0300000|  0%| F|  |TAMS 0x00000000f0200000| PB 0x00000000f0200000| Untracked 
| 259|0x00000000f0300000, 0x00000000f0300000, 0x00000000f0400000|  0%| F|  |TAMS 0x00000000f0300000| PB 0x00000000f0300000| Untracked 
| 260|0x00000000f0400000, 0x00000000f0400000, 0x00000000f0500000|  0%| F|  |TAMS 0x00000000f0400000| PB 0x00000000f0400000| Untracked 
| 261|0x00000000f0500000, 0x00000000f0500000, 0x00000000f0600000|  0%| F|  |TAMS 0x00000000f0500000| PB 0x00000000f0500000| Untracked 
| 262|0x00000000f0600000, 0x00000000f0600000, 0x00000000f0700000|  0%| F|  |TAMS 0x00000000f0600000| PB 0x00000000f0600000| Untracked 
| 263|0x00000000f0700000, 0x00000000f0700000, 0x00000000f0800000|  0%| F|  |TAMS 0x00000000f0700000| PB 0x00000000f0700000| Untracked 
| 264|0x00000000f0800000, 0x00000000f0800000, 0x00000000f0900000|  0%| F|  |TAMS 0x00000000f0800000| PB 0x00000000f0800000| Untracked 
| 265|0x00000000f0900000, 0x00000000f0900000, 0x00000000f0a00000|  0%| F|  |TAMS 0x00000000f0900000| PB 0x00000000f0900000| Untracked 
| 266|0x00000000f0a00000, 0x00000000f0a00000, 0x00000000f0b00000|  0%| F|  |TAMS 0x00000000f0a00000| PB 0x00000000f0a00000| Untracked 
| 267|0x00000000f0b00000, 0x00000000f0b00000, 0x00000000f0c00000|  0%| F|  |TAMS 0x00000000f0b00000| PB 0x00000000f0b00000| Untracked 
| 268|0x00000000f0c00000, 0x00000000f0c00000, 0x00000000f0d00000|  0%| F|  |TAMS 0x00000000f0c00000| PB 0x00000000f0c00000| Untracked 
| 269|0x00000000f0d00000, 0x00000000f0d00000, 0x00000000f0e00000|  0%| F|  |TAMS 0x00000000f0d00000| PB 0x00000000f0d00000| Untracked 
| 270|0x00000000f0e00000, 0x00000000f0e00000, 0x00000000f0f00000|  0%| F|  |TAMS 0x00000000f0e00000| PB 0x00000000f0e00000| Untracked 
| 271|0x00000000f0f00000, 0x00000000f0f00000, 0x00000000f1000000|  0%| F|  |TAMS 0x00000000f0f00000| PB 0x00000000f0f00000| Untracked 
| 272|0x00000000f1000000, 0x00000000f1000000, 0x00000000f1100000|  0%| F|  |TAMS 0x00000000f1000000| PB 0x00000000f1000000| Untracked 
| 273|0x00000000f1100000, 0x00000000f1100000, 0x00000000f1200000|  0%| F|  |TAMS 0x00000000f1100000| PB 0x00000000f1100000| Untracked 
| 274|0x00000000f1200000, 0x00000000f1200000, 0x00000000f1300000|  0%| F|  |TAMS 0x00000000f1200000| PB 0x00000000f1200000| Untracked 
| 275|0x00000000f1300000, 0x00000000f1300000, 0x00000000f1400000|  0%| F|  |TAMS 0x00000000f1300000| PB 0x00000000f1300000| Untracked 
| 276|0x00000000f1400000, 0x00000000f1400000, 0x00000000f1500000|  0%| F|  |TAMS 0x00000000f1400000| PB 0x00000000f1400000| Untracked 
| 277|0x00000000f1500000, 0x00000000f1500000, 0x00000000f1600000|  0%| F|  |TAMS 0x00000000f1500000| PB 0x00000000f1500000| Untracked 
| 278|0x00000000f1600000, 0x00000000f1600000, 0x00000000f1700000|  0%| F|  |TAMS 0x00000000f1600000| PB 0x00000000f1600000| Untracked 
| 279|0x00000000f1700000, 0x00000000f1700000, 0x00000000f1800000|  0%| F|  |TAMS 0x00000000f1700000| PB 0x00000000f1700000| Untracked 
| 280|0x00000000f1800000, 0x00000000f1800000, 0x00000000f1900000|  0%| F|  |TAMS 0x00000000f1800000| PB 0x00000000f1800000| Untracked 
| 281|0x00000000f1900000, 0x00000000f1900000, 0x00000000f1a00000|  0%| F|  |TAMS 0x00000000f1900000| PB 0x00000000f1900000| Untracked 
| 282|0x00000000f1a00000, 0x00000000f1a00000, 0x00000000f1b00000|  0%| F|  |TAMS 0x00000000f1a00000| PB 0x00000000f1a00000| Untracked 
| 283|0x00000000f1b00000, 0x00000000f1b00000, 0x00000000f1c00000|  0%| F|  |TAMS 0x00000000f1b00000| PB 0x00000000f1b00000| Untracked 
| 284|0x00000000f1c00000, 0x00000000f1c00000, 0x00000000f1d00000|  0%| F|  |TAMS 0x00000000f1c00000| PB 0x00000000f1c00000| Untracked 
| 285|0x00000000f1d00000, 0x00000000f1d00000, 0x00000000f1e00000|  0%| F|  |TAMS 0x00000000f1d00000| PB 0x00000000f1d00000| Untracked 
| 286|0x00000000f1e00000, 0x00000000f1e00000, 0x00000000f1f00000|  0%| F|  |TAMS 0x00000000f1e00000| PB 0x00000000f1e00000| Untracked 
| 287|0x00000000f1f00000, 0x00000000f1f00000, 0x00000000f2000000|  0%| F|  |TAMS 0x00000000f1f00000| PB 0x00000000f1f00000| Untracked 
| 288|0x00000000f2000000, 0x00000000f2000000, 0x00000000f2100000|  0%| F|  |TAMS 0x00000000f2000000| PB 0x00000000f2000000| Untracked 
| 289|0x00000000f2100000, 0x00000000f2100000, 0x00000000f2200000|  0%| F|  |TAMS 0x00000000f2100000| PB 0x00000000f2100000| Untracked 
| 290|0x00000000f2200000, 0x00000000f2200000, 0x00000000f2300000|  0%| F|  |TAMS 0x00000000f2200000| PB 0x00000000f2200000| Untracked 
| 291|0x00000000f2300000, 0x00000000f2300000, 0x00000000f2400000|  0%| F|  |TAMS 0x00000000f2300000| PB 0x00000000f2300000| Untracked 
| 292|0x00000000f2400000, 0x00000000f2400000, 0x00000000f2500000|  0%| F|  |TAMS 0x00000000f2400000| PB 0x00000000f2400000| Untracked 
| 293|0x00000000f2500000, 0x00000000f2500000, 0x00000000f2600000|  0%| F|  |TAMS 0x00000000f2500000| PB 0x00000000f2500000| Untracked 
| 294|0x00000000f2600000, 0x00000000f2600000, 0x00000000f2700000|  0%| F|  |TAMS 0x00000000f2600000| PB 0x00000000f2600000| Untracked 
| 295|0x00000000f2700000, 0x00000000f2700000, 0x00000000f2800000|  0%| F|  |TAMS 0x00000000f2700000| PB 0x00000000f2700000| Untracked 
| 296|0x00000000f2800000, 0x00000000f2800000, 0x00000000f2900000|  0%| F|  |TAMS 0x00000000f2800000| PB 0x00000000f2800000| Untracked 
| 297|0x00000000f2900000, 0x00000000f2900000, 0x00000000f2a00000|  0%| F|  |TAMS 0x00000000f2900000| PB 0x00000000f2900000| Untracked 
| 298|0x00000000f2a00000, 0x00000000f2a00000, 0x00000000f2b00000|  0%| F|  |TAMS 0x00000000f2a00000| PB 0x00000000f2a00000| Untracked 
| 299|0x00000000f2b00000, 0x00000000f2b00000, 0x00000000f2c00000|  0%| F|  |TAMS 0x00000000f2b00000| PB 0x00000000f2b00000| Untracked 
| 300|0x00000000f2c00000, 0x00000000f2c00000, 0x00000000f2d00000|  0%| F|  |TAMS 0x00000000f2c00000| PB 0x00000000f2c00000| Untracked 
| 301|0x00000000f2d00000, 0x00000000f2d00000, 0x00000000f2e00000|  0%| F|  |TAMS 0x00000000f2d00000| PB 0x00000000f2d00000| Untracked 
| 302|0x00000000f2e00000, 0x00000000f2e00000, 0x00000000f2f00000|  0%| F|  |TAMS 0x00000000f2e00000| PB 0x00000000f2e00000| Untracked 
| 303|0x00000000f2f00000, 0x00000000f2f00000, 0x00000000f3000000|  0%| F|  |TAMS 0x00000000f2f00000| PB 0x00000000f2f00000| Untracked 
| 304|0x00000000f3000000, 0x00000000f3000000, 0x00000000f3100000|  0%| F|  |TAMS 0x00000000f3000000| PB 0x00000000f3000000| Untracked 
| 305|0x00000000f3100000, 0x00000000f3100000, 0x00000000f3200000|  0%| F|  |TAMS 0x00000000f3100000| PB 0x00000000f3100000| Untracked 
| 306|0x00000000f3200000, 0x00000000f3200000, 0x00000000f3300000|  0%| F|  |TAMS 0x00000000f3200000| PB 0x00000000f3200000| Untracked 
| 307|0x00000000f3300000, 0x00000000f3300000, 0x00000000f3400000|  0%| F|  |TAMS 0x00000000f3300000| PB 0x00000000f3300000| Untracked 
| 308|0x00000000f3400000, 0x00000000f3400000, 0x00000000f3500000|  0%| F|  |TAMS 0x00000000f3400000| PB 0x00000000f3400000| Untracked 
| 309|0x00000000f3500000, 0x00000000f3500000, 0x00000000f3600000|  0%| F|  |TAMS 0x00000000f3500000| PB 0x00000000f3500000| Untracked 
| 310|0x00000000f3600000, 0x00000000f3600000, 0x00000000f3700000|  0%| F|  |TAMS 0x00000000f3600000| PB 0x00000000f3600000| Untracked 
| 311|0x00000000f3700000, 0x00000000f3700000, 0x00000000f3800000|  0%| F|  |TAMS 0x00000000f3700000| PB 0x00000000f3700000| Untracked 
| 312|0x00000000f3800000, 0x00000000f3800000, 0x00000000f3900000|  0%| F|  |TAMS 0x00000000f3800000| PB 0x00000000f3800000| Untracked 
| 313|0x00000000f3900000, 0x00000000f3900000, 0x00000000f3a00000|  0%| F|  |TAMS 0x00000000f3900000| PB 0x00000000f3900000| Untracked 
| 314|0x00000000f3a00000, 0x00000000f3a00000, 0x00000000f3b00000|  0%| F|  |TAMS 0x00000000f3a00000| PB 0x00000000f3a00000| Untracked 
| 315|0x00000000f3b00000, 0x00000000f3b00000, 0x00000000f3c00000|  0%| F|  |TAMS 0x00000000f3b00000| PB 0x00000000f3b00000| Untracked 
| 316|0x00000000f3c00000, 0x00000000f3c00000, 0x00000000f3d00000|  0%| F|  |TAMS 0x00000000f3c00000| PB 0x00000000f3c00000| Untracked 
| 317|0x00000000f3d00000, 0x00000000f3d00000, 0x00000000f3e00000|  0%| F|  |TAMS 0x00000000f3d00000| PB 0x00000000f3d00000| Untracked 
| 318|0x00000000f3e00000, 0x00000000f3e00000, 0x00000000f3f00000|  0%| F|  |TAMS 0x00000000f3e00000| PB 0x00000000f3e00000| Untracked 
| 319|0x00000000f3f00000, 0x00000000f3f00000, 0x00000000f4000000|  0%| F|  |TAMS 0x00000000f3f00000| PB 0x00000000f3f00000| Untracked 
| 320|0x00000000f4000000, 0x00000000f4000000, 0x00000000f4100000|  0%| F|  |TAMS 0x00000000f4000000| PB 0x00000000f4000000| Untracked 
| 321|0x00000000f4100000, 0x00000000f4100000, 0x00000000f4200000|  0%| F|  |TAMS 0x00000000f4100000| PB 0x00000000f4100000| Untracked 
| 322|0x00000000f4200000, 0x00000000f4200000, 0x00000000f4300000|  0%| F|  |TAMS 0x00000000f4200000| PB 0x00000000f4200000| Untracked 
| 323|0x00000000f4300000, 0x00000000f4300000, 0x00000000f4400000|  0%| F|  |TAMS 0x00000000f4300000| PB 0x00000000f4300000| Untracked 
| 324|0x00000000f4400000, 0x00000000f4400000, 0x00000000f4500000|  0%| F|  |TAMS 0x00000000f4400000| PB 0x00000000f4400000| Untracked 
| 325|0x00000000f4500000, 0x00000000f4500000, 0x00000000f4600000|  0%| F|  |TAMS 0x00000000f4500000| PB 0x00000000f4500000| Untracked 
| 326|0x00000000f4600000, 0x00000000f4600000, 0x00000000f4700000|  0%| F|  |TAMS 0x00000000f4600000| PB 0x00000000f4600000| Untracked 
| 327|0x00000000f4700000, 0x00000000f4700000, 0x00000000f4800000|  0%| F|  |TAMS 0x00000000f4700000| PB 0x00000000f4700000| Untracked 
| 328|0x00000000f4800000, 0x00000000f4800000, 0x00000000f4900000|  0%| F|  |TAMS 0x00000000f4800000| PB 0x00000000f4800000| Untracked 
| 329|0x00000000f4900000, 0x00000000f4900000, 0x00000000f4a00000|  0%| F|  |TAMS 0x00000000f4900000| PB 0x00000000f4900000| Untracked 
| 330|0x00000000f4a00000, 0x00000000f4a00000, 0x00000000f4b00000|  0%| F|  |TAMS 0x00000000f4a00000| PB 0x00000000f4a00000| Untracked 
| 331|0x00000000f4b00000, 0x00000000f4b00000, 0x00000000f4c00000|  0%| F|  |TAMS 0x00000000f4b00000| PB 0x00000000f4b00000| Untracked 
| 332|0x00000000f4c00000, 0x00000000f4c00000, 0x00000000f4d00000|  0%| F|  |TAMS 0x00000000f4c00000| PB 0x00000000f4c00000| Untracked 
| 333|0x00000000f4d00000, 0x00000000f4d00000, 0x00000000f4e00000|  0%| F|  |TAMS 0x00000000f4d00000| PB 0x00000000f4d00000| Untracked 
| 334|0x00000000f4e00000, 0x00000000f4e00000, 0x00000000f4f00000|  0%| F|  |TAMS 0x00000000f4e00000| PB 0x00000000f4e00000| Untracked 
| 335|0x00000000f4f00000, 0x00000000f4f00000, 0x00000000f5000000|  0%| F|  |TAMS 0x00000000f4f00000| PB 0x00000000f4f00000| Untracked 
| 336|0x00000000f5000000, 0x00000000f5000000, 0x00000000f5100000|  0%| F|  |TAMS 0x00000000f5000000| PB 0x00000000f5000000| Untracked 
| 337|0x00000000f5100000, 0x00000000f5100000, 0x00000000f5200000|  0%| F|  |TAMS 0x00000000f5100000| PB 0x00000000f5100000| Untracked 
| 338|0x00000000f5200000, 0x00000000f5200000, 0x00000000f5300000|  0%| F|  |TAMS 0x00000000f5200000| PB 0x00000000f5200000| Untracked 
| 339|0x00000000f5300000, 0x00000000f5300000, 0x00000000f5400000|  0%| F|  |TAMS 0x00000000f5300000| PB 0x00000000f5300000| Untracked 
| 340|0x00000000f5400000, 0x00000000f5400000, 0x00000000f5500000|  0%| F|  |TAMS 0x00000000f5400000| PB 0x00000000f5400000| Untracked 
| 341|0x00000000f5500000, 0x00000000f5500000, 0x00000000f5600000|  0%| F|  |TAMS 0x00000000f5500000| PB 0x00000000f5500000| Untracked 
| 342|0x00000000f5600000, 0x00000000f5600000, 0x00000000f5700000|  0%| F|  |TAMS 0x00000000f5600000| PB 0x00000000f5600000| Untracked 
| 343|0x00000000f5700000, 0x00000000f5700000, 0x00000000f5800000|  0%| F|  |TAMS 0x00000000f5700000| PB 0x00000000f5700000| Untracked 
| 344|0x00000000f5800000, 0x00000000f5800000, 0x00000000f5900000|  0%| F|  |TAMS 0x00000000f5800000| PB 0x00000000f5800000| Untracked 
| 345|0x00000000f5900000, 0x00000000f5900000, 0x00000000f5a00000|  0%| F|  |TAMS 0x00000000f5900000| PB 0x00000000f5900000| Untracked 
| 346|0x00000000f5a00000, 0x00000000f5a00000, 0x00000000f5b00000|  0%| F|  |TAMS 0x00000000f5a00000| PB 0x00000000f5a00000| Untracked 
| 347|0x00000000f5b00000, 0x00000000f5b00000, 0x00000000f5c00000|  0%| F|  |TAMS 0x00000000f5b00000| PB 0x00000000f5b00000| Untracked 
| 348|0x00000000f5c00000, 0x00000000f5c00000, 0x00000000f5d00000|  0%| F|  |TAMS 0x00000000f5c00000| PB 0x00000000f5c00000| Untracked 
| 349|0x00000000f5d00000, 0x00000000f5d00000, 0x00000000f5e00000|  0%| F|  |TAMS 0x00000000f5d00000| PB 0x00000000f5d00000| Untracked 
| 350|0x00000000f5e00000, 0x00000000f5e00000, 0x00000000f5f00000|  0%| F|  |TAMS 0x00000000f5e00000| PB 0x00000000f5e00000| Untracked 
| 351|0x00000000f5f00000, 0x00000000f5f00000, 0x00000000f6000000|  0%| F|  |TAMS 0x00000000f5f00000| PB 0x00000000f5f00000| Untracked 
| 352|0x00000000f6000000, 0x00000000f6000000, 0x00000000f6100000|  0%| F|  |TAMS 0x00000000f6000000| PB 0x00000000f6000000| Untracked 
| 353|0x00000000f6100000, 0x00000000f6100000, 0x00000000f6200000|  0%| F|  |TAMS 0x00000000f6100000| PB 0x00000000f6100000| Untracked 
| 354|0x00000000f6200000, 0x00000000f6200000, 0x00000000f6300000|  0%| F|  |TAMS 0x00000000f6200000| PB 0x00000000f6200000| Untracked 
| 355|0x00000000f6300000, 0x00000000f6300000, 0x00000000f6400000|  0%| F|  |TAMS 0x00000000f6300000| PB 0x00000000f6300000| Untracked 
| 356|0x00000000f6400000, 0x00000000f6400000, 0x00000000f6500000|  0%| F|  |TAMS 0x00000000f6400000| PB 0x00000000f6400000| Untracked 
| 357|0x00000000f6500000, 0x00000000f6500000, 0x00000000f6600000|  0%| F|  |TAMS 0x00000000f6500000| PB 0x00000000f6500000| Untracked 
| 358|0x00000000f6600000, 0x00000000f6600000, 0x00000000f6700000|  0%| F|  |TAMS 0x00000000f6600000| PB 0x00000000f6600000| Untracked 
| 359|0x00000000f6700000, 0x00000000f6700000, 0x00000000f6800000|  0%| F|  |TAMS 0x00000000f6700000| PB 0x00000000f6700000| Untracked 
| 360|0x00000000f6800000, 0x00000000f6800000, 0x00000000f6900000|  0%| F|  |TAMS 0x00000000f6800000| PB 0x00000000f6800000| Untracked 
| 361|0x00000000f6900000, 0x00000000f6900000, 0x00000000f6a00000|  0%| F|  |TAMS 0x00000000f6900000| PB 0x00000000f6900000| Untracked 
| 362|0x00000000f6a00000, 0x00000000f6a00000, 0x00000000f6b00000|  0%| F|  |TAMS 0x00000000f6a00000| PB 0x00000000f6a00000| Untracked 
| 363|0x00000000f6b00000, 0x00000000f6b00000, 0x00000000f6c00000|  0%| F|  |TAMS 0x00000000f6b00000| PB 0x00000000f6b00000| Untracked 
| 364|0x00000000f6c00000, 0x00000000f6c00000, 0x00000000f6d00000|  0%| F|  |TAMS 0x00000000f6c00000| PB 0x00000000f6c00000| Untracked 
| 365|0x00000000f6d00000, 0x00000000f6d00000, 0x00000000f6e00000|  0%| F|  |TAMS 0x00000000f6d00000| PB 0x00000000f6d00000| Untracked 
| 366|0x00000000f6e00000, 0x00000000f6e00000, 0x00000000f6f00000|  0%| F|  |TAMS 0x00000000f6e00000| PB 0x00000000f6e00000| Untracked 
| 367|0x00000000f6f00000, 0x00000000f6f00000, 0x00000000f7000000|  0%| F|  |TAMS 0x00000000f6f00000| PB 0x00000000f6f00000| Untracked 
| 368|0x00000000f7000000, 0x00000000f7000000, 0x00000000f7100000|  0%| F|  |TAMS 0x00000000f7000000| PB 0x00000000f7000000| Untracked 
| 369|0x00000000f7100000, 0x00000000f7100000, 0x00000000f7200000|  0%| F|  |TAMS 0x00000000f7100000| PB 0x00000000f7100000| Untracked 
| 370|0x00000000f7200000, 0x00000000f7200000, 0x00000000f7300000|  0%| F|  |TAMS 0x00000000f7200000| PB 0x00000000f7200000| Untracked 
| 371|0x00000000f7300000, 0x00000000f7300000, 0x00000000f7400000|  0%| F|  |TAMS 0x00000000f7300000| PB 0x00000000f7300000| Untracked 
| 372|0x00000000f7400000, 0x00000000f7400000, 0x00000000f7500000|  0%| F|  |TAMS 0x00000000f7400000| PB 0x00000000f7400000| Untracked 
| 373|0x00000000f7500000, 0x00000000f7500000, 0x00000000f7600000|  0%| F|  |TAMS 0x00000000f7500000| PB 0x00000000f7500000| Untracked 
| 374|0x00000000f7600000, 0x00000000f7600000, 0x00000000f7700000|  0%| F|  |TAMS 0x00000000f7600000| PB 0x00000000f7600000| Untracked 
| 375|0x00000000f7700000, 0x00000000f7700000, 0x00000000f7800000|  0%| F|  |TAMS 0x00000000f7700000| PB 0x00000000f7700000| Untracked 
| 376|0x00000000f7800000, 0x00000000f7800000, 0x00000000f7900000|  0%| F|  |TAMS 0x00000000f7800000| PB 0x00000000f7800000| Untracked 
| 377|0x00000000f7900000, 0x00000000f7900000, 0x00000000f7a00000|  0%| F|  |TAMS 0x00000000f7900000| PB 0x00000000f7900000| Untracked 
| 378|0x00000000f7a00000, 0x00000000f7a00000, 0x00000000f7b00000|  0%| F|  |TAMS 0x00000000f7a00000| PB 0x00000000f7a00000| Untracked 
| 379|0x00000000f7b00000, 0x00000000f7b00000, 0x00000000f7c00000|  0%| F|  |TAMS 0x00000000f7b00000| PB 0x00000000f7b00000| Untracked 
| 380|0x00000000f7c00000, 0x00000000f7c00000, 0x00000000f7d00000|  0%| F|  |TAMS 0x00000000f7c00000| PB 0x00000000f7c00000| Untracked 
| 381|0x00000000f7d00000, 0x00000000f7d00000, 0x00000000f7e00000|  0%| F|  |TAMS 0x00000000f7d00000| PB 0x00000000f7d00000| Untracked 
| 382|0x00000000f7e00000, 0x00000000f7e00000, 0x00000000f7f00000|  0%| F|  |TAMS 0x00000000f7e00000| PB 0x00000000f7e00000| Untracked 
| 383|0x00000000f7f00000, 0x00000000f7f00000, 0x00000000f8000000|  0%| F|  |TAMS 0x00000000f7f00000| PB 0x00000000f7f00000| Untracked 
| 384|0x00000000f8000000, 0x00000000f8000000, 0x00000000f8100000|  0%| F|  |TAMS 0x00000000f8000000| PB 0x00000000f8000000| Untracked 
| 385|0x00000000f8100000, 0x00000000f8100000, 0x00000000f8200000|  0%| F|  |TAMS 0x00000000f8100000| PB 0x00000000f8100000| Untracked 
| 386|0x00000000f8200000, 0x00000000f8200000, 0x00000000f8300000|  0%| F|  |TAMS 0x00000000f8200000| PB 0x00000000f8200000| Untracked 
| 387|0x00000000f8300000, 0x00000000f8300000, 0x00000000f8400000|  0%| F|  |TAMS 0x00000000f8300000| PB 0x00000000f8300000| Untracked 
| 388|0x00000000f8400000, 0x00000000f8400000, 0x00000000f8500000|  0%| F|  |TAMS 0x00000000f8400000| PB 0x00000000f8400000| Untracked 
| 389|0x00000000f8500000, 0x00000000f8500000, 0x00000000f8600000|  0%| F|  |TAMS 0x00000000f8500000| PB 0x00000000f8500000| Untracked 
| 390|0x00000000f8600000, 0x00000000f8600000, 0x00000000f8700000|  0%| F|  |TAMS 0x00000000f8600000| PB 0x00000000f8600000| Untracked 
| 391|0x00000000f8700000, 0x00000000f8700000, 0x00000000f8800000|  0%| F|  |TAMS 0x00000000f8700000| PB 0x00000000f8700000| Untracked 
| 392|0x00000000f8800000, 0x00000000f8800000, 0x00000000f8900000|  0%| F|  |TAMS 0x00000000f8800000| PB 0x00000000f8800000| Untracked 
| 393|0x00000000f8900000, 0x00000000f8900000, 0x00000000f8a00000|  0%| F|  |TAMS 0x00000000f8900000| PB 0x00000000f8900000| Untracked 
| 394|0x00000000f8a00000, 0x00000000f8a00000, 0x00000000f8b00000|  0%| F|  |TAMS 0x00000000f8a00000| PB 0x00000000f8a00000| Untracked 
| 395|0x00000000f8b00000, 0x00000000f8b00000, 0x00000000f8c00000|  0%| F|  |TAMS 0x00000000f8b00000| PB 0x00000000f8b00000| Untracked 
| 396|0x00000000f8c00000, 0x00000000f8cbc3e0, 0x00000000f8d00000| 73%| E|  |TAMS 0x00000000f8c00000| PB 0x00000000f8c00000| Complete 
| 397|0x00000000f8d00000, 0x00000000f8e00000, 0x00000000f8e00000|100%| E|CS|TAMS 0x00000000f8d00000| PB 0x00000000f8d00000| Complete 
| 398|0x00000000f8e00000, 0x00000000f8f00000, 0x00000000f8f00000|100%| E|CS|TAMS 0x00000000f8e00000| PB 0x00000000f8e00000| Complete 
| 399|0x00000000f8f00000, 0x00000000f9000000, 0x00000000f9000000|100%| E|CS|TAMS 0x00000000f8f00000| PB 0x00000000f8f00000| Complete 
| 400|0x00000000f9000000, 0x00000000f9100000, 0x00000000f9100000|100%| E|  |TAMS 0x00000000f9000000| PB 0x00000000f9000000| Complete 
| 401|0x00000000f9100000, 0x00000000f9200000, 0x00000000f9200000|100%| E|CS|TAMS 0x00000000f9100000| PB 0x00000000f9100000| Complete 
| 402|0x00000000f9200000, 0x00000000f9300000, 0x00000000f9300000|100%| E|CS|TAMS 0x00000000f9200000| PB 0x00000000f9200000| Complete 
| 403|0x00000000f9300000, 0x00000000f9400000, 0x00000000f9400000|100%| E|CS|TAMS 0x00000000f9300000| PB 0x00000000f9300000| Complete 
| 404|0x00000000f9400000, 0x00000000f9500000, 0x00000000f9500000|100%| E|CS|TAMS 0x00000000f9400000| PB 0x00000000f9400000| Complete 
| 405|0x00000000f9500000, 0x00000000f9600000, 0x00000000f9600000|100%| E|CS|TAMS 0x00000000f9500000| PB 0x00000000f9500000| Complete 
| 406|0x00000000f9600000, 0x00000000f9700000, 0x00000000f9700000|100%| E|CS|TAMS 0x00000000f9600000| PB 0x00000000f9600000| Complete 
| 407|0x00000000f9700000, 0x00000000f9800000, 0x00000000f9800000|100%| E|CS|TAMS 0x00000000f9700000| PB 0x00000000f9700000| Complete 
| 408|0x00000000f9800000, 0x00000000f9900000, 0x00000000f9900000|100%| E|CS|TAMS 0x00000000f9800000| PB 0x00000000f9800000| Complete 
| 409|0x00000000f9900000, 0x00000000f9a00000, 0x00000000f9a00000|100%| E|CS|TAMS 0x00000000f9900000| PB 0x00000000f9900000| Complete 
| 410|0x00000000f9a00000, 0x00000000f9b00000, 0x00000000f9b00000|100%| E|CS|TAMS 0x00000000f9a00000| PB 0x00000000f9a00000| Complete 
| 411|0x00000000f9b00000, 0x00000000f9c00000, 0x00000000f9c00000|100%| E|CS|TAMS 0x00000000f9b00000| PB 0x00000000f9b00000| Complete 
| 412|0x00000000f9c00000, 0x00000000f9d00000, 0x00000000f9d00000|100%| E|CS|TAMS 0x00000000f9c00000| PB 0x00000000f9c00000| Complete 
| 413|0x00000000f9d00000, 0x00000000f9e00000, 0x00000000f9e00000|100%| E|CS|TAMS 0x00000000f9d00000| PB 0x00000000f9d00000| Complete 
| 414|0x00000000f9e00000, 0x00000000f9f00000, 0x00000000f9f00000|100%| E|CS|TAMS 0x00000000f9e00000| PB 0x00000000f9e00000| Complete 
| 415|0x00000000f9f00000, 0x00000000fa000000, 0x00000000fa000000|100%| E|CS|TAMS 0x00000000f9f00000| PB 0x00000000f9f00000| Complete 
| 416|0x00000000fa000000, 0x00000000fa100000, 0x00000000fa100000|100%| E|CS|TAMS 0x00000000fa000000| PB 0x00000000fa000000| Complete 
| 417|0x00000000fa100000, 0x00000000fa200000, 0x00000000fa200000|100%| E|CS|TAMS 0x00000000fa100000| PB 0x00000000fa100000| Complete 
| 418|0x00000000fa200000, 0x00000000fa300000, 0x00000000fa300000|100%| E|CS|TAMS 0x00000000fa200000| PB 0x00000000fa200000| Complete 
| 419|0x00000000fa300000, 0x00000000fa400000, 0x00000000fa400000|100%| E|CS|TAMS 0x00000000fa300000| PB 0x00000000fa300000| Complete 
| 420|0x00000000fa400000, 0x00000000fa500000, 0x00000000fa500000|100%| E|CS|TAMS 0x00000000fa400000| PB 0x00000000fa400000| Complete 
| 421|0x00000000fa500000, 0x00000000fa535ba0, 0x00000000fa600000| 20%| S|CS|TAMS 0x00000000fa500000| PB 0x00000000fa500000| Complete 
| 422|0x00000000fa600000, 0x00000000fa700000, 0x00000000fa700000|100%| E|CS|TAMS 0x00000000fa600000| PB 0x00000000fa600000| Complete 
| 423|0x00000000fa700000, 0x00000000fa800000, 0x00000000fa800000|100%| E|CS|TAMS 0x00000000fa700000| PB 0x00000000fa700000| Complete 
| 424|0x00000000fa800000, 0x00000000fa900000, 0x00000000fa900000|100%| E|CS|TAMS 0x00000000fa800000| PB 0x00000000fa800000| Complete 
| 425|0x00000000fa900000, 0x00000000faa00000, 0x00000000faa00000|100%| E|CS|TAMS 0x00000000fa900000| PB 0x00000000fa900000| Complete 
| 426|0x00000000faa00000, 0x00000000fab00000, 0x00000000fab00000|100%| E|CS|TAMS 0x00000000faa00000| PB 0x00000000faa00000| Complete 
| 427|0x00000000fab00000, 0x00000000fac00000, 0x00000000fac00000|100%| E|CS|TAMS 0x00000000fab00000| PB 0x00000000fab00000| Complete 
| 428|0x00000000fac00000, 0x00000000fad00000, 0x00000000fad00000|100%| E|CS|TAMS 0x00000000fac00000| PB 0x00000000fac00000| Complete 
| 429|0x00000000fad00000, 0x00000000fae00000, 0x00000000fae00000|100%| E|CS|TAMS 0x00000000fad00000| PB 0x00000000fad00000| Complete 
| 430|0x00000000fae00000, 0x00000000faf00000, 0x00000000faf00000|100%| E|CS|TAMS 0x00000000fae00000| PB 0x00000000fae00000| Complete 
| 431|0x00000000faf00000, 0x00000000fb000000, 0x00000000fb000000|100%| E|CS|TAMS 0x00000000faf00000| PB 0x00000000faf00000| Complete 
| 432|0x00000000fb000000, 0x00000000fb100000, 0x00000000fb100000|100%| E|CS|TAMS 0x00000000fb000000| PB 0x00000000fb000000| Complete 
| 433|0x00000000fb100000, 0x00000000fb200000, 0x00000000fb200000|100%| E|CS|TAMS 0x00000000fb100000| PB 0x00000000fb100000| Complete 
| 434|0x00000000fb200000, 0x00000000fb300000, 0x00000000fb300000|100%| E|CS|TAMS 0x00000000fb200000| PB 0x00000000fb200000| Complete 
| 435|0x00000000fb300000, 0x00000000fb400000, 0x00000000fb400000|100%| E|CS|TAMS 0x00000000fb300000| PB 0x00000000fb300000| Complete 
| 436|0x00000000fb400000, 0x00000000fb500000, 0x00000000fb500000|100%| E|CS|TAMS 0x00000000fb400000| PB 0x00000000fb400000| Complete 
| 437|0x00000000fb500000, 0x00000000fb600000, 0x00000000fb600000|100%| E|CS|TAMS 0x00000000fb500000| PB 0x00000000fb500000| Complete 
| 438|0x00000000fb600000, 0x00000000fb700000, 0x00000000fb700000|100%| E|CS|TAMS 0x00000000fb600000| PB 0x00000000fb600000| Complete 
| 439|0x00000000fb700000, 0x00000000fb800000, 0x00000000fb800000|100%| E|CS|TAMS 0x00000000fb700000| PB 0x00000000fb700000| Complete 
| 440|0x00000000fb800000, 0x00000000fb900000, 0x00000000fb900000|100%| E|CS|TAMS 0x00000000fb800000| PB 0x00000000fb800000| Complete 
| 441|0x00000000fb900000, 0x00000000fba00000, 0x00000000fba00000|100%| E|CS|TAMS 0x00000000fb900000| PB 0x00000000fb900000| Complete 
| 442|0x00000000fba00000, 0x00000000fbb00000, 0x00000000fbb00000|100%| E|CS|TAMS 0x00000000fba00000| PB 0x00000000fba00000| Complete 
| 443|0x00000000fbb00000, 0x00000000fbc00000, 0x00000000fbc00000|100%| E|CS|TAMS 0x00000000fbb00000| PB 0x00000000fbb00000| Complete 

Card table byte_map: [0x00000250296d0000,0x00000250297d0000] _byte_map_base: 0x0000025028fd0000

Marking Bits: (CMBitMap*) 0x00000250151bc480
 Bits: [0x00000250297d0000, 0x0000025029fd0000)

Polling page: 0x0000025014f10000

Metaspace:

Usage:
  Non-class:     13.78 MB used.
      Class:      2.11 MB used.
       Both:     15.89 MB used.

Virtual space:
  Non-class space:       64.00 MB reserved,      14.00 MB ( 22%) committed,  1 nodes.
      Class space:      320.00 MB reserved,       2.31 MB ( <1%) committed,  1 nodes.
             Both:      384.00 MB reserved,      16.31 MB (  4%) committed. 

Chunk freelists:
   Non-Class:  1.89 MB
       Class:  13.73 MB
        Both:  15.62 MB

MaxMetaspaceSize: 384.00 MB
CompressedClassSpaceSize: 320.00 MB
Initial GC threshold: 21.00 MB
Current GC threshold: 21.00 MB
CDS: on
 - commit_granule_bytes: 65536.
 - commit_granule_words: 8192.
 - virtual_space_node_default_size: 8388608.
 - enlarge_chunks_in_place: 1.
 - use_allocation_guard: 0.


Internal statistics:

num_allocs_failed_limit: 0.
num_arena_births: 494.
num_arena_deaths: 0.
num_vsnodes_births: 2.
num_vsnodes_deaths: 0.
num_space_committed: 261.
num_space_uncommitted: 0.
num_chunks_returned_to_freelist: 0.
num_chunks_taken_from_freelist: 1023.
num_chunk_merges: 0.
num_chunk_splits: 667.
num_chunks_enlarged: 479.
num_inconsistent_stats: 0.

CodeHeap 'non-profiled nmethods': size=120000Kb used=2217Kb max_used=2217Kb free=117782Kb
 bounds [0x0000025021420000, 0x0000025021690000, 0x0000025028950000]
CodeHeap 'profiled nmethods': size=120000Kb used=7297Kb max_used=7297Kb free=112702Kb
 bounds [0x0000025019950000, 0x000002501a080000, 0x0000025020e80000]
CodeHeap 'non-nmethods': size=5760Kb used=1393Kb max_used=1444Kb free=4366Kb
 bounds [0x0000025020e80000, 0x00000250210f0000, 0x0000025021420000]
CodeCache: size=245760Kb, used=10907Kb, max_used=10958Kb, free=234850Kb
 total_blobs=4338, nmethods=3783, adapters=459, full_count=0
Compilation: enabled, stopped_count=0, restarted_count=0

Compilation events (20 events):
Event: 15336.063 Thread 0x00000250420290f0 nmethod 3870 0x0000025021644e90 code [0x0000025021645040, 0x0000025021645230]
Event: 15337.359 Thread 0x00000250420290f0 3871       4       java.util.concurrent.locks.ReentrantLock$NonfairSync::tryAcquire (27 bytes)
Event: 15337.362 Thread 0x00000250420290f0 nmethod 3871 0x0000025021645390 code [0x0000025021645520, 0x00000250216456b0]
Event: 15337.936 Thread 0x00000250420290f0 3872       4       java.util.concurrent.locks.AbstractQueuedSynchronizer$ConditionObject::enableWait (84 bytes)
Event: 15337.972 Thread 0x00000250420290f0 nmethod 3872 0x0000025021645710 code [0x0000025021645900, 0x0000025021645ff8]
Event: 15338.123 Thread 0x00000250420290f0 3873       4       java.util.concurrent.locks.AbstractQueuedSynchronizer$ConditionObject::unlinkCancelledWaiters (91 bytes)
Event: 15338.127 Thread 0x00000250420290f0 nmethod 3873 0x0000025021646290 code [0x0000025021646420, 0x0000025021646710]
Event: 15339.623 Thread 0x0000025042029b90 3874       3       java.lang.invoke.MethodHandles$Lookup::checkMethodName (45 bytes)
Event: 15339.774 Thread 0x0000025042029b90 nmethod 3874 0x000002501a06eb10 code [0x000002501a06ed60, 0x000002501a06f428]
Event: 15342.306 Thread 0x00000250420290f0 3875       4       java.util.concurrent.locks.AbstractQueuedSynchronizer$ConditionObject::awaitNanos (202 bytes)
Event: 15342.354 Thread 0x00000250420290f0 nmethod 3875 0x0000025021646890 code [0x0000025021646ba0, 0x0000025021648158]
Event: 15351.086 Thread 0x00000250420290f0 3876   !   4       java.util.concurrent.LinkedBlockingQueue::poll (128 bytes)
Event: 15352.176 Thread 0x00000250420290f0 nmethod 3876 0x0000025021648e10 code [0x0000025021649040, 0x00000250216499b8]
Event: 15352.176 Thread 0x00000250420290f0 3877       4       org.gradle.launcher.daemon.server.exec.DaemonConnectionBackedEventConsumer$ForwardEvents::moreMessagesToSend (35 bytes)
Event: 15352.201 Thread 0x00000250420290f0 nmethod 3877 0x000002502164a010 code [0x000002502164a1a0, 0x000002502164a270]
Event: 15353.132 Thread 0x0000025042029b90 3878       3       java.lang.Character$UnicodeBlock::<init> (17 bytes)
Event: 15353.133 Thread 0x0000025042029b90 nmethod 3878 0x000002501a06f710 code [0x000002501a06f900, 0x000002501a06fd98]
Event: 15353.133 Thread 0x0000025042029b90 3879       3       java.lang.Character$Subset::<init> (24 bytes)
Event: 15353.134 Thread 0x0000025042029b90 nmethod 3879 0x000002501a06ff10 code [0x000002501a0700e0, 0x000002501a0703a0]
Event: 15354.316 Thread 0x00000250420290f0 3880       4       java.lang.invoke.MethodType::makeImpl (109 bytes)

GC Heap History (20 events):
Event: 15288.006 GC heap before
{Heap before GC invocations=16 (full 0):
 garbage-first heap   total 385024K, used 39688K [0x00000000e0000000, 0x0000000100000000)
  region size 1024K, 18 young (18432K), 1 survivors (1024K)
 Metaspace       used 15845K, committed 16192K, reserved 393216K
  class space    used 2134K, committed 2304K, reserved 327680K
}
Event: 15288.543 GC heap after
{Heap after GC invocations=17 (full 0):
 garbage-first heap   total 412672K, used 22309K [0x00000000e0000000, 0x0000000100000000)
  region size 1024K, 1 young (1024K), 1 survivors (1024K)
 Metaspace       used 15845K, committed 16192K, reserved 393216K
  class space    used 2134K, committed 2304K, reserved 327680K
}
Event: 15298.157 GC heap before
{Heap before GC invocations=17 (full 0):
 garbage-first heap   total 412672K, used 41765K [0x00000000e0000000, 0x0000000100000000)
  region size 1024K, 20 young (20480K), 1 survivors (1024K)
 Metaspace       used 15883K, committed 16384K, reserved 393216K
  class space    used 2141K, committed 2368K, reserved 327680K
}
Event: 15298.666 GC heap after
{Heap after GC invocations=18 (full 0):
 garbage-first heap   total 412672K, used 22493K [0x00000000e0000000, 0x0000000100000000)
  region size 1024K, 1 young (1024K), 1 survivors (1024K)
 Metaspace       used 15883K, committed 16384K, reserved 393216K
  class space    used 2141K, committed 2368K, reserved 327680K
}
Event: 15299.878 GC heap before
{Heap before GC invocations=18 (full 0):
 garbage-first heap   total 412672K, used 41949K [0x00000000e0000000, 0x0000000100000000)
  region size 1024K, 20 young (20480K), 1 survivors (1024K)
 Metaspace       used 15891K, committed 16384K, reserved 393216K
  class space    used 2143K, committed 2368K, reserved 327680K
}
Event: 15302.993 GC heap after
{Heap after GC invocations=19 (full 0):
 garbage-first heap   total 412672K, used 22454K [0x00000000e0000000, 0x0000000100000000)
  region size 1024K, 1 young (1024K), 1 survivors (1024K)
 Metaspace       used 15891K, committed 16384K, reserved 393216K
  class space    used 2143K, committed 2368K, reserved 327680K
}
Event: 15305.091 GC heap before
{Heap before GC invocations=19 (full 0):
 garbage-first heap   total 412672K, used 41910K [0x00000000e0000000, 0x0000000100000000)
  region size 1024K, 20 young (20480K), 1 survivors (1024K)
 Metaspace       used 15903K, committed 16384K, reserved 393216K
  class space    used 2143K, committed 2368K, reserved 327680K
}
Event: 15305.510 GC heap after
{Heap after GC invocations=20 (full 0):
 garbage-first heap   total 412672K, used 22350K [0x00000000e0000000, 0x0000000100000000)
  region size 1024K, 1 young (1024K), 1 survivors (1024K)
 Metaspace       used 15903K, committed 16384K, reserved 393216K
  class space    used 2143K, committed 2368K, reserved 327680K
}
Event: 15307.194 GC heap before
{Heap before GC invocations=20 (full 0):
 garbage-first heap   total 412672K, used 41806K [0x00000000e0000000, 0x0000000100000000)
  region size 1024K, 20 young (20480K), 1 survivors (1024K)
 Metaspace       used 15906K, committed 16384K, reserved 393216K
  class space    used 2144K, committed 2368K, reserved 327680K
}
Event: 15307.787 GC heap after
{Heap after GC invocations=21 (full 0):
 garbage-first heap   total 412672K, used 22343K [0x00000000e0000000, 0x0000000100000000)
  region size 1024K, 1 young (1024K), 1 survivors (1024K)
 Metaspace       used 15906K, committed 16384K, reserved 393216K
  class space    used 2144K, committed 2368K, reserved 327680K
}
Event: 15309.186 GC heap before
{Heap before GC invocations=21 (full 0):
 garbage-first heap   total 412672K, used 41799K [0x00000000e0000000, 0x0000000100000000)
  region size 1024K, 20 young (20480K), 1 survivors (1024K)
 Metaspace       used 15918K, committed 16384K, reserved 393216K
  class space    used 2144K, committed 2368K, reserved 327680K
}
Event: 15309.579 GC heap after
{Heap after GC invocations=22 (full 0):
 garbage-first heap   total 454656K, used 22585K [0x00000000e0000000, 0x0000000100000000)
  region size 1024K, 1 young (1024K), 1 survivors (1024K)
 Metaspace       used 15918K, committed 16384K, reserved 393216K
  class space    used 2144K, committed 2368K, reserved 327680K
}
Event: 15310.727 GC heap before
{Heap before GC invocations=22 (full 0):
 garbage-first heap   total 454656K, used 44089K [0x00000000e0000000, 0x0000000100000000)
  region size 1024K, 22 young (22528K), 1 survivors (1024K)
 Metaspace       used 15919K, committed 16384K, reserved 393216K
  class space    used 2144K, committed 2368K, reserved 327680K
}
Event: 15311.120 GC heap after
{Heap after GC invocations=23 (full 0):
 garbage-first heap   total 454656K, used 22327K [0x00000000e0000000, 0x0000000100000000)
  region size 1024K, 1 young (1024K), 1 survivors (1024K)
 Metaspace       used 15919K, committed 16384K, reserved 393216K
  class space    used 2144K, committed 2368K, reserved 327680K
}
Event: 15311.618 GC heap before
{Heap before GC invocations=23 (full 0):
 garbage-first heap   total 454656K, used 43831K [0x00000000e0000000, 0x0000000100000000)
  region size 1024K, 22 young (22528K), 1 survivors (1024K)
 Metaspace       used 15923K, committed 16384K, reserved 393216K
  class space    used 2145K, committed 2368K, reserved 327680K
}
Event: 15311.637 GC heap after
{Heap after GC invocations=24 (full 0):
 garbage-first heap   total 454656K, used 22561K [0x00000000e0000000, 0x0000000100000000)
  region size 1024K, 1 young (1024K), 1 survivors (1024K)
 Metaspace       used 15923K, committed 16384K, reserved 393216K
  class space    used 2145K, committed 2368K, reserved 327680K
}
Event: 15312.265 GC heap before
{Heap before GC invocations=24 (full 0):
 garbage-first heap   total 454656K, used 44065K [0x00000000e0000000, 0x0000000100000000)
  region size 1024K, 22 young (22528K), 1 survivors (1024K)
 Metaspace       used 15923K, committed 16384K, reserved 393216K
  class space    used 2145K, committed 2368K, reserved 327680K
}
Event: 15312.313 GC heap after
{Heap after GC invocations=25 (full 0):
 garbage-first heap   total 454656K, used 22526K [0x00000000e0000000, 0x0000000100000000)
  region size 1024K, 1 young (1024K), 1 survivors (1024K)
 Metaspace       used 15923K, committed 16384K, reserved 393216K
  class space    used 2145K, committed 2368K, reserved 327680K
}
Event: 15312.821 GC heap before
{Heap before GC invocations=25 (full 0):
 garbage-first heap   total 454656K, used 44030K [0x00000000e0000000, 0x0000000100000000)
  region size 1024K, 22 young (22528K), 1 survivors (1024K)
 Metaspace       used 15923K, committed 16384K, reserved 393216K
  class space    used 2145K, committed 2368K, reserved 327680K
}
Event: 15312.822 GC heap after
{Heap after GC invocations=26 (full 0):
 garbage-first heap   total 454656K, used 22490K [0x00000000e0000000, 0x0000000100000000)
  region size 1024K, 1 young (1024K), 1 survivors (1024K)
 Metaspace       used 15923K, committed 16384K, reserved 393216K
  class space    used 2145K, committed 2368K, reserved 327680K
}

Dll operation events (20 events):
Event: 0.738 Attempting to load shared library C:\Users\pjoo6\.vscode\extensions\redhat.java-1.56.0-win32-x64\jre\21.0.12.1-win32-x86_64\bin\nio.dll
Event: 0.741 Loaded shared library C:\Users\pjoo6\.vscode\extensions\redhat.java-1.56.0-win32-x64\jre\21.0.12.1-win32-x86_64\bin\nio.dll
Event: 0.754 Attempting to load shared library C:\Users\pjoo6\.vscode\extensions\redhat.java-1.56.0-win32-x64\jre\21.0.12.1-win32-x86_64\bin\zip.dll
Event: 0.754 Loaded shared library C:\Users\pjoo6\.vscode\extensions\redhat.java-1.56.0-win32-x64\jre\21.0.12.1-win32-x86_64\bin\zip.dll
Event: 4.240 Attempting to load shared library C:\Users\pjoo6\.vscode\extensions\redhat.java-1.56.0-win32-x64\jre\21.0.12.1-win32-x86_64\bin\jimage.dll
Event: 4.240 Loaded shared library C:\Users\pjoo6\.vscode\extensions\redhat.java-1.56.0-win32-x64\jre\21.0.12.1-win32-x86_64\bin\jimage.dll
Event: 65.469 Attempting to load shared library C:\Users\pjoo6\.vscode\extensions\redhat.java-1.56.0-win32-x64\jre\21.0.12.1-win32-x86_64\bin\verify.dll
Event: 65.486 Loaded shared library C:\Users\pjoo6\.vscode\extensions\redhat.java-1.56.0-win32-x64\jre\21.0.12.1-win32-x86_64\bin\verify.dll
Event: 73.881 Attempting to load shared library C:\Users\pjoo6\.gradle\native\660c5614fbf4a5f2a75b1949f50a0caf5cd603558e7d8a26e50b933a0cfb79d1\windows-amd64\native-platform.dll
Event: 73.893 Loaded shared library C:\Users\pjoo6\.gradle\native\660c5614fbf4a5f2a75b1949f50a0caf5cd603558e7d8a26e50b933a0cfb79d1\windows-amd64\native-platform.dll
Event: 76.361 Attempting to load shared library C:\Users\pjoo6\.gradle\native\0.2.8\x86_64-windows-gnu\gradle-fileevents.dll
Event: 76.382 Loaded shared library C:\Users\pjoo6\.gradle\native\0.2.8\x86_64-windows-gnu\gradle-fileevents.dll
Event: 349.798 Attempting to load shared library C:\Users\pjoo6\.vscode\extensions\redhat.java-1.56.0-win32-x64\jre\21.0.12.1-win32-x86_64\bin\management.dll
Event: 349.801 Loaded shared library C:\Users\pjoo6\.vscode\extensions\redhat.java-1.56.0-win32-x64\jre\21.0.12.1-win32-x86_64\bin\management.dll
Event: 349.807 Attempting to load shared library C:\Users\pjoo6\.vscode\extensions\redhat.java-1.56.0-win32-x64\jre\21.0.12.1-win32-x86_64\bin\management_ext.dll
Event: 349.809 Loaded shared library C:\Users\pjoo6\.vscode\extensions\redhat.java-1.56.0-win32-x64\jre\21.0.12.1-win32-x86_64\bin\management_ext.dll
Event: 358.461 Attempting to load shared library C:\Users\pjoo6\.vscode\extensions\redhat.java-1.56.0-win32-x64\jre\21.0.12.1-win32-x86_64\bin\extnet.dll
Event: 358.463 Loaded shared library C:\Users\pjoo6\.vscode\extensions\redhat.java-1.56.0-win32-x64\jre\21.0.12.1-win32-x86_64\bin\extnet.dll
Event: 702.824 Attempting to load shared library C:\Users\pjoo6\.vscode\extensions\redhat.java-1.56.0-win32-x64\jre\21.0.12.1-win32-x86_64\bin\sunmscapi.dll
Event: 703.087 Loaded shared library C:\Users\pjoo6\.vscode\extensions\redhat.java-1.56.0-win32-x64\jre\21.0.12.1-win32-x86_64\bin\sunmscapi.dll

Deoptimization events (20 events):
Event: 15276.480 Thread 0x0000025047300630 DEOPT PACKING pc=0x0000025019fd46cf sp=0x0000006b3f7fe410
Event: 15276.480 Thread 0x0000025047300630 DEOPT UNPACKING pc=0x0000025020ed4bc2 sp=0x0000006b3f7fd970 mode 0
Event: 15276.480 Thread 0x0000025047300630 DEOPT PACKING pc=0x0000025019fd5dd1 sp=0x0000006b3f7fe480
Event: 15276.499 Thread 0x0000025047300630 DEOPT UNPACKING pc=0x0000025020ed4bc2 sp=0x0000006b3f7fd978 mode 0
Event: 15277.347 Thread 0x0000025047300630 DEOPT PACKING pc=0x0000025019fd46cf sp=0x0000006b3f7fe520
Event: 15277.347 Thread 0x0000025047300630 DEOPT UNPACKING pc=0x0000025020ed4bc2 sp=0x0000006b3f7fda80 mode 0
Event: 15277.347 Thread 0x0000025047300630 DEOPT PACKING pc=0x0000025019fd5dd1 sp=0x0000006b3f7fe590
Event: 15277.347 Thread 0x0000025047300630 DEOPT UNPACKING pc=0x0000025020ed4bc2 sp=0x0000006b3f7fda88 mode 0
Event: 15305.556 Thread 0x0000025042118ef0 Uncommon trap: trap_request=0xfffffff4 fr.pc=0x00000250215b4d00 relative=0x0000000000009960
Event: 15305.579 Thread 0x0000025042118ef0 Uncommon trap: reason=null_check action=make_not_entrant pc=0x00000250215b4d00 method=java.util.jar.JarFile.getManifestFromReference()Ljava/util/jar/Manifest; @ 14 c2
Event: 15305.580 Thread 0x0000025042118ef0 DEOPT PACKING pc=0x00000250215b4d00 sp=0x0000006b3fcfa690
Event: 15305.615 Thread 0x0000025042118ef0 DEOPT UNPACKING pc=0x0000025020ed4422 sp=0x0000006b3fcfa210 mode 2
Event: 15319.383 Thread 0x00000250421181d0 Uncommon trap: trap_request=0xffffffde fr.pc=0x000002502148b87c relative=0x0000000000001adc
Event: 15319.470 Thread 0x00000250421181d0 Uncommon trap: reason=class_check action=maybe_recompile pc=0x000002502148b87c method=java.util.HashMap.putVal(ILjava/lang/Object;Ljava/lang/Object;ZZ)Ljava/lang/Object; @ 91 c2
Event: 15319.470 Thread 0x00000250421181d0 DEOPT PACKING pc=0x000002502148b87c sp=0x0000006b3f3fed80
Event: 15319.549 Thread 0x00000250421181d0 DEOPT UNPACKING pc=0x0000025020ed4422 sp=0x0000006b3f3fec48 mode 2
Event: 15323.082 Thread 0x000002504211a930 Uncommon trap: trap_request=0xffffff45 fr.pc=0x000002502161ed08 relative=0x0000000000000128
Event: 15323.082 Thread 0x000002504211a930 Uncommon trap: reason=unstable_if action=reinterpret pc=0x000002502161ed08 method=java.util.concurrent.ThreadPoolExecutor.getTask()Ljava/lang/Runnable; @ 62 c2
Event: 15323.082 Thread 0x000002504211a930 DEOPT PACKING pc=0x000002502161ed08 sp=0x0000006b3f5feff0
Event: 15323.082 Thread 0x000002504211a930 DEOPT UNPACKING pc=0x0000025020ed4422 sp=0x0000006b3f5fef70 mode 2

Classes loaded (20 events):
Event: 761.854 Loading class java/util/stream/MatchOps$1MatchSink
Event: 761.855 Loading class java/util/stream/MatchOps$1MatchSink done
Event: 762.108 Loading class java/lang/TypeNotPresentException
Event: 762.108 Loading class java/lang/TypeNotPresentException done
Event: 762.659 Loading class java/util/ConcurrentModificationException
Event: 762.659 Loading class java/util/ConcurrentModificationException done
Event: 762.857 Loading class jdk/internal/org/objectweb/asm/ClassReader
Event: 762.858 Loading class jdk/internal/org/objectweb/asm/ClassReader done
Event: 762.931 Loading class sun/reflect/generics/scope/ConstructorScope
Event: 762.931 Loading class sun/reflect/generics/scope/ConstructorScope done
Event: 15243.887 Loading class java/util/concurrent/ArrayBlockingQueue
Event: 15249.725 Loading class java/util/concurrent/ArrayBlockingQueue done
Event: 15249.728 Loading class java/util/concurrent/locks/ReentrantLock$FairSync
Event: 15249.737 Loading class java/util/concurrent/locks/ReentrantLock$FairSync done
Event: 15271.439 Loading class sun/nio/ch/DatagramChannelImpl$DatagramPackets
Event: 15271.727 Loading class sun/nio/ch/DatagramChannelImpl$DatagramPackets done
Event: 15345.767 Loading class java/lang/Character$UnicodeBlock
Event: 15350.206 Loading class java/lang/Character$Subset
Event: 15350.267 Loading class java/lang/Character$Subset done
Event: 15350.268 Loading class java/lang/Character$UnicodeBlock done

Classes unloaded (0 events):
No events

Classes redefined (0 events):
No events

Internal exceptions (20 events):
Event: 363.087 Thread 0x0000025015191030 Exception <a 'java/lang/NoSuchMethodError'{0x00000000ed3cf488}: 'java.lang.Object java.lang.invoke.DirectMethodHandle$Holder.invokeStaticInit(java.lang.Object, java.lang.Object, int, int, int, int)'> (0x00000000ed3cf488) 
thrown [s\src\hotspot\share\interpreter\linkResolver.cpp, line 773]
Event: 363.263 Thread 0x0000025015191030 Exception <a 'java/lang/NoSuchMethodError'{0x00000000ed299788}: 'java.lang.Object java.lang.invoke.DirectMethodHandle$Holder.invokeStaticInit(java.lang.Object, int)'> (0x00000000ed299788) 
thrown [s\src\hotspot\share\interpreter\linkResolver.cpp, line 773]
Event: 546.283 Thread 0x0000025015191030 Implicit null exception at 0x000002502152fc77 to 0x0000025021530260
Event: 546.436 Thread 0x0000025015191030 Exception <a 'java/io/IOException'{0x00000000ecda6b68}> (0x00000000ecda6b68) 
thrown [s\src\hotspot\share\prims\jni.cpp, line 520]
Event: 547.966 Thread 0x0000025015191030 Implicit null exception at 0x000002502146d8a4 to 0x000002502146df04
Event: 548.103 Thread 0x0000025015191030 Exception <a 'java/lang/NoSuchMethodError'{0x00000000ecc1a680}: 'java.lang.Object java.lang.invoke.DirectMethodHandle$Holder.newInvokeSpecial(java.lang.Object, java.lang.Object, java.lang.Object, java.lang.Object, java.lang.Object)'> (0x00000000ecc1a680) 
thrown [s\src\hotspot\share\interpreter\linkResolver.cpp, line 773]
Event: 548.416 Thread 0x0000025015191030 Exception <a 'java/lang/NoSuchMethodError'{0x00000000ecc3d058}: 'void java.lang.invoke.DirectMethodHandle$Holder.invokeSpecial(java.lang.Object, java.lang.Object, java.lang.Object)'> (0x00000000ecc3d058) 
thrown [s\src\hotspot\share\interpreter\linkResolver.cpp, line 773]
Event: 720.493 Thread 0x0000025042118ef0 Exception <a 'java/lang/NoSuchMethodError'{0x00000000eb26a818}: 'java.lang.Object java.lang.invoke.DirectMethodHandle$Holder.invokeVirtual(java.lang.Object, java.lang.Object, java.lang.Object, java.lang.Object, java.lang.Object, java.lang.Object, java.lang.Object)'> (0x00000000eb26a818) 
thrown [s\src\hotspot\share\interpreter\linkResolver.cpp, line 773]
Event: 721.191 Thread 0x0000025042118ef0 Exception <a 'java/lang/NoSuchMethodError'{0x00000000eb18ade0}: 'long java.lang.invoke.DirectMethodHandle$Holder.invokeInterface(java.lang.Object, java.lang.Object)'> (0x00000000eb18ade0) 
thrown [s\src\hotspot\share\interpreter\linkResolver.cpp, line 773]
Event: 759.903 Thread 0x0000025042118ef0 Exception <a 'java/lang/NoSuchMethodError'{0x00000000eadd48c0}: 'void java.lang.invoke.DirectMethodHandle$Holder.invokeStatic(java.lang.Object, java.lang.Object)'> (0x00000000eadd48c0) 
thrown [s\src\hotspot\share\interpreter\linkResolver.cpp, line 773]
Event: 760.370 Thread 0x0000025042118ef0 Exception <a 'java/lang/NoSuchMethodError'{0x00000000eac21ca0}: 'java.lang.Object java.lang.invoke.DirectMethodHandle$Holder.invokeVirtual(java.lang.Object, java.lang.Object, java.lang.Object, java.lang.Object, java.lang.Object, java.lang.Object, java.lang.Object, java.lang.Object, java.lang.Object, java.lang.Object, java.lang.Object, java.lang.Object)'> (0x00000000eac21ca0) 
thrown [s\src\hotspot\share\interpreter\linkResolver.cpp, line 773]
Event: 760.374 Thread 0x0000025042118ef0 Exception <a 'java/lang/NoSuchMethodError'{0x00000000eac26cc8}: 'java.lang.Object java.lang.invoke.DirectMethodHandle$Holder.invokeSpecial(java.lang.Object, java.lang.Object, java.lang.Object, java.lang.Object, java.lang.Object, java.lang.Object, java.lang.Object, java.lang.Object, java.lang.Object, java.lang.Object, java.lang.Object, java.lang.Object, java.lang.Object)'> (0x00000000eac26cc8) 
thrown [s\src\hotspot\share\interpreter\linkResolver.cpp, line 773]
Event: 761.645 Thread 0x0000025042118ef0 Exception <a 'java/lang/NoSuchMethodError'{0x00000000ea942070}: 'void java.lang.invoke.DirectMethodHandle$Holder.invokeStatic(java.lang.Object, java.lang.Object, java.lang.Object, java.lang.Object)'> (0x00000000ea942070) 
thrown [s\src\hotspot\share\interpreter\linkResolver.cpp, line 773]
Event: 761.855 Thread 0x0000025042118ef0 Exception <a 'java/lang/NoSuchMethodError'{0x00000000ea9f8170}: 'int java.lang.invoke.DirectMethodHandle$Holder.invokeVirtual(java.lang.Object, java.lang.Object, java.lang.Object)'> (0x00000000ea9f8170) 
thrown [s\src\hotspot\share\interpreter\linkResolver.cpp, line 773]
Event: 762.467 Thread 0x0000025042118ef0 Exception <a 'java/lang/NoSuchMethodError'{0x00000000ea660e30}: 'java.lang.Object java.lang.invoke.DirectMethodHandle$Holder.newInvokeSpecial(java.lang.Object, java.lang.Object, java.lang.Object, java.lang.Object, java.lang.Object, java.lang.Object)'> (0x00000000ea660e30) 
thrown [s\src\hotspot\share\interpreter\linkResolver.cpp, line 773]
Event: 763.210 Thread 0x0000025042118ef0 Exception <a 'java/lang/NoSuchMethodError'{0x00000000ea4dbf08}: 'void java.lang.invoke.DelegatingMethodHandle$Holder.reinvoke_L(java.lang.Object, java.lang.Object, java.lang.Object, java.lang.Object, java.lang.Object, java.lang.Object, java.lang.Object, java.lang.Object, java.lang.Object, java.lang.Object)'> (0x00000000ea4dbf08) 
thrown [s\src\hotspot\share\interpreter\linkResolver.cpp, line 773]
Event: 763.210 Thread 0x0000025042118ef0 Exception <a 'java/lang/NoSuchMethodError'{0x00000000ea4e39e8}: 'java.lang.Object java.lang.invoke.Invokers$Holder.invoker(java.lang.Object, java.lang.Object, java.lang.Object, java.lang.Object, java.lang.Object, java.lang.Object, java.lang.Object, java.lang.Object, java.lang.Object, java.lang.Object)'> (0x00000000ea4e39e8) 
thrown [s\src\hotspot\share\interpreter\linkResolver.cpp, line 773]
Event: 15221.481 Thread 0x0000025042118ef0 Exception <a 'java/lang/NoSuchMethodError'{0x00000000ee2690c0}: 'java.lang.Object java.lang.invoke.DirectMethodHandle$Holder.newInvokeSpecial(java.lang.Object, java.lang.Object, java.lang.Object, java.lang.Object, java.lang.Object, java.lang.Object, java.lang.Object, java.lang.Object)'> (0x00000000ee2690c0) 
thrown [s\src\hotspot\share\interpreter\linkResolver.cpp, line 773]
Event: 15251.374 Thread 0x0000025042118ef0 Exception <a 'java/lang/NoSuchMethodError'{0x00000000ec1e10f0}: 'java.lang.Object java.lang.invoke.DirectMethodHandle$Holder.newInvokeSpecial(java.lang.Object, java.lang.Object, int)'> (0x00000000ec1e10f0) 
thrown [s\src\hotspot\share\interpreter\linkResolver.cpp, line 773]
Event: 15305.512 Thread 0x0000025042118ef0 Implicit null exception at 0x00000250215adc4d to 0x00000250215b4c54

ZGC Phase Switch (0 events):
No events

VM Operations (20 events):
Event: 15310.684 Executing safepoint VM operation: G1CollectForAllocation (G1 Evacuation Pause)
Event: 15311.120 Executing safepoint VM operation: G1CollectForAllocation (G1 Evacuation Pause) done
Event: 15311.563 Executing safepoint VM operation: G1CollectForAllocation (G1 Evacuation Pause)
Event: 15311.637 Executing safepoint VM operation: G1CollectForAllocation (G1 Evacuation Pause) done
Event: 15312.241 Executing safepoint VM operation: G1CollectForAllocation (G1 Evacuation Pause)
Event: 15312.313 Executing safepoint VM operation: G1CollectForAllocation (G1 Evacuation Pause) done
Event: 15312.813 Executing safepoint VM operation: G1CollectForAllocation (G1 Evacuation Pause)
Event: 15312.822 Executing safepoint VM operation: G1CollectForAllocation (G1 Evacuation Pause) done
Event: 15313.837 Executing safepoint VM operation: Cleanup
Event: 15313.910 Executing safepoint VM operation: Cleanup done
Event: 15320.240 Executing non-safepoint VM operation: HandshakeAllThreads (HandshakeForDeflation)
Event: 15328.259 Executing non-safepoint VM operation: HandshakeAllThreads (HandshakeForDeflation) done
Event: 15328.283 Executing non-safepoint VM operation: RendezvousGCThreads
Event: 15328.283 Executing non-safepoint VM operation: RendezvousGCThreads done
Event: 15337.331 Executing safepoint VM operation: Cleanup
Event: 15337.331 Executing safepoint VM operation: Cleanup done
Event: 15338.343 Executing safepoint VM operation: Cleanup
Event: 15339.015 Executing safepoint VM operation: Cleanup done
Event: 15353.139 Executing safepoint VM operation: Cleanup
Event: 15353.235 Executing safepoint VM operation: Cleanup done

Memory protections (0 events):
No events

Nmethod flushes (0 events):
No events

Events (20 events):
Event: 0.577 Thread 0x0000025015191030 Thread added: 0x0000025042026ea0
Event: 0.577 Thread 0x0000025015191030 Thread added: 0x0000025042027900
Event: 0.577 Thread 0x0000025015191030 Thread added: 0x0000025042028360
Event: 0.577 Thread 0x0000025015191030 Thread added: 0x00000250420290f0
Event: 0.577 Thread 0x0000025015191030 Thread added: 0x0000025042029b90
Event: 0.680 Thread 0x0000025015191030 Thread added: 0x00000250420b85f0
Event: 0.856 Thread 0x0000025015191030 Thread added: 0x0000025042249e90
Event: 349.917 Thread 0x0000025015191030 Thread added: 0x00000250426300b0
Event: 363.246 Thread 0x0000025015191030 Thread added: 0x00000250483b62b0
Event: 548.432 Thread 0x0000025015191030 Thread added: 0x0000025047300630
Event: 703.863 Thread 0x00000250483b62b0 Thread added: 0x0000025047b80ce0
Event: 704.231 Thread 0x0000025047b80ce0 Thread added: 0x00000250482453a0
Event: 704.995 Thread 0x0000025047b80ce0 Thread added: 0x0000025048f71c20
Event: 713.571 Thread 0x0000025047b80ce0 Thread added: 0x0000025042118ef0
Event: 715.500 Thread 0x0000025042118ef0 Thread added: 0x0000025042119580
Event: 715.848 Thread 0x0000025042118ef0 Thread added: 0x000002504211a2a0
Event: 716.258 Thread 0x0000025042118ef0 Thread added: 0x0000025042118860
Event: 15251.309 Thread 0x0000025042118ef0 Thread added: 0x000002504211afc0
Event: 15270.404 Thread 0x0000025042118ef0 Thread added: 0x00000250421181d0
Event: 15315.836 Thread 0x00000250421181d0 Thread added: 0x000002504211a930


Dynamic libraries:
0x00007ff7ad5d0000 - 0x00007ff7ad5de000 	C:\Users\pjoo6\.vscode\extensions\redhat.java-1.56.0-win32-x64\jre\21.0.12.1-win32-x86_64\bin\java.exe
0x00007ffe85b40000 - 0x00007ffe85da7000 	C:\WINDOWS\SYSTEM32\ntdll.dll
0x00007ffe83fa0000 - 0x00007ffe8406b000 	C:\WINDOWS\System32\KERNEL32.DLL
0x00007ffe83450000 - 0x00007ffe83852000 	C:\WINDOWS\System32\KERNELBASE.dll
0x00007ffe831a0000 - 0x00007ffe832ec000 	C:\WINDOWS\System32\ucrtbase.dll
0x00007ffe63b40000 - 0x00007ffe63b58000 	C:\Users\pjoo6\.vscode\extensions\redhat.java-1.56.0-win32-x64\jre\21.0.12.1-win32-x86_64\bin\jli.dll
0x00007ffe63b60000 - 0x00007ffe63b7e000 	C:\Users\pjoo6\.vscode\extensions\redhat.java-1.56.0-win32-x64\jre\21.0.12.1-win32-x86_64\bin\VCRUNTIME140.dll
0x00007ffe84370000 - 0x00007ffe8453f000 	C:\WINDOWS\System32\USER32.dll
0x00007ffe83170000 - 0x00007ffe83197000 	C:\WINDOWS\System32\win32u.dll
0x00007ffe84190000 - 0x00007ffe841bb000 	C:\WINDOWS\System32\GDI32.dll
0x00007ffe82eb0000 - 0x00007ffe82fd9000 	C:\WINDOWS\System32\gdi32full.dll
0x00007ffe82d40000 - 0x00007ffe82de3000 	C:\WINDOWS\System32\msvcp_win.dll
0x00007ffe59f50000 - 0x00007ffe5a1e0000 	C:\WINDOWS\WinSxS\amd64_microsoft.windows.common-controls_6595b64144ccf1df_6.0.26100.9278_none_3e0d1ba8e3303201\COMCTL32.dll
0x00007ffe847b0000 - 0x00007ffe84859000 	C:\WINDOWS\System32\msvcrt.dll
0x00007ffe841c0000 - 0x00007ffe841f1000 	C:\WINDOWS\System32\IMM32.DLL
0x00007ffe63b30000 - 0x00007ffe63b3c000 	C:\Users\pjoo6\.vscode\extensions\redhat.java-1.56.0-win32-x64\jre\21.0.12.1-win32-x86_64\bin\vcruntime140_1.dll
0x00007ffe63aa0000 - 0x00007ffe63b2d000 	C:\Users\pjoo6\.vscode\extensions\redhat.java-1.56.0-win32-x64\jre\21.0.12.1-win32-x86_64\bin\msvcp140.dll
0x00007ffdaaf20000 - 0x00007ffdabcc2000 	C:\Users\pjoo6\.vscode\extensions\redhat.java-1.56.0-win32-x64\jre\21.0.12.1-win32-x86_64\bin\server\jvm.dll
0x00007ffe83a90000 - 0x00007ffe83b4c000 	C:\WINDOWS\System32\ADVAPI32.dll
0x00007ffe84630000 - 0x00007ffe846d9000 	C:\WINDOWS\System32\sechost.dll
0x00007ffe84070000 - 0x00007ffe84188000 	C:\WINDOWS\System32\RPCRT4.dll
0x00007ffe849b0000 - 0x00007ffe84a30000 	C:\WINDOWS\System32\WS2_32.dll
0x00007ffe82ba0000 - 0x00007ffe82bfe000 	C:\WINDOWS\SYSTEM32\POWRPROF.dll
0x00007ffe77900000 - 0x00007ffe77936000 	C:\WINDOWS\SYSTEM32\WINMM.dll
0x00007ffe6dff0000 - 0x00007ffe6dffb000 	C:\WINDOWS\SYSTEM32\VERSION.dll
0x00007ffe82b80000 - 0x00007ffe82b95000 	C:\WINDOWS\SYSTEM32\UMPDC.dll
0x00007ffe81a10000 - 0x00007ffe81a2b000 	C:\WINDOWS\SYSTEM32\kernel.appcore.dll
0x00007ffe63a90000 - 0x00007ffe63a9a000 	C:\Users\pjoo6\.vscode\extensions\redhat.java-1.56.0-win32-x64\jre\21.0.12.1-win32-x86_64\bin\jimage.dll
0x00007ffe80280000 - 0x00007ffe804cc000 	C:\WINDOWS\SYSTEM32\DBGHELP.DLL
0x00007ffe83b60000 - 0x00007ffe83ee5000 	C:\WINDOWS\System32\combase.dll
0x00007ffe84550000 - 0x00007ffe84629000 	C:\WINDOWS\System32\OLEAUT32.dll
0x00007ffe58920000 - 0x00007ffe5895b000 	C:\WINDOWS\SYSTEM32\dbgcore.DLL
0x00007ffe83300000 - 0x00007ffe833ac000 	C:\WINDOWS\System32\bcryptPrimitives.dll
0x00007ffe5c060000 - 0x00007ffe5c06f000 	C:\Users\pjoo6\.vscode\extensions\redhat.java-1.56.0-win32-x64\jre\21.0.12.1-win32-x86_64\bin\instrument.dll
0x00007ffe638f0000 - 0x00007ffe63910000 	C:\Users\pjoo6\.vscode\extensions\redhat.java-1.56.0-win32-x64\jre\21.0.12.1-win32-x86_64\bin\java.dll
0x00007ffe84ba0000 - 0x00007ffe85338000 	C:\WINDOWS\System32\SHELL32.dll
0x00007ffe80770000 - 0x00007ffe8101e000 	C:\WINDOWS\SYSTEM32\windows.storage.dll
0x00007ffe84200000 - 0x00007ffe842fb000 	C:\WINDOWS\System32\SHCORE.dll
0x00007ffe84300000 - 0x00007ffe84366000 	C:\WINDOWS\System32\shlwapi.dll
0x00007ffe82c60000 - 0x00007ffe82c89000 	C:\WINDOWS\SYSTEM32\profapi.dll
0x00007ffe638d0000 - 0x00007ffe638e8000 	C:\Users\pjoo6\.vscode\extensions\redhat.java-1.56.0-win32-x64\jre\21.0.12.1-win32-x86_64\bin\zip.dll
0x00007ffe63a80000 - 0x00007ffe63a90000 	C:\Users\pjoo6\.vscode\extensions\redhat.java-1.56.0-win32-x64\jre\21.0.12.1-win32-x86_64\bin\net.dll
0x00007ffe76d70000 - 0x00007ffe76e9a000 	C:\WINDOWS\SYSTEM32\WINHTTP.dll
0x00007ffe81fd0000 - 0x00007ffe8203c000 	C:\WINDOWS\system32\mswsock.dll
0x00007ffe63820000 - 0x00007ffe63836000 	C:\Users\pjoo6\.vscode\extensions\redhat.java-1.56.0-win32-x64\jre\21.0.12.1-win32-x86_64\bin\nio.dll
0x00007ffe5c1d0000 - 0x00007ffe5c1e0000 	C:\Users\pjoo6\.vscode\extensions\redhat.java-1.56.0-win32-x64\jre\21.0.12.1-win32-x86_64\bin\verify.dll
0x00007ffe5c1f0000 - 0x00007ffe5c217000 	C:\Users\pjoo6\.gradle\native\660c5614fbf4a5f2a75b1949f50a0caf5cd603558e7d8a26e50b933a0cfb79d1\windows-amd64\native-platform.dll
0x00007ffe25f70000 - 0x00007ffe25fe7000 	C:\Users\pjoo6\.gradle\native\0.2.8\x86_64-windows-gnu\gradle-fileevents.dll
0x00007ffe5c1e0000 - 0x00007ffe5c1ea000 	C:\Users\pjoo6\.vscode\extensions\redhat.java-1.56.0-win32-x64\jre\21.0.12.1-win32-x86_64\bin\management.dll
0x00007ffe5c130000 - 0x00007ffe5c13c000 	C:\Users\pjoo6\.vscode\extensions\redhat.java-1.56.0-win32-x64\jre\21.0.12.1-win32-x86_64\bin\management_ext.dll
0x00007ffe85400000 - 0x00007ffe85408000 	C:\WINDOWS\System32\PSAPI.DLL
0x00007ffe81390000 - 0x00007ffe813c3000 	C:\WINDOWS\SYSTEM32\IPHLPAPI.DLL
0x00007ffe847a0000 - 0x00007ffe847aa000 	C:\WINDOWS\System32\NSI.dll
0x00007ffe63d20000 - 0x00007ffe63d29000 	C:\Users\pjoo6\.vscode\extensions\redhat.java-1.56.0-win32-x64\jre\21.0.12.1-win32-x86_64\bin\extnet.dll
0x00007ffe822e0000 - 0x00007ffe822fb000 	C:\WINDOWS\SYSTEM32\CRYPTSP.dll
0x00007ffe81970000 - 0x00007ffe819a9000 	C:\WINDOWS\system32\rsaenh.dll
0x00007ffe82080000 - 0x00007ffe820b4000 	C:\WINDOWS\SYSTEM32\USERENV.dll
0x00007ffe82c30000 - 0x00007ffe82c5a000 	C:\WINDOWS\SYSTEM32\bcrypt.dll
0x00007ffe822c0000 - 0x00007ffe822cc000 	C:\WINDOWS\SYSTEM32\CRYPTBASE.dll
0x00007ffe3a480000 - 0x00007ffe3a48e000 	C:\Users\pjoo6\.vscode\extensions\redhat.java-1.56.0-win32-x64\jre\21.0.12.1-win32-x86_64\bin\sunmscapi.dll
0x00007ffe82fe0000 - 0x00007ffe8315e000 	C:\WINDOWS\System32\CRYPT32.dll
0x00007ffe82500000 - 0x00007ffe82530000 	C:\WINDOWS\SYSTEM32\ncrypt.dll
0x00007ffe824b0000 - 0x00007ffe824ef000 	C:\WINDOWS\SYSTEM32\NTASN1.dll
0x00007ffe50a60000 - 0x00007ffe50a68000 	C:\WINDOWS\system32\wshunix.dll

JVMTI agents:
C:\Users\pjoo6\.gradle\wrapper\dists\gradle-9.7.1-bin\1w1c7tv4s851m17nbqdsro2tv\gradle-9.7.1\lib\agents\gradle-instrumentation-agent-9.7.1.jar path:C:\Users\pjoo6\.vscode\extensions\redhat.java-1.56.0-win32-x64\jre\21.0.12.1-win32-x86_64\bin\instrument.dll, loaded, initialized, instrumentlib options:none

dbghelp: loaded successfully - version: 4.0.5 - missing functions: none
symbol engine: initialized successfully - sym options: 0x614 - pdb path: .;C:\Users\pjoo6\.vscode\extensions\redhat.java-1.56.0-win32-x64\jre\21.0.12.1-win32-x86_64\bin;C:\WINDOWS\SYSTEM32;C:\WINDOWS\WinSxS\amd64_microsoft.windows.common-controls_6595b64144ccf1df_6.0.26100.9278_none_3e0d1ba8e3303201;C:\Users\pjoo6\.vscode\extensions\redhat.java-1.56.0-win32-x64\jre\21.0.12.1-win32-x86_64\bin\server;C:\Users\pjoo6\.gradle\native\660c5614fbf4a5f2a75b1949f50a0caf5cd603558e7d8a26e50b933a0cfb79d1\windows-amd64;C:\Users\pjoo6\.gradle\native\0.2.8\x86_64-windows-gnu

VM Arguments:
jvm_args: --add-opens=java.base/java.lang=ALL-UNNAMED --add-opens=java.base/java.lang.invoke=ALL-UNNAMED --add-opens=java.base/java.util=ALL-UNNAMED --add-opens=java.prefs/java.util.prefs=ALL-UNNAMED --add-exports=jdk.compiler/com.sun.tools.javac.api=ALL-UNNAMED --add-exports=jdk.compiler/com.sun.tools.javac.util=ALL-UNNAMED --add-opens=java.base/java.nio.charset=ALL-UNNAMED --add-opens=java.base/java.net=ALL-UNNAMED --add-opens=java.base/java.util.concurrent=ALL-UNNAMED --add-opens=java.base/java.util.concurrent.atomic=ALL-UNNAMED --add-opens=java.xml/javax.xml.namespace=ALL-UNNAMED --add-opens=java.base/java.time=ALL-UNNAMED -XX:MaxMetaspaceSize=384m -XX:+HeapDumpOnOutOfMemoryError -Xms256m -Xmx512m -Dfile.encoding=UTF-8 -Duser.country=KR -Duser.language=ko -Duser.variant -javaagent:C:\Users\pjoo6\.gradle\wrapper\dists\gradle-9.7.1-bin\1w1c7tv4s851m17nbqdsro2tv\gradle-9.7.1\lib\agents\gradle-instrumentation-agent-9.7.1.jar 
java_command: org.gradle.launcher.daemon.bootstrap.GradleDaemon 9.7.1
java_class_path (initial): C:\Users\pjoo6\.gradle\wrapper\dists\gradle-9.7.1-bin\1w1c7tv4s851m17nbqdsro2tv\gradle-9.7.1\lib\gradle-daemon-main-9.7.1.jar
Launcher Type: SUN_STANDARD

[Global flags]
     intx CICompilerCount                          = 4                                         {product} {ergonomic}
   size_t CompressedClassSpaceSize                 = 335544320                                 {product} {ergonomic}
     uint ConcGCThreads                            = 3                                         {product} {ergonomic}
     uint G1ConcRefinementThreads                  = 10                                        {product} {ergonomic}
   size_t G1HeapRegionSize                         = 1048576                                   {product} {ergonomic}
    uintx GCDrainStackTargetSize                   = 64                                        {product} {ergonomic}
     bool HeapDumpOnOutOfMemoryError               = true                                   {manageable} {command line}
   size_t InitialHeapSize                          = 268435456                                 {product} {command line}
   size_t MarkStackSize                            = 4194304                                   {product} {ergonomic}
   size_t MaxHeapSize                              = 536870912                                 {product} {command line}
   size_t MaxMetaspaceSize                         = 402653184                                 {product} {command line}
   size_t MaxNewSize                               = 321912832                                 {product} {ergonomic}
   size_t MinHeapDeltaBytes                        = 1048576                                   {product} {ergonomic}
   size_t MinHeapSize                              = 268435456                                 {product} {command line}
    uintx NonNMethodCodeHeapSize                   = 5839372                                {pd product} {ergonomic}
    uintx NonProfiledCodeHeapSize                  = 122909434                              {pd product} {ergonomic}
    uintx ProfiledCodeHeapSize                     = 122909434                              {pd product} {ergonomic}
    uintx ReservedCodeCacheSize                    = 251658240                              {pd product} {ergonomic}
     bool SegmentedCodeCache                       = true                                      {product} {ergonomic}
   size_t SoftMaxHeapSize                          = 536870912                              {manageable} {ergonomic}
     bool UseCompressedOops                        = true                           {product lp64_product} {ergonomic}
     bool UseG1GC                                  = true                                      {product} {ergonomic}
     bool UseLargePagesIndividualAllocation        = false                                  {pd product} {ergonomic}

Logging:
Log output configuration:
 #0: stdout all=warning uptime,level,tags foldmultilines=false
 #1: stderr all=off uptime,level,tags foldmultilines=false

Release file:
JAVA_VERSION="21.0.12.1" 
MODULES="java.base java.compiler java.datatransfer java.xml java.prefs java.desktop java.instrument java.logging java.management java.security.sasl java.naming java.rmi java.management.rmi java.net.http java.scripting java.security.jgss java.transaction.xa java.sql java.sql.rowset java.xml.crypto java.se java.smartcardio jdk.accessibility jdk.internal.jvmstat jdk.attach jdk.charsets jdk.internal.opt jdk.zipfs jdk.compiler jdk.crypto.ec jdk.crypto.cryptoki jdk.crypto.mscapi jdk.dynalink jdk.internal.ed jdk.editpad jdk.hotspot.agent jdk.httpserver jdk.internal.le jdk.internal.vm.ci jdk.internal.vm.compiler jdk.internal.vm.compiler.management jdk.jartool jdk.javadoc jdk.jcmd jdk.management jdk.management.agent jdk.jconsole jdk.jdeps jdk.jdwp.agent jdk.jdi jdk.jfr jdk.jshell jdk.jsobject jdk.jstatd jdk.localedata jdk.management.jfr jdk.naming.dns jdk.naming.rmi jdk.net jdk.nio.mapmode jdk.random jdk.sctp jdk.security.auth jdk.security.jgss jdk.unsupported jdk.unsupported.desktop jdk.xml.dom" 

Environment Variables:
JAVA_HOME=C:\Program Files\Eclipse Adoptium\jdk-21.0.12.101-hotspot\
PATH=C:\Program Files\Eclipse Adoptium\jdk-21.0.12.101-hotspot\bin;C:\Program Files\Common Files\Oracle\Java\javapath;C:\windows\system32;C:\windows;C:\windows\System32\Wbem;C:\windows\System32\WindowsPowerShell\v1.0\;C:\windows\System32\OpenSSH\;C:\WINDOWS\system32;C:\WINDOWS;C:\WINDOWS\System32\Wbem;C:\WINDOWS\System32\WindowsPowerShell\v1.0\;C:\WINDOWS\System32\OpenSSH\;C:\Program Files (x86)\IncrediBuild;C:\Program Files\Git\cmd;C:\Program Files\dotnet\;C:\Program Files\nodejs\;C:\Program Files (x86)\cloudflared\;C:\Users\pjoo6\AppData\Local\Programs\Python\Python39\Scripts\;C:\Users\pjoo6\AppData\Local\Programs\Python\Python39\;C:\Users\pjoo6\AppData\Local\Microsoft\WindowsApps;C:\Users\pjoo6\OneDrive\πŸ≈¡ »≠∏È\opencv\build\x64\vc15\bin;C:\Users\pjoo6\AppData\Local\Programs\Microsoft VS Code\bin;C:\Users\pjoo6\AppData\Roaming\npm
USERNAME=pjoo6
OS=Windows_NT
PROCESSOR_IDENTIFIER=Intel64 Family 6 Model 186 Stepping 3, GenuineIntel
TMP=C:\Users\pjoo6\AppData\Local\Temp
TEMP=C:\Users\pjoo6\AppData\Local\Temp




Periodic native trim disabled

---------------  S Y S T E M  ---------------

OS:
 Windows 11 , 64 bit Build 26100 (10.0.26100.9444)
OS uptime: 0 days 5:12 hours
Hyper-V role detected

CPU: total 12 (initial active 12) (6 cores per cpu, 2 threads per core) family 6 model 186 stepping 3 microcode 0x6134, cx8, cmov, fxsr, ht, mmx, 3dnowpref, sse, sse2, sse3, ssse3, sse4.1, sse4.2, popcnt, lzcnt, tsc, tscinvbit, avx, avx2, aes, erms, clmul, bmi1, bmi2, adx, sha, fma, vzeroupper, clflush, clflushopt, clwb, hv, serialize, rdtscp, rdpid, fsrm, f16c, cet_ibt, cet_ss
Processor Information for the first 12 processors :
  Max Mhz: 1300, Current Mhz: 1300, Mhz Limit: 1300

Memory: 4k page, system-wide physical 16027M (409M free)
TotalPageFile size 65179M (AvailPageFile size 5M)
current process WorkingSet (physical memory assigned to process): 39M, peak: 120M
current process commit charge ("private bytes"): 596M, peak: 597M

vm_info: OpenJDK 64-Bit Server VM (21.0.12.1+1-LTS) for windows-amd64 JRE (21.0.12.1+1-LTS), built on 2026-08-18T00:00:00Z by "admin" with MS VC++ 17.12 (VS2022)

END.
